2026-03-11T00:06:18.328+05:30  INFO 28656 --- [SpringApplicationShutdownHook] j.LocalContainerEntityManagerFactoryBean : Closing JPA EntityManagerFactory for persistence unit 'default'
2026-03-11T00:06:18.789+05:30  INFO 28656 --- [SpringApplicationShutdownHook] com.zaxxer.hikari.HikariDataSource       : SmartSchoolHikariPool - Shutdown initiated...
2026-03-11T00:06:18.800+05:30  INFO 28656 --- [SpringApplicationShutdownHook] com.zaxxer.hikari.HikariDataSource       : SmartSchoolHikariPool - Shutdown completed.
2026-03-11T00:06:32.955+05:30  INFO 29240 --- [main] c.smartschool.api.SmsBackendApplication  : Starting SmsBackendApplication using Java 21.0.9 with PID 29240 (C:\smart-school-pro\sms-backend\sms-backend\target\classes started by nikun in C:\smart-school-pro\sms-backend)
2026-03-11T00:06:32.957+05:30  INFO 29240 --- [main] c.smartschool.api.SmsBackendApplication  : No active profile set, falling back to 1 default profile: "default"
2026-03-11T00:06:34.127+05:30  INFO 29240 --- [main] .s.d.r.c.RepositoryConfigurationDelegate : Bootstrapping Spring Data JPA repositories in DEFAULT mode.
2026-03-11T00:06:34.280+05:30  INFO 29240 --- [main] .s.d.r.c.RepositoryConfigurationDelegate : Finished Spring Data repository scanning in 142 ms. Found 18 JPA repository interfaces.
2026-03-11T00:06:35.137+05:30  INFO 29240 --- [main] o.s.b.w.embedded.tomcat.TomcatWebServer  : Tomcat initialized with port 8080 (http)
2026-03-11T00:06:35.152+05:30  INFO 29240 --- [main] o.apache.catalina.core.StandardService   : Starting service [Tomcat]
2026-03-11T00:06:35.152+05:30  INFO 29240 --- [main] o.apache.catalina.core.StandardEngine    : Starting Servlet engine: [Apache Tomcat/10.1.19]
2026-03-11T00:06:35.233+05:30  INFO 29240 --- [main] o.a.c.c.C.[Tomcat].[localhost].[/]       : Initializing Spring embedded WebApplicationContext
2026-03-11T00:06:35.233+05:30  INFO 29240 --- [main] w.s.c.ServletWebServerApplicationContext : Root WebApplicationContext: initialization completed in 2205 ms
2026-03-11T00:06:35.437+05:30  INFO 29240 --- [main] o.hibernate.jpa.internal.util.LogHelper  : HHH000204: Processing PersistenceUnitInfo [name: default]
2026-03-11T00:06:35.515+05:30  INFO 29240 --- [main] org.hibernate.Version                    : HHH000412: Hibernate ORM core version 6.4.4.Final
2026-03-11T00:06:35.562+05:30  INFO 29240 --- [main] o.h.c.internal.RegionFactoryInitiator    : HHH000026: Second-level cache disabled
2026-03-11T00:06:35.835+05:30  INFO 29240 --- [main] o.s.o.j.p.SpringPersistenceUnitInfo      : No LoadTimeWeaver setup: ignoring JPA class transformer
2026-03-11T00:06:35.881+05:30  INFO 29240 --- [main] com.zaxxer.hikari.HikariDataSource       : SmartSchoolHikariPool - Starting...
2026-03-11T00:06:36.116+05:30  INFO 29240 --- [main] com.zaxxer.hikari.pool.HikariPool        : SmartSchoolHikariPool - Added connection com.mysql.cj.jdbc.ConnectionImpl@58e03769
2026-03-11T00:06:36.118+05:30  INFO 29240 --- [main] com.zaxxer.hikari.HikariDataSource       : SmartSchoolHikariPool - Start completed.
2026-03-11T00:06:36.202+05:30  WARN 29240 --- [main] org.hibernate.orm.deprecation            : HHH90000025: MySQL8Dialect does not need to be specified explicitly using 'hibernate.dialect' (remove the property setting and it will be selected by default)
2026-03-11T00:06:36.202+05:30  WARN 29240 --- [main] org.hibernate.orm.deprecation            : HHH90000026: MySQL8Dialect has been deprecated; use org.hibernate.dialect.MySQLDialect instead
2026-03-11T00:06:37.625+05:30  INFO 29240 --- [main] o.h.e.t.j.p.i.JtaPlatformInitiator       : HHH000489: No JTA platform available (set 'hibernate.transaction.jta.platform' to enable JTA platform integration)
2026-03-11T00:06:38.056+05:30  INFO 29240 --- [main] j.LocalContainerEntityManagerFactoryBean : Initialized JPA EntityManagerFactory for persistence unit 'default'
2026-03-11T00:06:38.463+05:30  INFO 29240 --- [main] o.s.d.j.r.query.QueryEnhancerFactory     : Hibernate is in classpath; If applicable, HQL parser will be used.
2026-03-11T00:06:39.761+05:30  WARN 29240 --- [main] JpaBaseConfiguration$JpaWebConfiguration : spring.jpa.open-in-view is enabled by default. Therefore, database queries may be performed during view rendering. Explicitly configure spring.jpa.open-in-view to disable this warning
2026-03-11T00:06:39.791+05:30  WARN 29240 --- [main] .s.s.UserDetailsServiceAutoConfiguration : 

Using generated security password: 5592875d-328a-454e-b42e-764af874b082

This generated password is for development use only. Your security configuration must be updated before running your application in production.

2026-03-11T00:06:40.383+05:30  INFO 29240 --- [main] o.s.s.web.DefaultSecurityFilterChain     : Will secure any request with [org.springframework.security.web.session.DisableEncodeUrlFilter@49136fb, org.springframework.security.web.context.request.async.WebAsyncManagerIntegrationFilter@6dc4b990, org.springframework.security.web.context.SecurityContextHolderFilter@6f9de548, org.springframework.security.web.header.HeaderWriterFilter@747bf7a, org.springframework.web.filter.CorsFilter@4e74adb, org.springframework.security.web.authentication.logout.LogoutFilter@3f02095, org.springframework.security.web.savedrequest.RequestCacheAwareFilter@1c3577ec, org.springframework.security.web.servletapi.SecurityContextHolderAwareRequestFilter@53a15397, org.springframework.security.web.authentication.AnonymousAuthenticationFilter@3d18bdb3, org.springframework.security.web.session.SessionManagementFilter@42c82f73, org.springframework.security.web.access.ExceptionTranslationFilter@125dcfe1, org.springframework.security.web.access.intercept.AuthorizationFilter@7e22f3da]
2026-03-11T00:06:40.606+05:30  INFO 29240 --- [main] o.s.b.w.embedded.tomcat.TomcatWebServer  : Tomcat started on port 8080 (http) with context path ''
2026-03-11T00:06:40.617+05:30  INFO 29240 --- [main] c.smartschool.api.SmsBackendApplication  : Started SmsBackendApplication in 8.238 seconds (process running for 10.013)
2026-03-11T00:07:25.790+05:30  INFO 29240 --- [http-nio-8080-exec-2] o.a.c.c.C.[Tomcat].[localhost].[/]       : Initializing Spring DispatcherServlet 'dispatcherServlet'
2026-03-11T00:07:25.790+05:30  INFO 29240 --- [http-nio-8080-exec-2] o.s.web.servlet.DispatcherServlet        : Initializing Servlet 'dispatcherServlet'
2026-03-11T00:07:25.792+05:30  INFO 29240 --- [http-nio-8080-exec-2] o.s.web.servlet.DispatcherServlet        : Completed initialization in 2 ms
2026-03-11T00:07:25.837+05:30 ERROR 29240 --- [http-nio-8080-exec-2] c.s.a.exception.GlobalExceptionHandler   : Unexpected error: Request method 'GET' is not supported

org.springframework.web.HttpRequestMethodNotSupportedException: Request method 'GET' is not supported
	at org.springframework.web.servlet.mvc.method.RequestMappingInfoHandlerMapping.handleNoMatch(RequestMappingInfoHandlerMapping.java:265) ~[spring-webmvc-6.1.4.jar:6.1.4]
	at org.springframework.web.servlet.handler.AbstractHandlerMethodMapping.lookupHandlerMethod(AbstractHandlerMethodMapping.java:441) ~[spring-webmvc-6.1.4.jar:6.1.4]
	at org.springframework.web.servlet.handler.AbstractHandlerMethodMapping.getHandlerInternal(AbstractHandlerMethodMapping.java:382) ~[spring-webmvc-6.1.4.jar:6.1.4]
	at org.springframework.web.servlet.mvc.method.RequestMappingInfoHandlerMapping.getHandlerInternal(RequestMappingInfoHandlerMapping.java:126) ~[spring-webmvc-6.1.4.jar:6.1.4]
	at org.springframework.web.servlet.mvc.method.RequestMappingInfoHandlerMapping.getHandlerInternal(RequestMappingInfoHandlerMapping.java:68) ~[spring-webmvc-6.1.4.jar:6.1.4]
	at org.springframework.web.servlet.handler.AbstractHandlerMapping.getHandler(AbstractHandlerMapping.java:507) ~[spring-webmvc-6.1.4.jar:6.1.4]
	at org.springframework.web.servlet.DispatcherServlet.getHandler(DispatcherServlet.java:1283) ~[spring-webmvc-6.1.4.jar:6.1.4]
	at org.springframework.web.servlet.DispatcherServlet.doDispatch(DispatcherServlet.java:1065) ~[spring-webmvc-6.1.4.jar:6.1.4]
	at org.springframework.web.servlet.DispatcherServlet.doService(DispatcherServlet.java:979) ~[spring-webmvc-6.1.4.jar:6.1.4]
	at org.springframework.web.servlet.FrameworkServlet.processRequest(FrameworkServlet.java:1014) ~[spring-webmvc-6.1.4.jar:6.1.4]
	at org.springframework.web.servlet.FrameworkServlet.doGet(FrameworkServlet.java:903) ~[spring-webmvc-6.1.4.jar:6.1.4]
	at jakarta.servlet.http.HttpServlet.service(HttpServlet.java:564) ~[tomcat-embed-core-10.1.19.jar:6.0]
	at org.springframework.web.servlet.FrameworkServlet.service(FrameworkServlet.java:885) ~[spring-webmvc-6.1.4.jar:6.1.4]
	at jakarta.servlet.http.HttpServlet.service(HttpServlet.java:658) ~[tomcat-embed-core-10.1.19.jar:6.0]
	at org.apache.catalina.core.ApplicationFilterChain.internalDoFilter(ApplicationFilterChain.java:205) ~[tomcat-embed-core-10.1.19.jar:10.1.19]
	at org.apache.catalina.core.ApplicationFilterChain.doFilter(ApplicationFilterChain.java:149) ~[tomcat-embed-core-10.1.19.jar:10.1.19]
	at org.apache.tomcat.websocket.server.WsFilter.doFilter(WsFilter.java:51) ~[tomcat-embed-websocket-10.1.19.jar:10.1.19]
	at org.apache.catalina.core.ApplicationFilterChain.internalDoFilter(ApplicationFilterChain.java:174) ~[tomcat-embed-core-10.1.19.jar:10.1.19]
	at org.apache.catalina.core.ApplicationFilterChain.doFilter(ApplicationFilterChain.java:149) ~[tomcat-embed-core-10.1.19.jar:10.1.19]
	at org.springframework.web.filter.CompositeFilter$VirtualFilterChain.doFilter(CompositeFilter.java:108) ~[spring-web-6.1.4.jar:6.1.4]
	at org.springframework.security.web.FilterChainProxy.lambda$doFilterInternal$3(FilterChainProxy.java:231) ~[spring-security-web-6.2.2.jar:6.2.2]
	at org.springframework.security.web.FilterChainProxy$VirtualFilterChain.doFilter(FilterChainProxy.java:365) ~[spring-security-web-6.2.2.jar:6.2.2]
	at org.springframework.security.web.access.intercept.AuthorizationFilter.doFilter(AuthorizationFilter.java:100) ~[spring-security-web-6.2.2.jar:6.2.2]
	at org.springframework.security.web.FilterChainProxy$VirtualFilterChain.doFilter(FilterChainProxy.java:374) ~[spring-security-web-6.2.2.jar:6.2.2]
	at org.springframework.security.web.access.ExceptionTranslationFilter.doFilter(ExceptionTranslationFilter.java:126) ~[spring-security-web-6.2.2.jar:6.2.2]
	at org.springframework.security.web.access.ExceptionTranslationFilter.doFilter(ExceptionTranslationFilter.java:120) ~[spring-security-web-6.2.2.jar:6.2.2]
	at org.springframework.security.web.FilterChainProxy$VirtualFilterChain.doFilter(FilterChainProxy.java:374) ~[spring-security-web-6.2.2.jar:6.2.2]
	at org.springframework.security.web.session.SessionManagementFilter.doFilter(SessionManagementFilter.java:131) ~[spring-security-web-6.2.2.jar:6.2.2]
	at org.springframework.security.web.session.SessionManagementFilter.doFilter(SessionManagementFilter.java:85) ~[spring-security-web-6.2.2.jar:6.2.2]
	at org.springframework.security.web.FilterChainProxy$VirtualFilterChain.doFilter(FilterChainProxy.java:374) ~[spring-security-web-6.2.2.jar:6.2.2]
	at org.springframework.security.web.authentication.AnonymousAuthenticationFilter.doFilter(AnonymousAuthenticationFilter.java:100) ~[spring-security-web-6.2.2.jar:6.2.2]
	at org.springframework.security.web.FilterChainProxy$VirtualFilterChain.doFilter(FilterChainProxy.java:374) ~[spring-security-web-6.2.2.jar:6.2.2]
	at org.springframework.security.web.servletapi.SecurityContextHolderAwareRequestFilter.doFilter(SecurityContextHolderAwareRequestFilter.java:179) ~[spring-security-web-6.2.2.jar:6.2.2]
	at org.springframework.security.web.FilterChainProxy$VirtualFilterChain.doFilter(FilterChainProxy.java:374) ~[spring-security-web-6.2.2.jar:6.2.2]
	at org.springframework.security.web.savedrequest.RequestCacheAwareFilter.doFilter(RequestCacheAwareFilter.java:63) ~[spring-security-web-6.2.2.jar:6.2.2]
	at org.springframework.security.web.FilterChainProxy$VirtualFilterChain.doFilter(FilterChainProxy.java:374) ~[spring-security-web-6.2.2.jar:6.2.2]
	at org.springframework.security.web.authentication.logout.LogoutFilter.doFilter(LogoutFilter.java:107) ~[spring-security-web-6.2.2.jar:6.2.2]
	at org.springframework.security.web.authentication.logout.LogoutFilter.doFilter(LogoutFilter.java:93) ~[spring-security-web-6.2.2.jar:6.2.2]
	at org.springframework.security.web.FilterChainProxy$VirtualFilterChain.doFilter(FilterChainProxy.java:374) ~[spring-security-web-6.2.2.jar:6.2.2]
	at org.springframework.web.filter.CorsFilter.doFilterInternal(CorsFilter.java:91) ~[spring-web-6.1.4.jar:6.1.4]
	at org.springframework.web.filter.OncePerRequestFilter.doFilter(OncePerRequestFilter.java:116) ~[spring-web-6.1.4.jar:6.1.4]
	at org.springframework.security.web.FilterChainProxy$VirtualFilterChain.doFilter(FilterChainProxy.java:374) ~[spring-security-web-6.2.2.jar:6.2.2]
	at org.springframework.security.web.header.HeaderWriterFilter.doHeadersAfter(HeaderWriterFilter.java:90) ~[spring-security-web-6.2.2.jar:6.2.2]
	at org.springframework.security.web.header.HeaderWriterFilter.doFilterInternal(HeaderWriterFilter.java:75) ~[spring-security-web-6.2.2.jar:6.2.2]
	at org.springframework.web.filter.OncePerRequestFilter.doFilter(OncePerRequestFilter.java:116) ~[spring-web-6.1.4.jar:6.1.4]
	at org.springframework.security.web.FilterChainProxy$VirtualFilterChain.doFilter(FilterChainProxy.java:374) ~[spring-security-web-6.2.2.jar:6.2.2]
	at org.springframework.security.web.context.SecurityContextHolderFilter.doFilter(SecurityContextHolderFilter.java:82) ~[spring-security-web-6.2.2.jar:6.2.2]
	at org.springframework.security.web.context.SecurityContextHolderFilter.doFilter(SecurityContextHolderFilter.java:69) ~[spring-security-web-6.2.2.jar:6.2.2]
	at org.springframework.security.web.FilterChainProxy$VirtualFilterChain.doFilter(FilterChainProxy.java:374) ~[spring-security-web-6.2.2.jar:6.2.2]
	at org.springframework.security.web.context.request.async.WebAsyncManagerIntegrationFilter.doFilterInternal(WebAsyncManagerIntegrationFilter.java:62) ~[spring-security-web-6.2.2.jar:6.2.2]
	at org.springframework.web.filter.OncePerRequestFilter.doFilter(OncePerRequestFilter.java:116) ~[spring-web-6.1.4.jar:6.1.4]
	at org.springframework.security.web.FilterChainProxy$VirtualFilterChain.doFilter(FilterChainProxy.java:374) ~[spring-security-web-6.2.2.jar:6.2.2]
	at org.springframework.security.web.session.DisableEncodeUrlFilter.doFilterInternal(DisableEncodeUrlFilter.java:42) ~[spring-security-web-6.2.2.jar:6.2.2]
	at org.springframework.web.filter.OncePerRequestFilter.doFilter(OncePerRequestFilter.java:116) ~[spring-web-6.1.4.jar:6.1.4]
	at org.springframework.security.web.FilterChainProxy$VirtualFilterChain.doFilter(FilterChainProxy.java:374) ~[spring-security-web-6.2.2.jar:6.2.2]
	at org.springframework.security.web.FilterChainProxy.doFilterInternal(FilterChainProxy.java:233) ~[spring-security-web-6.2.2.jar:6.2.2]
	at org.springframework.security.web.FilterChainProxy.doFilter(FilterChainProxy.java:191) ~[spring-security-web-6.2.2.jar:6.2.2]
	at org.springframework.web.filter.CompositeFilter$VirtualFilterChain.doFilter(CompositeFilter.java:113) ~[spring-web-6.1.4.jar:6.1.4]
	at org.springframework.web.servlet.handler.HandlerMappingIntrospector.lambda$createCacheFilter$3(HandlerMappingIntrospector.java:195) ~[spring-webmvc-6.1.4.jar:6.1.4]
	at org.springframework.web.filter.CompositeFilter$VirtualFilterChain.doFilter(CompositeFilter.java:113) ~[spring-web-6.1.4.jar:6.1.4]
	at org.springframework.web.filter.CompositeFilter.doFilter(CompositeFilter.java:74) ~[spring-web-6.1.4.jar:6.1.4]
	at org.springframework.security.config.annotation.web.configuration.WebMvcSecurityConfiguration$CompositeFilterChainProxy.doFilter(WebMvcSecurityConfiguration.java:230) ~[spring-security-config-6.2.2.jar:6.2.2]
	at org.springframework.web.filter.DelegatingFilterProxy.invokeDelegate(DelegatingFilterProxy.java:352) ~[spring-web-6.1.4.jar:6.1.4]
	at org.springframework.web.filter.DelegatingFilterProxy.doFilter(DelegatingFilterProxy.java:268) ~[spring-web-6.1.4.jar:6.1.4]
	at org.apache.catalina.core.ApplicationFilterChain.internalDoFilter(ApplicationFilterChain.java:174) ~[tomcat-embed-core-10.1.19.jar:10.1.19]
	at org.apache.catalina.core.ApplicationFilterChain.doFilter(ApplicationFilterChain.java:149) ~[tomcat-embed-core-10.1.19.jar:10.1.19]
	at org.springframework.web.filter.RequestContextFilter.doFilterInternal(RequestContextFilter.java:100) ~[spring-web-6.1.4.jar:6.1.4]
	at org.springframework.web.filter.OncePerRequestFilter.doFilter(OncePerRequestFilter.java:116) ~[spring-web-6.1.4.jar:6.1.4]
	at org.apache.catalina.core.ApplicationFilterChain.internalDoFilter(ApplicationFilterChain.java:174) ~[tomcat-embed-core-10.1.19.jar:10.1.19]
	at org.apache.catalina.core.ApplicationFilterChain.doFilter(ApplicationFilterChain.java:149) ~[tomcat-embed-core-10.1.19.jar:10.1.19]
	at org.springframework.web.filter.FormContentFilter.doFilterInternal(FormContentFilter.java:93) ~[spring-web-6.1.4.jar:6.1.4]
	at org.springframework.web.filter.OncePerRequestFilter.doFilter(OncePerRequestFilter.java:116) ~[spring-web-6.1.4.jar:6.1.4]
	at org.apache.catalina.core.ApplicationFilterChain.internalDoFilter(ApplicationFilterChain.java:174) ~[tomcat-embed-core-10.1.19.jar:10.1.19]
	at org.apache.catalina.core.ApplicationFilterChain.doFilter(ApplicationFilterChain.java:149) ~[tomcat-embed-core-10.1.19.jar:10.1.19]
	at org.springframework.web.filter.CharacterEncodingFilter.doFilterInternal(CharacterEncodingFilter.java:201) ~[spring-web-6.1.4.jar:6.1.4]
	at org.springframework.web.filter.OncePerRequestFilter.doFilter(OncePerRequestFilter.java:116) ~[spring-web-6.1.4.jar:6.1.4]
	at org.apache.catalina.core.ApplicationFilterChain.internalDoFilter(ApplicationFilterChain.java:174) ~[tomcat-embed-core-10.1.19.jar:10.1.19]
	at org.apache.catalina.core.ApplicationFilterChain.doFilter(ApplicationFilterChain.java:149) ~[tomcat-embed-core-10.1.19.jar:10.1.19]
	at org.apache.catalina.core.StandardWrapperValve.invoke(StandardWrapperValve.java:167) ~[tomcat-embed-core-10.1.19.jar:10.1.19]
	at org.apache.catalina.core.StandardContextValve.invoke(StandardContextValve.java:90) ~[tomcat-embed-core-10.1.19.jar:10.1.19]
	at org.apache.catalina.authenticator.AuthenticatorBase.invoke(AuthenticatorBase.java:482) ~[tomcat-embed-core-10.1.19.jar:10.1.19]
	at org.apache.catalina.core.StandardHostValve.invoke(StandardHostValve.java:115) ~[tomcat-embed-core-10.1.19.jar:10.1.19]
	at org.apache.catalina.valves.ErrorReportValve.invoke(ErrorReportValve.java:93) ~[tomcat-embed-core-10.1.19.jar:10.1.19]
	at org.apache.catalina.core.StandardEngineValve.invoke(StandardEngineValve.java:74) ~[tomcat-embed-core-10.1.19.jar:10.1.19]
	at org.apache.catalina.connector.CoyoteAdapter.service(CoyoteAdapter.java:344) ~[tomcat-embed-core-10.1.19.jar:10.1.19]
	at org.apache.coyote.http11.Http11Processor.service(Http11Processor.java:391) ~[tomcat-embed-core-10.1.19.jar:10.1.19]
	at org.apache.coyote.AbstractProcessorLight.process(AbstractProcessorLight.java:63) ~[tomcat-embed-core-10.1.19.jar:10.1.19]
	at org.apache.coyote.AbstractProtocol$ConnectionHandler.process(AbstractProtocol.java:896) ~[tomcat-embed-core-10.1.19.jar:10.1.19]
	at org.apache.tomcat.util.net.NioEndpoint$SocketProcessor.doRun(NioEndpoint.java:1744) ~[tomcat-embed-core-10.1.19.jar:10.1.19]
	at org.apache.tomcat.util.net.SocketProcessorBase.run(SocketProcessorBase.java:52) ~[tomcat-embed-core-10.1.19.jar:10.1.19]
	at org.apache.tomcat.util.threads.ThreadPoolExecutor.runWorker(ThreadPoolExecutor.java:1191) ~[tomcat-embed-core-10.1.19.jar:10.1.19]
	at org.apache.tomcat.util.threads.ThreadPoolExecutor$Worker.run(ThreadPoolExecutor.java:659) ~[tomcat-embed-core-10.1.19.jar:10.1.19]
	at org.apache.tomcat.util.threads.TaskThread$WrappingRunnable.run(TaskThread.java:63) ~[tomcat-embed-core-10.1.19.jar:10.1.19]
	at java.base/java.lang.Thread.run(Thread.java:1583) ~[na:na]

2026-03-11T00:08:55.008+05:30 ERROR 29240 --- [http-nio-8080-exec-4] c.s.a.exception.GlobalExceptionHandler   : Unexpected error: Required request parameter 'email' for method parameter type String is not present

org.springframework.web.bind.MissingServletRequestParameterException: Required request parameter 'email' for method parameter type String is not present
	at org.springframework.web.method.annotation.RequestParamMethodArgumentResolver.handleMissingValueInternal(RequestParamMethodArgumentResolver.java:217) ~[spring-web-6.1.4.jar:6.1.4]
	at org.springframework.web.method.annotation.RequestParamMethodArgumentResolver.handleMissingValue(RequestParamMethodArgumentResolver.java:193) ~[spring-web-6.1.4.jar:6.1.4]
	at org.springframework.web.method.annotation.AbstractNamedValueMethodArgumentResolver.resolveArgument(AbstractNamedValueMethodArgumentResolver.java:124) ~[spring-web-6.1.4.jar:6.1.4]
	at org.springframework.web.method.support.HandlerMethodArgumentResolverComposite.resolveArgument(HandlerMethodArgumentResolverComposite.java:122) ~[spring-web-6.1.4.jar:6.1.4]
	at org.springframework.web.method.support.InvocableHandlerMethod.getMethodArgumentValues(InvocableHandlerMethod.java:228) ~[spring-web-6.1.4.jar:6.1.4]
	at org.springframework.web.method.support.InvocableHandlerMethod.invokeForRequest(InvocableHandlerMethod.java:182) ~[spring-web-6.1.4.jar:6.1.4]
	at org.springframework.web.servlet.mvc.method.annotation.ServletInvocableHandlerMethod.invokeAndHandle(ServletInvocableHandlerMethod.java:118) ~[spring-webmvc-6.1.4.jar:6.1.4]
	at org.springframework.web.servlet.mvc.method.annotation.RequestMappingHandlerAdapter.invokeHandlerMethod(RequestMappingHandlerAdapter.java:920) ~[spring-webmvc-6.1.4.jar:6.1.4]
	at org.springframework.web.servlet.mvc.method.annotation.RequestMappingHandlerAdapter.handleInternal(RequestMappingHandlerAdapter.java:830) ~[spring-webmvc-6.1.4.jar:6.1.4]
	at org.springframework.web.servlet.mvc.method.AbstractHandlerMethodAdapter.handle(AbstractHandlerMethodAdapter.java:87) ~[spring-webmvc-6.1.4.jar:6.1.4]
	at org.springframework.web.servlet.DispatcherServlet.doDispatch(DispatcherServlet.java:1089) ~[spring-webmvc-6.1.4.jar:6.1.4]
	at org.springframework.web.servlet.DispatcherServlet.doService(DispatcherServlet.java:979) ~[spring-webmvc-6.1.4.jar:6.1.4]
	at org.springframework.web.servlet.FrameworkServlet.processRequest(FrameworkServlet.java:1014) ~[spring-webmvc-6.1.4.jar:6.1.4]
	at org.springframework.web.servlet.FrameworkServlet.doPost(FrameworkServlet.java:914) ~[spring-webmvc-6.1.4.jar:6.1.4]
	at jakarta.servlet.http.HttpServlet.service(HttpServlet.java:590) ~[tomcat-embed-core-10.1.19.jar:6.0]
	at org.springframework.web.servlet.FrameworkServlet.service(FrameworkServlet.java:885) ~[spring-webmvc-6.1.4.jar:6.1.4]
	at jakarta.servlet.http.HttpServlet.service(HttpServlet.java:658) ~[tomcat-embed-core-10.1.19.jar:6.0]
	at org.apache.catalina.core.ApplicationFilterChain.internalDoFilter(ApplicationFilterChain.java:205) ~[tomcat-embed-core-10.1.19.jar:10.1.19]
	at org.apache.catalina.core.ApplicationFilterChain.doFilter(ApplicationFilterChain.java:149) ~[tomcat-embed-core-10.1.19.jar:10.1.19]
	at org.apache.tomcat.websocket.server.WsFilter.doFilter(WsFilter.java:51) ~[tomcat-embed-websocket-10.1.19.jar:10.1.19]
	at org.apache.catalina.core.ApplicationFilterChain.internalDoFilter(ApplicationFilterChain.java:174) ~[tomcat-embed-core-10.1.19.jar:10.1.19]
	at org.apache.catalina.core.ApplicationFilterChain.doFilter(ApplicationFilterChain.java:149) ~[tomcat-embed-core-10.1.19.jar:10.1.19]
	at org.springframework.web.filter.CompositeFilter$VirtualFilterChain.doFilter(CompositeFilter.java:108) ~[spring-web-6.1.4.jar:6.1.4]
	at org.springframework.security.web.FilterChainProxy.lambda$doFilterInternal$3(FilterChainProxy.java:231) ~[spring-security-web-6.2.2.jar:6.2.2]
	at org.springframework.security.web.FilterChainProxy$VirtualFilterChain.doFilter(FilterChainProxy.java:365) ~[spring-security-web-6.2.2.jar:6.2.2]
	at org.springframework.security.web.access.intercept.AuthorizationFilter.doFilter(AuthorizationFilter.java:100) ~[spring-security-web-6.2.2.jar:6.2.2]
	at org.springframework.security.web.FilterChainProxy$VirtualFilterChain.doFilter(FilterChainProxy.java:374) ~[spring-security-web-6.2.2.jar:6.2.2]
	at org.springframework.security.web.access.ExceptionTranslationFilter.doFilter(ExceptionTranslationFilter.java:126) ~[spring-security-web-6.2.2.jar:6.2.2]
	at org.springframework.security.web.access.ExceptionTranslationFilter.doFilter(ExceptionTranslationFilter.java:120) ~[spring-security-web-6.2.2.jar:6.2.2]
	at org.springframework.security.web.FilterChainProxy$VirtualFilterChain.doFilter(FilterChainProxy.java:374) ~[spring-security-web-6.2.2.jar:6.2.2]
	at org.springframework.security.web.session.SessionManagementFilter.doFilter(SessionManagementFilter.java:131) ~[spring-security-web-6.2.2.jar:6.2.2]
	at org.springframework.security.web.session.SessionManagementFilter.doFilter(SessionManagementFilter.java:85) ~[spring-security-web-6.2.2.jar:6.2.2]
	at org.springframework.security.web.FilterChainProxy$VirtualFilterChain.doFilter(FilterChainProxy.java:374) ~[spring-security-web-6.2.2.jar:6.2.2]
	at org.springframework.security.web.authentication.AnonymousAuthenticationFilter.doFilter(AnonymousAuthenticationFilter.java:100) ~[spring-security-web-6.2.2.jar:6.2.2]
	at org.springframework.security.web.FilterChainProxy$VirtualFilterChain.doFilter(FilterChainProxy.java:374) ~[spring-security-web-6.2.2.jar:6.2.2]
	at org.springframework.security.web.servletapi.SecurityContextHolderAwareRequestFilter.doFilter(SecurityContextHolderAwareRequestFilter.java:179) ~[spring-security-web-6.2.2.jar:6.2.2]
	at org.springframework.security.web.FilterChainProxy$VirtualFilterChain.doFilter(FilterChainProxy.java:374) ~[spring-security-web-6.2.2.jar:6.2.2]
	at org.springframework.security.web.savedrequest.RequestCacheAwareFilter.doFilter(RequestCacheAwareFilter.java:63) ~[spring-security-web-6.2.2.jar:6.2.2]
	at org.springframework.security.web.FilterChainProxy$VirtualFilterChain.doFilter(FilterChainProxy.java:374) ~[spring-security-web-6.2.2.jar:6.2.2]
	at org.springframework.security.web.authentication.logout.LogoutFilter.doFilter(LogoutFilter.java:107) ~[spring-security-web-6.2.2.jar:6.2.2]
	at org.springframework.security.web.authentication.logout.LogoutFilter.doFilter(LogoutFilter.java:93) ~[spring-security-web-6.2.2.jar:6.2.2]
	at org.springframework.security.web.FilterChainProxy$VirtualFilterChain.doFilter(FilterChainProxy.java:374) ~[spring-security-web-6.2.2.jar:6.2.2]
	at org.springframework.web.filter.CorsFilter.doFilterInternal(CorsFilter.java:91) ~[spring-web-6.1.4.jar:6.1.4]
	at org.springframework.web.filter.OncePerRequestFilter.doFilter(OncePerRequestFilter.java:116) ~[spring-web-6.1.4.jar:6.1.4]
	at org.springframework.security.web.FilterChainProxy$VirtualFilterChain.doFilter(FilterChainProxy.java:374) ~[spring-security-web-6.2.2.jar:6.2.2]
	at org.springframework.security.web.header.HeaderWriterFilter.doHeadersAfter(HeaderWriterFilter.java:90) ~[spring-security-web-6.2.2.jar:6.2.2]
	at org.springframework.security.web.header.HeaderWriterFilter.doFilterInternal(HeaderWriterFilter.java:75) ~[spring-security-web-6.2.2.jar:6.2.2]
	at org.springframework.web.filter.OncePerRequestFilter.doFilter(OncePerRequestFilter.java:116) ~[spring-web-6.1.4.jar:6.1.4]
	at org.springframework.security.web.FilterChainProxy$VirtualFilterChain.doFilter(FilterChainProxy.java:374) ~[spring-security-web-6.2.2.jar:6.2.2]
	at org.springframework.security.web.context.SecurityContextHolderFilter.doFilter(SecurityContextHolderFilter.java:82) ~[spring-security-web-6.2.2.jar:6.2.2]
	at org.springframework.security.web.context.SecurityContextHolderFilter.doFilter(SecurityContextHolderFilter.java:69) ~[spring-security-web-6.2.2.jar:6.2.2]
	at org.springframework.security.web.FilterChainProxy$VirtualFilterChain.doFilter(FilterChainProxy.java:374) ~[spring-security-web-6.2.2.jar:6.2.2]
	at org.springframework.security.web.context.request.async.WebAsyncManagerIntegrationFilter.doFilterInternal(WebAsyncManagerIntegrationFilter.java:62) ~[spring-security-web-6.2.2.jar:6.2.2]
	at org.springframework.web.filter.OncePerRequestFilter.doFilter(OncePerRequestFilter.java:116) ~[spring-web-6.1.4.jar:6.1.4]
	at org.springframework.security.web.FilterChainProxy$VirtualFilterChain.doFilter(FilterChainProxy.java:374) ~[spring-security-web-6.2.2.jar:6.2.2]
	at org.springframework.security.web.session.DisableEncodeUrlFilter.doFilterInternal(DisableEncodeUrlFilter.java:42) ~[spring-security-web-6.2.2.jar:6.2.2]
	at org.springframework.web.filter.OncePerRequestFilter.doFilter(OncePerRequestFilter.java:116) ~[spring-web-6.1.4.jar:6.1.4]
	at org.springframework.security.web.FilterChainProxy$VirtualFilterChain.doFilter(FilterChainProxy.java:374) ~[spring-security-web-6.2.2.jar:6.2.2]
	at org.springframework.security.web.FilterChainProxy.doFilterInternal(FilterChainProxy.java:233) ~[spring-security-web-6.2.2.jar:6.2.2]
	at org.springframework.security.web.FilterChainProxy.doFilter(FilterChainProxy.java:191) ~[spring-security-web-6.2.2.jar:6.2.2]
	at org.springframework.web.filter.CompositeFilter$VirtualFilterChain.doFilter(CompositeFilter.java:113) ~[spring-web-6.1.4.jar:6.1.4]
	at org.springframework.web.servlet.handler.HandlerMappingIntrospector.lambda$createCacheFilter$3(HandlerMappingIntrospector.java:195) ~[spring-webmvc-6.1.4.jar:6.1.4]
	at org.springframework.web.filter.CompositeFilter$VirtualFilterChain.doFilter(CompositeFilter.java:113) ~[spring-web-6.1.4.jar:6.1.4]
	at org.springframework.web.filter.CompositeFilter.doFilter(CompositeFilter.java:74) ~[spring-web-6.1.4.jar:6.1.4]
	at org.springframework.security.config.annotation.web.configuration.WebMvcSecurityConfiguration$CompositeFilterChainProxy.doFilter(WebMvcSecurityConfiguration.java:230) ~[spring-security-config-6.2.2.jar:6.2.2]
	at org.springframework.web.filter.DelegatingFilterProxy.invokeDelegate(DelegatingFilterProxy.java:352) ~[spring-web-6.1.4.jar:6.1.4]
	at org.springframework.web.filter.DelegatingFilterProxy.doFilter(DelegatingFilterProxy.java:268) ~[spring-web-6.1.4.jar:6.1.4]
	at org.apache.catalina.core.ApplicationFilterChain.internalDoFilter(ApplicationFilterChain.java:174) ~[tomcat-embed-core-10.1.19.jar:10.1.19]
	at org.apache.catalina.core.ApplicationFilterChain.doFilter(ApplicationFilterChain.java:149) ~[tomcat-embed-core-10.1.19.jar:10.1.19]
	at org.springframework.web.filter.RequestContextFilter.doFilterInternal(RequestContextFilter.java:100) ~[spring-web-6.1.4.jar:6.1.4]
	at org.springframework.web.filter.OncePerRequestFilter.doFilter(OncePerRequestFilter.java:116) ~[spring-web-6.1.4.jar:6.1.4]
	at org.apache.catalina.core.ApplicationFilterChain.internalDoFilter(ApplicationFilterChain.java:174) ~[tomcat-embed-core-10.1.19.jar:10.1.19]
	at org.apache.catalina.core.ApplicationFilterChain.doFilter(ApplicationFilterChain.java:149) ~[tomcat-embed-core-10.1.19.jar:10.1.19]
	at org.springframework.web.filter.FormContentFilter.doFilterInternal(FormContentFilter.java:93) ~[spring-web-6.1.4.jar:6.1.4]
	at org.springframework.web.filter.OncePerRequestFilter.doFilter(OncePerRequestFilter.java:116) ~[spring-web-6.1.4.jar:6.1.4]
	at org.apache.catalina.core.ApplicationFilterChain.internalDoFilter(ApplicationFilterChain.java:174) ~[tomcat-embed-core-10.1.19.jar:10.1.19]
	at org.apache.catalina.core.ApplicationFilterChain.doFilter(ApplicationFilterChain.java:149) ~[tomcat-embed-core-10.1.19.jar:10.1.19]
	at org.springframework.web.filter.CharacterEncodingFilter.doFilterInternal(CharacterEncodingFilter.java:201) ~[spring-web-6.1.4.jar:6.1.4]
	at org.springframework.web.filter.OncePerRequestFilter.doFilter(OncePerRequestFilter.java:116) ~[spring-web-6.1.4.jar:6.1.4]
	at org.apache.catalina.core.ApplicationFilterChain.internalDoFilter(ApplicationFilterChain.java:174) ~[tomcat-embed-core-10.1.19.jar:10.1.19]
	at org.apache.catalina.core.ApplicationFilterChain.doFilter(ApplicationFilterChain.java:149) ~[tomcat-embed-core-10.1.19.jar:10.1.19]
	at org.apache.catalina.core.StandardWrapperValve.invoke(StandardWrapperValve.java:167) ~[tomcat-embed-core-10.1.19.jar:10.1.19]
	at org.apache.catalina.core.StandardContextValve.invoke(StandardContextValve.java:90) ~[tomcat-embed-core-10.1.19.jar:10.1.19]
	at org.apache.catalina.authenticator.AuthenticatorBase.invoke(AuthenticatorBase.java:482) ~[tomcat-embed-core-10.1.19.jar:10.1.19]
	at org.apache.catalina.core.StandardHostValve.invoke(StandardHostValve.java:115) ~[tomcat-embed-core-10.1.19.jar:10.1.19]
	at org.apache.catalina.valves.ErrorReportValve.invoke(ErrorReportValve.java:93) ~[tomcat-embed-core-10.1.19.jar:10.1.19]
	at org.apache.catalina.core.StandardEngineValve.invoke(StandardEngineValve.java:74) ~[tomcat-embed-core-10.1.19.jar:10.1.19]
	at org.apache.catalina.connector.CoyoteAdapter.service(CoyoteAdapter.java:344) ~[tomcat-embed-core-10.1.19.jar:10.1.19]
	at org.apache.coyote.http11.Http11Processor.service(Http11Processor.java:391) ~[tomcat-embed-core-10.1.19.jar:10.1.19]
	at org.apache.coyote.AbstractProcessorLight.process(AbstractProcessorLight.java:63) ~[tomcat-embed-core-10.1.19.jar:10.1.19]
	at org.apache.coyote.AbstractProtocol$ConnectionHandler.process(AbstractProtocol.java:896) ~[tomcat-embed-core-10.1.19.jar:10.1.19]
	at org.apache.tomcat.util.net.NioEndpoint$SocketProcessor.doRun(NioEndpoint.java:1744) ~[tomcat-embed-core-10.1.19.jar:10.1.19]
	at org.apache.tomcat.util.net.SocketProcessorBase.run(SocketProcessorBase.java:52) ~[tomcat-embed-core-10.1.19.jar:10.1.19]
	at org.apache.tomcat.util.threads.ThreadPoolExecutor.runWorker(ThreadPoolExecutor.java:1191) ~[tomcat-embed-core-10.1.19.jar:10.1.19]
	at org.apache.tomcat.util.threads.ThreadPoolExecutor$Worker.run(ThreadPoolExecutor.java:659) ~[tomcat-embed-core-10.1.19.jar:10.1.19]
	at org.apache.tomcat.util.threads.TaskThread$WrappingRunnable.run(TaskThread.java:63) ~[tomcat-embed-core-10.1.19.jar:10.1.19]
	at java.base/java.lang.Thread.run(Thread.java:1583) ~[na:na]

2026-03-11T00:09:58.223+05:30  INFO 29240 --- [http-nio-8080-exec-6] c.s.api.controller.PasswordController    : Requesting OTP for email: nikunjpatidar475@gmail.com
2026-03-11T00:10:01.956+05:30 ERROR 29240 --- [http-nio-8080-exec-6] c.s.api.controller.PasswordController    : Failed to send OTP: Authentication failed
2026-03-11T00:11:55.595+05:30  INFO 29240 --- [SpringApplicationShutdownHook] j.LocalContainerEntityManagerFactoryBean : Closing JPA EntityManagerFactory for persistence unit 'default'
2026-03-11T00:11:55.630+05:30  INFO 29240 --- [SpringApplicationShutdownHook] com.zaxxer.hikari.HikariDataSource       : SmartSchoolHikariPool - Shutdown initiated...
2026-03-11T00:11:55.666+05:30  INFO 29240 --- [SpringApplicationShutdownHook] com.zaxxer.hikari.HikariDataSource       : SmartSchoolHikariPool - Shutdown completed.
2026-03-11T00:11:59.380+05:30  INFO 2876 --- [main] c.smartschool.api.SmsBackendApplication  : Starting SmsBackendApplication using Java 21.0.9 with PID 2876 (C:\smart-school-pro\sms-backend\sms-backend\target\classes started by nikun in C:\smart-school-pro\sms-backend)
2026-03-11T00:11:59.382+05:30  INFO 2876 --- [main] c.smartschool.api.SmsBackendApplication  : No active profile set, falling back to 1 default profile: "default"
2026-03-11T00:12:00.358+05:30  INFO 2876 --- [main] .s.d.r.c.RepositoryConfigurationDelegate : Bootstrapping Spring Data JPA repositories in DEFAULT mode.
2026-03-11T00:12:00.484+05:30  INFO 2876 --- [main] .s.d.r.c.RepositoryConfigurationDelegate : Finished Spring Data repository scanning in 115 ms. Found 18 JPA repository interfaces.
2026-03-11T00:12:01.671+05:30  INFO 2876 --- [main] o.s.b.w.embedded.tomcat.TomcatWebServer  : Tomcat initialized with port 8080 (http)
2026-03-11T00:12:01.682+05:30  INFO 2876 --- [main] o.apache.catalina.core.StandardService   : Starting service [Tomcat]
2026-03-11T00:12:01.682+05:30  INFO 2876 --- [main] o.apache.catalina.core.StandardEngine    : Starting Servlet engine: [Apache Tomcat/10.1.19]
2026-03-11T00:12:01.765+05:30  INFO 2876 --- [main] o.a.c.c.C.[Tomcat].[localhost].[/]       : Initializing Spring embedded WebApplicationContext
2026-03-11T00:12:01.769+05:30  INFO 2876 --- [main] w.s.c.ServletWebServerApplicationContext : Root WebApplicationContext: initialization completed in 2334 ms
2026-03-11T00:12:01.992+05:30  INFO 2876 --- [main] o.hibernate.jpa.internal.util.LogHelper  : HHH000204: Processing PersistenceUnitInfo [name: default]
2026-03-11T00:12:02.069+05:30  INFO 2876 --- [main] org.hibernate.Version                    : HHH000412: Hibernate ORM core version 6.4.4.Final
2026-03-11T00:12:02.114+05:30  INFO 2876 --- [main] o.h.c.internal.RegionFactoryInitiator    : HHH000026: Second-level cache disabled
2026-03-11T00:12:02.427+05:30  INFO 2876 --- [main] o.s.o.j.p.SpringPersistenceUnitInfo      : No LoadTimeWeaver setup: ignoring JPA class transformer
2026-03-11T00:12:02.459+05:30  INFO 2876 --- [main] com.zaxxer.hikari.HikariDataSource       : SmartSchoolHikariPool - Starting...
2026-03-11T00:12:02.686+05:30  INFO 2876 --- [main] com.zaxxer.hikari.pool.HikariPool        : SmartSchoolHikariPool - Added connection com.mysql.cj.jdbc.ConnectionImpl@2499b971
2026-03-11T00:12:02.689+05:30  INFO 2876 --- [main] com.zaxxer.hikari.HikariDataSource       : SmartSchoolHikariPool - Start completed.
2026-03-11T00:12:02.782+05:30  WARN 2876 --- [main] org.hibernate.orm.deprecation            : HHH90000025: MySQL8Dialect does not need to be specified explicitly using 'hibernate.dialect' (remove the property setting and it will be selected by default)
2026-03-11T00:12:02.782+05:30  WARN 2876 --- [main] org.hibernate.orm.deprecation            : HHH90000026: MySQL8Dialect has been deprecated; use org.hibernate.dialect.MySQLDialect instead
2026-03-11T00:12:04.394+05:30  INFO 2876 --- [main] o.h.e.t.j.p.i.JtaPlatformInitiator       : HHH000489: No JTA platform available (set 'hibernate.transaction.jta.platform' to enable JTA platform integration)
2026-03-11T00:12:04.777+05:30  INFO 2876 --- [main] j.LocalContainerEntityManagerFactoryBean : Initialized JPA EntityManagerFactory for persistence unit 'default'
2026-03-11T00:12:05.133+05:30  INFO 2876 --- [main] o.s.d.j.r.query.QueryEnhancerFactory     : Hibernate is in classpath; If applicable, HQL parser will be used.
2026-03-11T00:12:06.205+05:30  WARN 2876 --- [main] JpaBaseConfiguration$JpaWebConfiguration : spring.jpa.open-in-view is enabled by default. Therefore, database queries may be performed during view rendering. Explicitly configure spring.jpa.open-in-view to disable this warning
2026-03-11T00:12:06.221+05:30  WARN 2876 --- [main] .s.s.UserDetailsServiceAutoConfiguration : 

Using generated security password: be197b2c-7171-4ba1-901c-a58f9017cfaa

This generated password is for development use only. Your security configuration must be updated before running your application in production.

2026-03-11T00:12:06.555+05:30  INFO 2876 --- [main] o.s.s.web.DefaultSecurityFilterChain     : Will secure any request with [org.springframework.security.web.session.DisableEncodeUrlFilter@3c799d53, org.springframework.security.web.context.request.async.WebAsyncManagerIntegrationFilter@66ed4881, org.springframework.security.web.context.SecurityContextHolderFilter@70ccf921, org.springframework.security.web.header.HeaderWriterFilter@3e45ca81, org.springframework.web.filter.CorsFilter@578f8288, org.springframework.security.web.authentication.logout.LogoutFilter@29c3dd33, org.springframework.security.web.savedrequest.RequestCacheAwareFilter@77368eaf, org.springframework.security.web.servletapi.SecurityContextHolderAwareRequestFilter@41e5450f, org.springframework.security.web.authentication.AnonymousAuthenticationFilter@16f52d68, org.springframework.security.web.session.SessionManagementFilter@68606061, org.springframework.security.web.access.ExceptionTranslationFilter@2ef1b7f4, org.springframework.security.web.access.intercept.AuthorizationFilter@1a6804d1]
2026-03-11T00:12:06.737+05:30  INFO 2876 --- [main] o.s.b.w.embedded.tomcat.TomcatWebServer  : Tomcat started on port 8080 (http) with context path ''
2026-03-11T00:12:06.739+05:30  INFO 2876 --- [main] c.smartschool.api.SmsBackendApplication  : Started SmsBackendApplication in 7.914 seconds (process running for 8.519)
2026-03-11T00:12:11.295+05:30  INFO 2876 --- [http-nio-8080-exec-2] o.a.c.c.C.[Tomcat].[localhost].[/]       : Initializing Spring DispatcherServlet 'dispatcherServlet'
2026-03-11T00:12:11.295+05:30  INFO 2876 --- [http-nio-8080-exec-2] o.s.web.servlet.DispatcherServlet        : Initializing Servlet 'dispatcherServlet'
2026-03-11T00:12:11.298+05:30  INFO 2876 --- [http-nio-8080-exec-2] o.s.web.servlet.DispatcherServlet        : Completed initialization in 2 ms
2026-03-11T00:12:11.357+05:30  INFO 2876 --- [http-nio-8080-exec-2] c.s.api.controller.PasswordController    : Requesting OTP for email: nikunjpatidar475@gmail.com
2026-03-11T00:12:15.695+05:30 ERROR 2876 --- [http-nio-8080-exec-2] c.s.api.controller.PasswordController    : Failed to send OTP: Failed messages: jakarta.mail.MessagingException: can't determine local email address
2026-03-11T00:13:56.900+05:30  INFO 2876 --- [http-nio-8080-exec-4] c.s.api.controller.AuthController        : Login attempt for username: nikunjpatidar8888@gmail.com
2026-03-11T00:13:57.653+05:30  INFO 2876 --- [http-nio-8080-exec-4] c.s.api.serviceImpl.AuthServiceImpl      : Super Admin logged in.
2026-03-11T00:13:57.653+05:30  INFO 2876 --- [http-nio-8080-exec-4] c.s.api.controller.AuthController        : Login successful for username: nikunjpatidar8888@gmail.com, role: ROLE_SUPER_ADMIN
2026-03-11T00:15:01.772+05:30  INFO 2876 --- [http-nio-8080-exec-2] c.s.api.serviceImpl.SchoolServiceImpl    : Creating school: name with Logo
2026-03-11T00:15:22.990+05:30 ERROR 2876 --- [http-nio-8080-exec-7] c.s.a.exception.GlobalExceptionHandler   : Unexpected error: No static resource api/superadmin/academic-years/create.

org.springframework.web.servlet.resource.NoResourceFoundException: No static resource api/superadmin/academic-years/create.
	at org.springframework.web.servlet.resource.ResourceHttpRequestHandler.handleRequest(ResourceHttpRequestHandler.java:585) ~[spring-webmvc-6.1.4.jar:6.1.4]
	at org.springframework.web.servlet.mvc.HttpRequestHandlerAdapter.handle(HttpRequestHandlerAdapter.java:52) ~[spring-webmvc-6.1.4.jar:6.1.4]
	at org.springframework.web.servlet.DispatcherServlet.doDispatch(DispatcherServlet.java:1089) ~[spring-webmvc-6.1.4.jar:6.1.4]
	at org.springframework.web.servlet.DispatcherServlet.doService(DispatcherServlet.java:979) ~[spring-webmvc-6.1.4.jar:6.1.4]
	at org.springframework.web.servlet.FrameworkServlet.processRequest(FrameworkServlet.java:1014) ~[spring-webmvc-6.1.4.jar:6.1.4]
	at org.springframework.web.servlet.FrameworkServlet.doPost(FrameworkServlet.java:914) ~[spring-webmvc-6.1.4.jar:6.1.4]
	at jakarta.servlet.http.HttpServlet.service(HttpServlet.java:590) ~[tomcat-embed-core-10.1.19.jar:6.0]
	at org.springframework.web.servlet.FrameworkServlet.service(FrameworkServlet.java:885) ~[spring-webmvc-6.1.4.jar:6.1.4]
	at jakarta.servlet.http.HttpServlet.service(HttpServlet.java:658) ~[tomcat-embed-core-10.1.19.jar:6.0]
	at org.apache.catalina.core.ApplicationFilterChain.internalDoFilter(ApplicationFilterChain.java:205) ~[tomcat-embed-core-10.1.19.jar:10.1.19]
	at org.apache.catalina.core.ApplicationFilterChain.doFilter(ApplicationFilterChain.java:149) ~[tomcat-embed-core-10.1.19.jar:10.1.19]
	at org.apache.tomcat.websocket.server.WsFilter.doFilter(WsFilter.java:51) ~[tomcat-embed-websocket-10.1.19.jar:10.1.19]
	at org.apache.catalina.core.ApplicationFilterChain.internalDoFilter(ApplicationFilterChain.java:174) ~[tomcat-embed-core-10.1.19.jar:10.1.19]
	at org.apache.catalina.core.ApplicationFilterChain.doFilter(ApplicationFilterChain.java:149) ~[tomcat-embed-core-10.1.19.jar:10.1.19]
	at org.springframework.web.filter.CompositeFilter$VirtualFilterChain.doFilter(CompositeFilter.java:108) ~[spring-web-6.1.4.jar:6.1.4]
	at org.springframework.security.web.FilterChainProxy.lambda$doFilterInternal$3(FilterChainProxy.java:231) ~[spring-security-web-6.2.2.jar:6.2.2]
	at org.springframework.security.web.FilterChainProxy$VirtualFilterChain.doFilter(FilterChainProxy.java:365) ~[spring-security-web-6.2.2.jar:6.2.2]
	at org.springframework.security.web.access.intercept.AuthorizationFilter.doFilter(AuthorizationFilter.java:100) ~[spring-security-web-6.2.2.jar:6.2.2]
	at org.springframework.security.web.FilterChainProxy$VirtualFilterChain.doFilter(FilterChainProxy.java:374) ~[spring-security-web-6.2.2.jar:6.2.2]
	at org.springframework.security.web.access.ExceptionTranslationFilter.doFilter(ExceptionTranslationFilter.java:126) ~[spring-security-web-6.2.2.jar:6.2.2]
	at org.springframework.security.web.access.ExceptionTranslationFilter.doFilter(ExceptionTranslationFilter.java:120) ~[spring-security-web-6.2.2.jar:6.2.2]
	at org.springframework.security.web.FilterChainProxy$VirtualFilterChain.doFilter(FilterChainProxy.java:374) ~[spring-security-web-6.2.2.jar:6.2.2]
	at org.springframework.security.web.session.SessionManagementFilter.doFilter(SessionManagementFilter.java:131) ~[spring-security-web-6.2.2.jar:6.2.2]
	at org.springframework.security.web.session.SessionManagementFilter.doFilter(SessionManagementFilter.java:85) ~[spring-security-web-6.2.2.jar:6.2.2]
	at org.springframework.security.web.FilterChainProxy$VirtualFilterChain.doFilter(FilterChainProxy.java:374) ~[spring-security-web-6.2.2.jar:6.2.2]
	at org.springframework.security.web.authentication.AnonymousAuthenticationFilter.doFilter(AnonymousAuthenticationFilter.java:100) ~[spring-security-web-6.2.2.jar:6.2.2]
	at org.springframework.security.web.FilterChainProxy$VirtualFilterChain.doFilter(FilterChainProxy.java:374) ~[spring-security-web-6.2.2.jar:6.2.2]
	at org.springframework.security.web.servletapi.SecurityContextHolderAwareRequestFilter.doFilter(SecurityContextHolderAwareRequestFilter.java:179) ~[spring-security-web-6.2.2.jar:6.2.2]
	at org.springframework.security.web.FilterChainProxy$VirtualFilterChain.doFilter(FilterChainProxy.java:374) ~[spring-security-web-6.2.2.jar:6.2.2]
	at org.springframework.security.web.savedrequest.RequestCacheAwareFilter.doFilter(RequestCacheAwareFilter.java:63) ~[spring-security-web-6.2.2.jar:6.2.2]
	at org.springframework.security.web.FilterChainProxy$VirtualFilterChain.doFilter(FilterChainProxy.java:374) ~[spring-security-web-6.2.2.jar:6.2.2]
	at org.springframework.security.web.authentication.logout.LogoutFilter.doFilter(LogoutFilter.java:107) ~[spring-security-web-6.2.2.jar:6.2.2]
	at org.springframework.security.web.authentication.logout.LogoutFilter.doFilter(LogoutFilter.java:93) ~[spring-security-web-6.2.2.jar:6.2.2]
	at org.springframework.security.web.FilterChainProxy$VirtualFilterChain.doFilter(FilterChainProxy.java:374) ~[spring-security-web-6.2.2.jar:6.2.2]
	at org.springframework.web.filter.CorsFilter.doFilterInternal(CorsFilter.java:91) ~[spring-web-6.1.4.jar:6.1.4]
	at org.springframework.web.filter.OncePerRequestFilter.doFilter(OncePerRequestFilter.java:116) ~[spring-web-6.1.4.jar:6.1.4]
	at org.springframework.security.web.FilterChainProxy$VirtualFilterChain.doFilter(FilterChainProxy.java:374) ~[spring-security-web-6.2.2.jar:6.2.2]
	at org.springframework.security.web.header.HeaderWriterFilter.doHeadersAfter(HeaderWriterFilter.java:90) ~[spring-security-web-6.2.2.jar:6.2.2]
	at org.springframework.security.web.header.HeaderWriterFilter.doFilterInternal(HeaderWriterFilter.java:75) ~[spring-security-web-6.2.2.jar:6.2.2]
	at org.springframework.web.filter.OncePerRequestFilter.doFilter(OncePerRequestFilter.java:116) ~[spring-web-6.1.4.jar:6.1.4]
	at org.springframework.security.web.FilterChainProxy$VirtualFilterChain.doFilter(FilterChainProxy.java:374) ~[spring-security-web-6.2.2.jar:6.2.2]
	at org.springframework.security.web.context.SecurityContextHolderFilter.doFilter(SecurityContextHolderFilter.java:82) ~[spring-security-web-6.2.2.jar:6.2.2]
	at org.springframework.security.web.context.SecurityContextHolderFilter.doFilter(SecurityContextHolderFilter.java:69) ~[spring-security-web-6.2.2.jar:6.2.2]
	at org.springframework.security.web.FilterChainProxy$VirtualFilterChain.doFilter(FilterChainProxy.java:374) ~[spring-security-web-6.2.2.jar:6.2.2]
	at org.springframework.security.web.context.request.async.WebAsyncManagerIntegrationFilter.doFilterInternal(WebAsyncManagerIntegrationFilter.java:62) ~[spring-security-web-6.2.2.jar:6.2.2]
	at org.springframework.web.filter.OncePerRequestFilter.doFilter(OncePerRequestFilter.java:116) ~[spring-web-6.1.4.jar:6.1.4]
	at org.springframework.security.web.FilterChainProxy$VirtualFilterChain.doFilter(FilterChainProxy.java:374) ~[spring-security-web-6.2.2.jar:6.2.2]
	at org.springframework.security.web.session.DisableEncodeUrlFilter.doFilterInternal(DisableEncodeUrlFilter.java:42) ~[spring-security-web-6.2.2.jar:6.2.2]
	at org.springframework.web.filter.OncePerRequestFilter.doFilter(OncePerRequestFilter.java:116) ~[spring-web-6.1.4.jar:6.1.4]
	at org.springframework.security.web.FilterChainProxy$VirtualFilterChain.doFilter(FilterChainProxy.java:374) ~[spring-security-web-6.2.2.jar:6.2.2]
	at org.springframework.security.web.FilterChainProxy.doFilterInternal(FilterChainProxy.java:233) ~[spring-security-web-6.2.2.jar:6.2.2]
	at org.springframework.security.web.FilterChainProxy.doFilter(FilterChainProxy.java:191) ~[spring-security-web-6.2.2.jar:6.2.2]
	at org.springframework.web.filter.CompositeFilter$VirtualFilterChain.doFilter(CompositeFilter.java:113) ~[spring-web-6.1.4.jar:6.1.4]
	at org.springframework.web.servlet.handler.HandlerMappingIntrospector.lambda$createCacheFilter$3(HandlerMappingIntrospector.java:195) ~[spring-webmvc-6.1.4.jar:6.1.4]
	at org.springframework.web.filter.CompositeFilter$VirtualFilterChain.doFilter(CompositeFilter.java:113) ~[spring-web-6.1.4.jar:6.1.4]
	at org.springframework.web.filter.CompositeFilter.doFilter(CompositeFilter.java:74) ~[spring-web-6.1.4.jar:6.1.4]
	at org.springframework.security.config.annotation.web.configuration.WebMvcSecurityConfiguration$CompositeFilterChainProxy.doFilter(WebMvcSecurityConfiguration.java:230) ~[spring-security-config-6.2.2.jar:6.2.2]
	at org.springframework.web.filter.DelegatingFilterProxy.invokeDelegate(DelegatingFilterProxy.java:352) ~[spring-web-6.1.4.jar:6.1.4]
	at org.springframework.web.filter.DelegatingFilterProxy.doFilter(DelegatingFilterProxy.java:268) ~[spring-web-6.1.4.jar:6.1.4]
	at org.apache.catalina.core.ApplicationFilterChain.internalDoFilter(ApplicationFilterChain.java:174) ~[tomcat-embed-core-10.1.19.jar:10.1.19]
	at org.apache.catalina.core.ApplicationFilterChain.doFilter(ApplicationFilterChain.java:149) ~[tomcat-embed-core-10.1.19.jar:10.1.19]
	at org.springframework.web.filter.RequestContextFilter.doFilterInternal(RequestContextFilter.java:100) ~[spring-web-6.1.4.jar:6.1.4]
	at org.springframework.web.filter.OncePerRequestFilter.doFilter(OncePerRequestFilter.java:116) ~[spring-web-6.1.4.jar:6.1.4]
	at org.apache.catalina.core.ApplicationFilterChain.internalDoFilter(ApplicationFilterChain.java:174) ~[tomcat-embed-core-10.1.19.jar:10.1.19]
	at org.apache.catalina.core.ApplicationFilterChain.doFilter(ApplicationFilterChain.java:149) ~[tomcat-embed-core-10.1.19.jar:10.1.19]
	at org.springframework.web.filter.FormContentFilter.doFilterInternal(FormContentFilter.java:93) ~[spring-web-6.1.4.jar:6.1.4]
	at org.springframework.web.filter.OncePerRequestFilter.doFilter(OncePerRequestFilter.java:116) ~[spring-web-6.1.4.jar:6.1.4]
	at org.apache.catalina.core.ApplicationFilterChain.internalDoFilter(ApplicationFilterChain.java:174) ~[tomcat-embed-core-10.1.19.jar:10.1.19]
	at org.apache.catalina.core.ApplicationFilterChain.doFilter(ApplicationFilterChain.java:149) ~[tomcat-embed-core-10.1.19.jar:10.1.19]
	at org.springframework.web.filter.CharacterEncodingFilter.doFilterInternal(CharacterEncodingFilter.java:201) ~[spring-web-6.1.4.jar:6.1.4]
	at org.springframework.web.filter.OncePerRequestFilter.doFilter(OncePerRequestFilter.java:116) ~[spring-web-6.1.4.jar:6.1.4]
	at org.apache.catalina.core.ApplicationFilterChain.internalDoFilter(ApplicationFilterChain.java:174) ~[tomcat-embed-core-10.1.19.jar:10.1.19]
	at org.apache.catalina.core.ApplicationFilterChain.doFilter(ApplicationFilterChain.java:149) ~[tomcat-embed-core-10.1.19.jar:10.1.19]
	at org.apache.catalina.core.StandardWrapperValve.invoke(StandardWrapperValve.java:167) ~[tomcat-embed-core-10.1.19.jar:10.1.19]
	at org.apache.catalina.core.StandardContextValve.invoke(StandardContextValve.java:90) ~[tomcat-embed-core-10.1.19.jar:10.1.19]
	at org.apache.catalina.authenticator.AuthenticatorBase.invoke(AuthenticatorBase.java:482) ~[tomcat-embed-core-10.1.19.jar:10.1.19]
	at org.apache.catalina.core.StandardHostValve.invoke(StandardHostValve.java:115) ~[tomcat-embed-core-10.1.19.jar:10.1.19]
	at org.apache.catalina.valves.ErrorReportValve.invoke(ErrorReportValve.java:93) ~[tomcat-embed-core-10.1.19.jar:10.1.19]
	at org.apache.catalina.core.StandardEngineValve.invoke(StandardEngineValve.java:74) ~[tomcat-embed-core-10.1.19.jar:10.1.19]
	at org.apache.catalina.connector.CoyoteAdapter.service(CoyoteAdapter.java:344) ~[tomcat-embed-core-10.1.19.jar:10.1.19]
	at org.apache.coyote.http11.Http11Processor.service(Http11Processor.java:391) ~[tomcat-embed-core-10.1.19.jar:10.1.19]
	at org.apache.coyote.AbstractProcessorLight.process(AbstractProcessorLight.java:63) ~[tomcat-embed-core-10.1.19.jar:10.1.19]
	at org.apache.coyote.AbstractProtocol$ConnectionHandler.process(AbstractProtocol.java:896) ~[tomcat-embed-core-10.1.19.jar:10.1.19]
	at org.apache.tomcat.util.net.NioEndpoint$SocketProcessor.doRun(NioEndpoint.java:1744) ~[tomcat-embed-core-10.1.19.jar:10.1.19]
	at org.apache.tomcat.util.net.SocketProcessorBase.run(SocketProcessorBase.java:52) ~[tomcat-embed-core-10.1.19.jar:10.1.19]
	at org.apache.tomcat.util.threads.ThreadPoolExecutor.runWorker(ThreadPoolExecutor.java:1191) ~[tomcat-embed-core-10.1.19.jar:10.1.19]
	at org.apache.tomcat.util.threads.ThreadPoolExecutor$Worker.run(ThreadPoolExecutor.java:659) ~[tomcat-embed-core-10.1.19.jar:10.1.19]
	at org.apache.tomcat.util.threads.TaskThread$WrappingRunnable.run(TaskThread.java:63) ~[tomcat-embed-core-10.1.19.jar:10.1.19]
	at java.base/java.lang.Thread.run(Thread.java:1583) ~[na:na]

2026-03-11T00:15:41.521+05:30  INFO 2876 --- [http-nio-8080-exec-8] c.s.a.controller.AcademicYearController  : Initializing first academic year for School ID: 3 | Year: 2025-26
2026-03-11T00:15:42.855+05:30  INFO 2876 --- [http-nio-8080-exec-8] c.s.a.s.AcademicYearServiceImpl          : Successfully initialized Year: 2025-26 for School: name
2026-03-11T00:16:19.616+05:30  INFO 2876 --- [http-nio-8080-exec-6] c.s.api.controller.PasswordController    : Requesting OTP for email: nikunjpatida114@gmail.com
2026-03-11T00:16:19.622+05:30 ERROR 2876 --- [http-nio-8080-exec-6] c.s.api.controller.PasswordController    : Failed to send OTP: User nahi mila is email ke saath!
2026-03-11T00:16:30.945+05:30  INFO 2876 --- [http-nio-8080-exec-8] c.s.api.controller.PasswordController    : Requesting OTP for email: nikunjpatida114@gmail.com
2026-03-11T00:16:30.949+05:30 ERROR 2876 --- [http-nio-8080-exec-8] c.s.api.controller.PasswordController    : Failed to send OTP: User nahi mila is email ke saath!
2026-03-11T00:16:32.681+05:30  INFO 2876 --- [http-nio-8080-exec-10] c.s.api.controller.PasswordController    : Requesting OTP for email: nikunjpatida114@gmail.com
2026-03-11T00:16:32.685+05:30 ERROR 2876 --- [http-nio-8080-exec-10] c.s.api.controller.PasswordController    : Failed to send OTP: User nahi mila is email ke saath!
2026-03-11T00:16:33.783+05:30  INFO 2876 --- [http-nio-8080-exec-1] c.s.api.controller.PasswordController    : Requesting OTP for email: nikunjpatida114@gmail.com
2026-03-11T00:16:33.788+05:30 ERROR 2876 --- [http-nio-8080-exec-1] c.s.api.controller.PasswordController    : Failed to send OTP: User nahi mila is email ke saath!
2026-03-11T00:16:56.163+05:30  INFO 2876 --- [http-nio-8080-exec-3] c.s.api.controller.PasswordController    : Requesting OTP for email: nikunjpatida114@gmail.com
2026-03-11T00:16:56.193+05:30 ERROR 2876 --- [http-nio-8080-exec-3] c.s.api.controller.PasswordController    : Failed to send OTP: User nahi mila is email ke saath!
2026-03-11T00:17:25.153+05:30  INFO 2876 --- [http-nio-8080-exec-7] c.s.api.controller.PasswordController    : Requesting OTP for email: nikunjpatida114@gmail.com
2026-03-11T00:17:25.158+05:30 ERROR 2876 --- [http-nio-8080-exec-7] c.s.api.controller.PasswordController    : Failed to send OTP: User nahi mila is email ke saath!
2026-03-11T00:19:02.006+05:30  INFO 2876 --- [http-nio-8080-exec-9] c.s.api.controller.PasswordController    : Requesting OTP for email: nikunjpatidar114@gmail.com
2026-03-11T00:19:05.308+05:30 ERROR 2876 --- [http-nio-8080-exec-9] c.s.api.controller.PasswordController    : Failed to send OTP: Failed messages: jakarta.mail.MessagingException: can't determine local email address
2026-03-11T00:20:32.142+05:30  INFO 2876 --- [SpringApplicationShutdownHook] j.LocalContainerEntityManagerFactoryBean : Closing JPA EntityManagerFactory for persistence unit 'default'
2026-03-11T00:20:32.170+05:30  INFO 2876 --- [SpringApplicationShutdownHook] com.zaxxer.hikari.HikariDataSource       : SmartSchoolHikariPool - Shutdown initiated...
2026-03-11T00:20:32.257+05:30  INFO 2876 --- [SpringApplicationShutdownHook] com.zaxxer.hikari.HikariDataSource       : SmartSchoolHikariPool - Shutdown completed.
2026-03-11T00:20:52.768+05:30  INFO 30380 --- [main] c.smartschool.api.SmsBackendApplication  : Starting SmsBackendApplication using Java 21.0.9 with PID 30380 (C:\smart-school-pro\sms-backend\sms-backend\target\classes started by nikun in C:\smart-school-pro\sms-backend)
2026-03-11T00:20:52.771+05:30  INFO 30380 --- [main] c.smartschool.api.SmsBackendApplication  : No active profile set, falling back to 1 default profile: "default"
2026-03-11T00:20:53.951+05:30  INFO 30380 --- [main] .s.d.r.c.RepositoryConfigurationDelegate : Bootstrapping Spring Data JPA repositories in DEFAULT mode.
2026-03-11T00:20:54.149+05:30  INFO 30380 --- [main] .s.d.r.c.RepositoryConfigurationDelegate : Finished Spring Data repository scanning in 155 ms. Found 18 JPA repository interfaces.
2026-03-11T00:20:55.065+05:30  INFO 30380 --- [main] o.s.b.w.embedded.tomcat.TomcatWebServer  : Tomcat initialized with port 8080 (http)
2026-03-11T00:20:55.084+05:30  INFO 30380 --- [main] o.apache.catalina.core.StandardService   : Starting service [Tomcat]
2026-03-11T00:20:55.084+05:30  INFO 30380 --- [main] o.apache.catalina.core.StandardEngine    : Starting Servlet engine: [Apache Tomcat/10.1.19]
2026-03-11T00:20:55.169+05:30  INFO 30380 --- [main] o.a.c.c.C.[Tomcat].[localhost].[/]       : Initializing Spring embedded WebApplicationContext
2026-03-11T00:20:55.169+05:30  INFO 30380 --- [main] w.s.c.ServletWebServerApplicationContext : Root WebApplicationContext: initialization completed in 2325 ms
2026-03-11T00:20:55.459+05:30  INFO 30380 --- [main] o.hibernate.jpa.internal.util.LogHelper  : HHH000204: Processing PersistenceUnitInfo [name: default]
2026-03-11T00:20:55.543+05:30  INFO 30380 --- [main] org.hibernate.Version                    : HHH000412: Hibernate ORM core version 6.4.4.Final
2026-03-11T00:20:55.635+05:30  INFO 30380 --- [main] o.h.c.internal.RegionFactoryInitiator    : HHH000026: Second-level cache disabled
2026-03-11T00:20:55.928+05:30  INFO 30380 --- [main] o.s.o.j.p.SpringPersistenceUnitInfo      : No LoadTimeWeaver setup: ignoring JPA class transformer
2026-03-11T00:20:55.959+05:30  INFO 30380 --- [main] com.zaxxer.hikari.HikariDataSource       : SmartSchoolHikariPool - Starting...
2026-03-11T00:20:56.163+05:30  INFO 30380 --- [main] com.zaxxer.hikari.pool.HikariPool        : SmartSchoolHikariPool - Added connection com.mysql.cj.jdbc.ConnectionImpl@6ce9771c
2026-03-11T00:20:56.163+05:30  INFO 30380 --- [main] com.zaxxer.hikari.HikariDataSource       : SmartSchoolHikariPool - Start completed.
2026-03-11T00:20:56.258+05:30  WARN 30380 --- [main] org.hibernate.orm.deprecation            : HHH90000025: MySQL8Dialect does not need to be specified explicitly using 'hibernate.dialect' (remove the property setting and it will be selected by default)
2026-03-11T00:20:56.260+05:30  WARN 30380 --- [main] org.hibernate.orm.deprecation            : HHH90000026: MySQL8Dialect has been deprecated; use org.hibernate.dialect.MySQLDialect instead
2026-03-11T00:20:57.749+05:30  INFO 30380 --- [main] o.h.e.t.j.p.i.JtaPlatformInitiator       : HHH000489: No JTA platform available (set 'hibernate.transaction.jta.platform' to enable JTA platform integration)
2026-03-11T00:20:58.106+05:30  INFO 30380 --- [main] j.LocalContainerEntityManagerFactoryBean : Initialized JPA EntityManagerFactory for persistence unit 'default'
2026-03-11T00:20:58.604+05:30  INFO 30380 --- [main] o.s.d.j.r.query.QueryEnhancerFactory     : Hibernate is in classpath; If applicable, HQL parser will be used.
2026-03-11T00:20:59.948+05:30  WARN 30380 --- [main] JpaBaseConfiguration$JpaWebConfiguration : spring.jpa.open-in-view is enabled by default. Therefore, database queries may be performed during view rendering. Explicitly configure spring.jpa.open-in-view to disable this warning
2026-03-11T00:20:59.964+05:30  WARN 30380 --- [main] .s.s.UserDetailsServiceAutoConfiguration : 

Using generated security password: ae7948c4-e7d8-4c55-8d0c-d9879ff756d6

This generated password is for development use only. Your security configuration must be updated before running your application in production.

2026-03-11T00:21:00.442+05:30  INFO 30380 --- [main] o.s.s.web.DefaultSecurityFilterChain     : Will secure any request with [org.springframework.security.web.session.DisableEncodeUrlFilter@7e3e1b7b, org.springframework.security.web.context.request.async.WebAsyncManagerIntegrationFilter@3fd9c5db, org.springframework.security.web.context.SecurityContextHolderFilter@3c10ba31, org.springframework.security.web.header.HeaderWriterFilter@67668cf7, org.springframework.web.filter.CorsFilter@a256322, org.springframework.security.web.authentication.logout.LogoutFilter@3ac726af, org.springframework.security.web.savedrequest.RequestCacheAwareFilter@32200389, org.springframework.security.web.servletapi.SecurityContextHolderAwareRequestFilter@57e9dd1f, org.springframework.security.web.authentication.AnonymousAuthenticationFilter@6860341b, org.springframework.security.web.session.SessionManagementFilter@6fa1dc0c, org.springframework.security.web.access.ExceptionTranslationFilter@53964b0e, org.springframework.security.web.access.intercept.AuthorizationFilter@329e6700]
2026-03-11T00:21:00.684+05:30  INFO 30380 --- [main] o.s.b.w.embedded.tomcat.TomcatWebServer  : Tomcat started on port 8080 (http) with context path ''
2026-03-11T00:21:00.693+05:30  INFO 30380 --- [main] c.smartschool.api.SmsBackendApplication  : Started SmsBackendApplication in 8.478 seconds (process running for 9.84)
2026-03-11T00:21:07.008+05:30  INFO 30380 --- [http-nio-8080-exec-1] o.a.c.c.C.[Tomcat].[localhost].[/]       : Initializing Spring DispatcherServlet 'dispatcherServlet'
2026-03-11T00:21:07.008+05:30  INFO 30380 --- [http-nio-8080-exec-1] o.s.web.servlet.DispatcherServlet        : Initializing Servlet 'dispatcherServlet'
2026-03-11T00:21:07.010+05:30  INFO 30380 --- [http-nio-8080-exec-1] o.s.web.servlet.DispatcherServlet        : Completed initialization in 1 ms
2026-03-11T00:21:07.071+05:30  INFO 30380 --- [http-nio-8080-exec-1] c.s.api.controller.PasswordController    : Requesting OTP for email: nikunjpatidar114@gmail.com
2026-03-11T00:21:07.071+05:30  INFO 30380 --- [http-nio-8080-exec-1] c.s.api.service.PasswordResetService     : Processing OTP request for email: nikunjpatidar114@gmail.com
2026-03-11T00:21:13.865+05:30  INFO 30380 --- [http-nio-8080-exec-1] c.s.api.service.PasswordResetService     : Email sent successfully to nikunjpatidar114@gmail.com
2026-03-11T00:23:00.048+05:30  INFO 30380 --- [http-nio-8080-exec-4] c.s.api.controller.PasswordController    : Attempting to reset password for email: nikunjpatidar114@gmail.com
2026-03-11T00:23:01.239+05:30  INFO 30380 --- [http-nio-8080-exec-4] c.s.api.service.PasswordResetService     : Password successfully reset for user: nikunjpatidar114@gmail.com
2026-03-11T00:23:45.026+05:30  INFO 30380 --- [http-nio-8080-exec-7] c.s.api.controller.AuthController        : Login attempt for username: nikunjpatidar114@gmail.com
2026-03-11T00:23:45.155+05:30  INFO 30380 --- [http-nio-8080-exec-7] c.s.api.serviceImpl.AuthServiceImpl      : Principal logged in for school: name with Year: 2025-26
2026-03-11T00:23:45.155+05:30  INFO 30380 --- [http-nio-8080-exec-7] c.s.api.controller.AuthController        : Login successful for username: nikunjpatidar114@gmail.com, role: ROLE_ADMIN
2026-03-11T00:23:45.621+05:30  INFO 30380 --- [http-nio-8080-exec-3] c.s.api.controller.StudentController     : Fetching all students for School ID:3 and Year ID:5
2026-03-11T00:23:45.719+05:30  INFO 30380 --- [http-nio-8080-exec-3] c.s.api.controller.StudentController     : Fetching all students for School ID:3 and Year ID:5
2026-03-11T01:58:10.944+05:30  WARN 30380 --- [SmartSchoolHikariPool housekeeper] com.zaxxer.hikari.pool.HikariPool        : SmartSchoolHikariPool - Thread starvation or clock leap detected (housekeeper delta=1h33m43s176ms325µs400ns).
2026-03-11T13:23:42.573+05:30  WARN 30380 --- [SmartSchoolHikariPool housekeeper] com.zaxxer.hikari.pool.HikariPool        : SmartSchoolHikariPool - Thread starvation or clock leap detected (housekeeper delta=11h25m36s546ms835µs900ns).
2026-03-11T13:24:18.611+05:30  INFO 30380 --- [Thread-1] c.s.api.service.PasswordResetService     : OTP expired and removed for email: nikunjpatidar114@gmail.com
2026-03-11T13:31:29.232+05:30 ERROR 30380 --- [http-nio-8080-exec-3] c.s.a.exception.GlobalExceptionHandler   : Type mismatch: Failed to convert value of type 'java.lang.String' to required type 'java.lang.Long'; For input string: "undefined"
2026-03-11T13:31:29.232+05:30 ERROR 30380 --- [http-nio-8080-exec-7] c.s.a.exception.GlobalExceptionHandler   : Type mismatch: Failed to convert value of type 'java.lang.String' to required type 'java.lang.Long'; For input string: "undefined"
2026-03-11T13:31:29.797+05:30 ERROR 30380 --- [http-nio-8080-exec-4] c.s.a.exception.GlobalExceptionHandler   : Type mismatch: Failed to convert value of type 'java.lang.String' to required type 'java.lang.Long'; For input string: "undefined"
2026-03-11T13:31:29.810+05:30 ERROR 30380 --- [http-nio-8080-exec-5] c.s.a.exception.GlobalExceptionHandler   : Type mismatch: Failed to convert value of type 'java.lang.String' to required type 'java.lang.Long'; For input string: "undefined"
2026-03-11T13:32:01.535+05:30  INFO 30380 --- [http-nio-8080-exec-3] c.s.api.controller.AuthController        : Login attempt for username: nikunjpatidar475@gmail.com
2026-03-11T13:32:02.188+05:30  INFO 30380 --- [http-nio-8080-exec-3] c.s.api.serviceImpl.AuthServiceImpl      : Principal logged in for school: mvm with Year: 1999-20
2026-03-11T13:32:02.188+05:30  INFO 30380 --- [http-nio-8080-exec-3] c.s.api.controller.AuthController        : Login successful for username: nikunjpatidar475@gmail.com, role: ROLE_ADMIN
2026-03-11T13:32:02.484+05:30  INFO 30380 --- [http-nio-8080-exec-8] c.s.api.controller.StudentController     : Fetching all students for School ID:2 and Year ID:2
2026-03-11T13:32:03.179+05:30  INFO 30380 --- [http-nio-8080-exec-1] c.s.api.controller.StudentController     : Fetching all students for School ID:2 and Year ID:2
2026-03-11T13:32:43.749+05:30  INFO 30380 --- [http-nio-8080-exec-7] c.s.api.controller.StudentController     : Fetching all students for School ID:2 and Year ID:2
2026-03-11T13:32:44.051+05:30  INFO 30380 --- [http-nio-8080-exec-7] c.s.api.controller.StudentController     : Fetching all students for School ID:2 and Year ID:2
2026-03-11T13:32:45.140+05:30  INFO 30380 --- [http-nio-8080-exec-3] c.s.api.controller.StudentController     : Fetching all students for School ID:2 and Year ID:2
2026-03-11T13:32:45.693+05:30  INFO 30380 --- [http-nio-8080-exec-4] c.s.api.controller.StudentController     : Fetching all students for School ID:2 and Year ID:2
2026-03-11T13:32:49.339+05:30  INFO 30380 --- [http-nio-8080-exec-5] c.s.api.controller.IdCardController      : Student ID Card request: studentId=1 schoolId=2
2026-03-11T13:32:49.339+05:30  INFO 30380 --- [http-nio-8080-exec-5] c.s.api.serviceImpl.IdCardServiceImpl    : Generating Student ID card: studentId=1 schoolId=2
2026-03-11T13:32:50.171+05:30  INFO 30380 --- [http-nio-8080-exec-5] c.s.api.controller.IdCardController      : Student ID Card generated successfully: studentId=1
2026-03-11T13:32:59.697+05:30  INFO 30380 --- [http-nio-8080-exec-6] c.s.api.controller.StudentController     : Fetching all students for School ID:2 and Year ID:2
2026-03-11T13:33:00.717+05:30  INFO 30380 --- [http-nio-8080-exec-1] c.s.api.controller.StudentController     : Fetching all students for School ID:2 and Year ID:2
2026-03-11T13:34:20.829+05:30  INFO 30380 --- [http-nio-8080-exec-7] c.s.api.controller.StudentController     : Fetching all students for School ID:2 and Year ID:2
2026-03-11T13:34:22.098+05:30  INFO 30380 --- [http-nio-8080-exec-9] c.s.api.controller.StudentController     : Fetching all students for School ID:2 and Year ID:2
2026-03-11T13:34:23.467+05:30  INFO 30380 --- [http-nio-8080-exec-3] c.s.api.controller.StudentController     : Fetching all students for School ID:2 and Year ID:2
2026-03-11T13:34:24.272+05:30  INFO 30380 --- [http-nio-8080-exec-4] c.s.api.controller.StudentController     : Fetching all students for School ID:2 and Year ID:2
2026-03-11T13:36:17.104+05:30  INFO 30380 --- [http-nio-8080-exec-10] c.s.api.controller.StudentController     : Fetching all students for School ID:2 and Year ID:2
2026-03-11T13:36:17.561+05:30  INFO 30380 --- [http-nio-8080-exec-8] c.s.api.controller.StudentController     : Fetching all students for School ID:2 and Year ID:2
2026-03-11T13:36:37.529+05:30  INFO 30380 --- [http-nio-8080-exec-6] c.s.api.controller.StudentController     : Fetching all students for School ID:2 and Year ID:2
2026-03-11T13:36:38.116+05:30  INFO 30380 --- [http-nio-8080-exec-5] c.s.api.controller.StudentController     : Fetching all students for School ID:2 and Year ID:2
2026-03-11T13:41:42.840+05:30  INFO 30380 --- [http-nio-8080-exec-6] c.s.api.controller.StudentController     : Fetching all students for School ID:2 and Year ID:2
2026-03-11T13:41:43.446+05:30  INFO 30380 --- [http-nio-8080-exec-6] c.s.api.controller.StudentController     : Fetching all students for School ID:2 and Year ID:2
2026-03-11T13:41:44.111+05:30  INFO 30380 --- [http-nio-8080-exec-3] c.s.api.controller.StudentController     : Fetching all students for School ID:2 and Year ID:2
2026-03-11T13:41:44.288+05:30  INFO 30380 --- [http-nio-8080-exec-4] c.s.api.controller.StudentController     : Fetching all students for School ID:2 and Year ID:2
2026-03-11T13:42:54.268+05:30  INFO 30380 --- [http-nio-8080-exec-1] c.s.api.controller.StudentController     : Fetching all students for School ID:2 and Year ID:2
2026-03-11T13:42:54.425+05:30  INFO 30380 --- [http-nio-8080-exec-5] c.s.api.controller.StudentController     : Fetching all students for School ID:2 and Year ID:2
2026-03-11T13:43:52.328+05:30  INFO 30380 --- [http-nio-8080-exec-7] c.s.api.controller.StudentController     : Fetching all students for School ID:2 and Year ID:2
2026-03-11T13:43:52.413+05:30  INFO 30380 --- [http-nio-8080-exec-2] c.s.api.controller.StudentController     : Fetching all students for School ID:2 and Year ID:2
2026-03-11T13:44:00.108+05:30  WARN 30380 --- [http-nio-8080-exec-8] c.s.api.controller.ClassController       : Inactivation request for classId: 1
2026-03-11T13:44:00.187+05:30  WARN 30380 --- [http-nio-8080-exec-8] c.s.api.controller.ClassController       : Cannot inactivate classId:1 — teacher mapping exists
2026-03-11T13:44:00.259+05:30  INFO 30380 --- [http-nio-8080-exec-4] c.s.api.controller.StudentController     : Fetching all students for School ID:2 and Year ID:2
2026-03-11T13:44:17.523+05:30  INFO 30380 --- [http-nio-8080-exec-3] c.s.api.controller.ClassController       : Creating class for schoolId: 2
2026-03-11T13:44:18.129+05:30  INFO 30380 --- [http-nio-8080-exec-3] c.s.api.controller.ClassController       : Class 'class 2' created with ID: 5
2026-03-11T13:44:18.166+05:30  INFO 30380 --- [http-nio-8080-exec-2] c.s.api.controller.ClassController       : Adding section for classId:5 schoolId:2
2026-03-11T13:44:18.218+05:30  INFO 30380 --- [http-nio-8080-exec-2] c.s.api.controller.ClassController       : Section 'A' created with ID: 4
2026-03-11T13:44:18.353+05:30  INFO 30380 --- [http-nio-8080-exec-4] c.s.api.controller.StudentController     : Fetching all students for School ID:2 and Year ID:2
2026-03-11T13:44:22.339+05:30  INFO 30380 --- [http-nio-8080-exec-10] c.s.api.controller.StudentController     : Fetching all students for School ID:2 and Year ID:2
2026-03-11T13:44:22.399+05:30  INFO 30380 --- [http-nio-8080-exec-6] c.s.api.controller.StudentController     : Fetching all students for School ID:2 and Year ID:2
2026-03-11T13:44:28.615+05:30  INFO 30380 --- [http-nio-8080-exec-9] c.s.api.controller.StudentController     : Promoting Student Roll: STU-2026-001 to Class: 5 Section: 4
2026-03-11T13:44:28.959+05:30  INFO 30380 --- [http-nio-8080-exec-7] c.s.api.controller.StudentController     : Fetching all students for School ID:2 and Year ID:2
2026-03-11T13:44:47.311+05:30  INFO 30380 --- [http-nio-8080-exec-9] c.s.api.controller.StudentController     : Fetching all students for School ID:2 and Year ID:2
2026-03-11T13:44:47.379+05:30  INFO 30380 --- [http-nio-8080-exec-7] c.s.api.controller.StudentController     : Fetching all students for School ID:2 and Year ID:2
2026-03-11T13:45:38.995+05:30  INFO 30380 --- [http-nio-8080-exec-2] c.s.api.controller.StudentController     : Fetching all students for School ID:2 and Year ID:2
2026-03-11T13:45:39.089+05:30  INFO 30380 --- [http-nio-8080-exec-6] c.s.api.controller.StudentController     : Fetching all students for School ID:2 and Year ID:2
2026-03-11T13:46:10.612+05:30 ERROR 30380 --- [http-nio-8080-exec-7] c.s.a.exception.GlobalExceptionHandler   : Unexpected error: Request method 'GET' is not supported

org.springframework.web.HttpRequestMethodNotSupportedException: Request method 'GET' is not supported
	at org.springframework.web.servlet.mvc.method.RequestMappingInfoHandlerMapping.handleNoMatch(RequestMappingInfoHandlerMapping.java:265) ~[spring-webmvc-6.1.4.jar:6.1.4]
	at org.springframework.web.servlet.handler.AbstractHandlerMethodMapping.lookupHandlerMethod(AbstractHandlerMethodMapping.java:441) ~[spring-webmvc-6.1.4.jar:6.1.4]
	at org.springframework.web.servlet.handler.AbstractHandlerMethodMapping.getHandlerInternal(AbstractHandlerMethodMapping.java:382) ~[spring-webmvc-6.1.4.jar:6.1.4]
	at org.springframework.web.servlet.mvc.method.RequestMappingInfoHandlerMapping.getHandlerInternal(RequestMappingInfoHandlerMapping.java:126) ~[spring-webmvc-6.1.4.jar:6.1.4]
	at org.springframework.web.servlet.mvc.method.RequestMappingInfoHandlerMapping.getHandlerInternal(RequestMappingInfoHandlerMapping.java:68) ~[spring-webmvc-6.1.4.jar:6.1.4]
	at org.springframework.web.servlet.handler.AbstractHandlerMapping.getHandler(AbstractHandlerMapping.java:507) ~[spring-webmvc-6.1.4.jar:6.1.4]
	at org.springframework.web.servlet.DispatcherServlet.getHandler(DispatcherServlet.java:1283) ~[spring-webmvc-6.1.4.jar:6.1.4]
	at org.springframework.web.servlet.DispatcherServlet.doDispatch(DispatcherServlet.java:1065) ~[spring-webmvc-6.1.4.jar:6.1.4]
	at org.springframework.web.servlet.DispatcherServlet.doService(DispatcherServlet.java:979) ~[spring-webmvc-6.1.4.jar:6.1.4]
	at org.springframework.web.servlet.FrameworkServlet.processRequest(FrameworkServlet.java:1014) ~[spring-webmvc-6.1.4.jar:6.1.4]
	at org.springframework.web.servlet.FrameworkServlet.doGet(FrameworkServlet.java:903) ~[spring-webmvc-6.1.4.jar:6.1.4]
	at jakarta.servlet.http.HttpServlet.service(HttpServlet.java:564) ~[tomcat-embed-core-10.1.19.jar:6.0]
	at org.springframework.web.servlet.FrameworkServlet.service(FrameworkServlet.java:885) ~[spring-webmvc-6.1.4.jar:6.1.4]
	at jakarta.servlet.http.HttpServlet.service(HttpServlet.java:658) ~[tomcat-embed-core-10.1.19.jar:6.0]
	at org.apache.catalina.core.ApplicationFilterChain.internalDoFilter(ApplicationFilterChain.java:205) ~[tomcat-embed-core-10.1.19.jar:10.1.19]
	at org.apache.catalina.core.ApplicationFilterChain.doFilter(ApplicationFilterChain.java:149) ~[tomcat-embed-core-10.1.19.jar:10.1.19]
	at org.apache.tomcat.websocket.server.WsFilter.doFilter(WsFilter.java:51) ~[tomcat-embed-websocket-10.1.19.jar:10.1.19]
	at org.apache.catalina.core.ApplicationFilterChain.internalDoFilter(ApplicationFilterChain.java:174) ~[tomcat-embed-core-10.1.19.jar:10.1.19]
	at org.apache.catalina.core.ApplicationFilterChain.doFilter(ApplicationFilterChain.java:149) ~[tomcat-embed-core-10.1.19.jar:10.1.19]
	at org.springframework.web.filter.CompositeFilter$VirtualFilterChain.doFilter(CompositeFilter.java:108) ~[spring-web-6.1.4.jar:6.1.4]
	at org.springframework.security.web.FilterChainProxy.lambda$doFilterInternal$3(FilterChainProxy.java:231) ~[spring-security-web-6.2.2.jar:6.2.2]
	at org.springframework.security.web.FilterChainProxy$VirtualFilterChain.doFilter(FilterChainProxy.java:365) ~[spring-security-web-6.2.2.jar:6.2.2]
	at org.springframework.security.web.access.intercept.AuthorizationFilter.doFilter(AuthorizationFilter.java:100) ~[spring-security-web-6.2.2.jar:6.2.2]
	at org.springframework.security.web.FilterChainProxy$VirtualFilterChain.doFilter(FilterChainProxy.java:374) ~[spring-security-web-6.2.2.jar:6.2.2]
	at org.springframework.security.web.access.ExceptionTranslationFilter.doFilter(ExceptionTranslationFilter.java:126) ~[spring-security-web-6.2.2.jar:6.2.2]
	at org.springframework.security.web.access.ExceptionTranslationFilter.doFilter(ExceptionTranslationFilter.java:120) ~[spring-security-web-6.2.2.jar:6.2.2]
	at org.springframework.security.web.FilterChainProxy$VirtualFilterChain.doFilter(FilterChainProxy.java:374) ~[spring-security-web-6.2.2.jar:6.2.2]
	at org.springframework.security.web.session.SessionManagementFilter.doFilter(SessionManagementFilter.java:131) ~[spring-security-web-6.2.2.jar:6.2.2]
	at org.springframework.security.web.session.SessionManagementFilter.doFilter(SessionManagementFilter.java:85) ~[spring-security-web-6.2.2.jar:6.2.2]
	at org.springframework.security.web.FilterChainProxy$VirtualFilterChain.doFilter(FilterChainProxy.java:374) ~[spring-security-web-6.2.2.jar:6.2.2]
	at org.springframework.security.web.authentication.AnonymousAuthenticationFilter.doFilter(AnonymousAuthenticationFilter.java:100) ~[spring-security-web-6.2.2.jar:6.2.2]
	at org.springframework.security.web.FilterChainProxy$VirtualFilterChain.doFilter(FilterChainProxy.java:374) ~[spring-security-web-6.2.2.jar:6.2.2]
	at org.springframework.security.web.servletapi.SecurityContextHolderAwareRequestFilter.doFilter(SecurityContextHolderAwareRequestFilter.java:179) ~[spring-security-web-6.2.2.jar:6.2.2]
	at org.springframework.security.web.FilterChainProxy$VirtualFilterChain.doFilter(FilterChainProxy.java:374) ~[spring-security-web-6.2.2.jar:6.2.2]
	at org.springframework.security.web.savedrequest.RequestCacheAwareFilter.doFilter(RequestCacheAwareFilter.java:63) ~[spring-security-web-6.2.2.jar:6.2.2]
	at org.springframework.security.web.FilterChainProxy$VirtualFilterChain.doFilter(FilterChainProxy.java:374) ~[spring-security-web-6.2.2.jar:6.2.2]
	at org.springframework.security.web.authentication.logout.LogoutFilter.doFilter(LogoutFilter.java:107) ~[spring-security-web-6.2.2.jar:6.2.2]
	at org.springframework.security.web.authentication.logout.LogoutFilter.doFilter(LogoutFilter.java:93) ~[spring-security-web-6.2.2.jar:6.2.2]
	at org.springframework.security.web.FilterChainProxy$VirtualFilterChain.doFilter(FilterChainProxy.java:374) ~[spring-security-web-6.2.2.jar:6.2.2]
	at org.springframework.web.filter.CorsFilter.doFilterInternal(CorsFilter.java:91) ~[spring-web-6.1.4.jar:6.1.4]
	at org.springframework.web.filter.OncePerRequestFilter.doFilter(OncePerRequestFilter.java:116) ~[spring-web-6.1.4.jar:6.1.4]
	at org.springframework.security.web.FilterChainProxy$VirtualFilterChain.doFilter(FilterChainProxy.java:374) ~[spring-security-web-6.2.2.jar:6.2.2]
	at org.springframework.security.web.header.HeaderWriterFilter.doHeadersAfter(HeaderWriterFilter.java:90) ~[spring-security-web-6.2.2.jar:6.2.2]
	at org.springframework.security.web.header.HeaderWriterFilter.doFilterInternal(HeaderWriterFilter.java:75) ~[spring-security-web-6.2.2.jar:6.2.2]
	at org.springframework.web.filter.OncePerRequestFilter.doFilter(OncePerRequestFilter.java:116) ~[spring-web-6.1.4.jar:6.1.4]
	at org.springframework.security.web.FilterChainProxy$VirtualFilterChain.doFilter(FilterChainProxy.java:374) ~[spring-security-web-6.2.2.jar:6.2.2]
	at org.springframework.security.web.context.SecurityContextHolderFilter.doFilter(SecurityContextHolderFilter.java:82) ~[spring-security-web-6.2.2.jar:6.2.2]
	at org.springframework.security.web.context.SecurityContextHolderFilter.doFilter(SecurityContextHolderFilter.java:69) ~[spring-security-web-6.2.2.jar:6.2.2]
	at org.springframework.security.web.FilterChainProxy$VirtualFilterChain.doFilter(FilterChainProxy.java:374) ~[spring-security-web-6.2.2.jar:6.2.2]
	at org.springframework.security.web.context.request.async.WebAsyncManagerIntegrationFilter.doFilterInternal(WebAsyncManagerIntegrationFilter.java:62) ~[spring-security-web-6.2.2.jar:6.2.2]
	at org.springframework.web.filter.OncePerRequestFilter.doFilter(OncePerRequestFilter.java:116) ~[spring-web-6.1.4.jar:6.1.4]
	at org.springframework.security.web.FilterChainProxy$VirtualFilterChain.doFilter(FilterChainProxy.java:374) ~[spring-security-web-6.2.2.jar:6.2.2]
	at org.springframework.security.web.session.DisableEncodeUrlFilter.doFilterInternal(DisableEncodeUrlFilter.java:42) ~[spring-security-web-6.2.2.jar:6.2.2]
	at org.springframework.web.filter.OncePerRequestFilter.doFilter(OncePerRequestFilter.java:116) ~[spring-web-6.1.4.jar:6.1.4]
	at org.springframework.security.web.FilterChainProxy$VirtualFilterChain.doFilter(FilterChainProxy.java:374) ~[spring-security-web-6.2.2.jar:6.2.2]
	at org.springframework.security.web.FilterChainProxy.doFilterInternal(FilterChainProxy.java:233) ~[spring-security-web-6.2.2.jar:6.2.2]
	at org.springframework.security.web.FilterChainProxy.doFilter(FilterChainProxy.java:191) ~[spring-security-web-6.2.2.jar:6.2.2]
	at org.springframework.web.filter.CompositeFilter$VirtualFilterChain.doFilter(CompositeFilter.java:113) ~[spring-web-6.1.4.jar:6.1.4]
	at org.springframework.web.servlet.handler.HandlerMappingIntrospector.lambda$createCacheFilter$3(HandlerMappingIntrospector.java:195) ~[spring-webmvc-6.1.4.jar:6.1.4]
	at org.springframework.web.filter.CompositeFilter$VirtualFilterChain.doFilter(CompositeFilter.java:113) ~[spring-web-6.1.4.jar:6.1.4]
	at org.springframework.web.filter.CompositeFilter.doFilter(CompositeFilter.java:74) ~[spring-web-6.1.4.jar:6.1.4]
	at org.springframework.security.config.annotation.web.configuration.WebMvcSecurityConfiguration$CompositeFilterChainProxy.doFilter(WebMvcSecurityConfiguration.java:230) ~[spring-security-config-6.2.2.jar:6.2.2]
	at org.springframework.web.filter.DelegatingFilterProxy.invokeDelegate(DelegatingFilterProxy.java:352) ~[spring-web-6.1.4.jar:6.1.4]
	at org.springframework.web.filter.DelegatingFilterProxy.doFilter(DelegatingFilterProxy.java:268) ~[spring-web-6.1.4.jar:6.1.4]
	at org.apache.catalina.core.ApplicationFilterChain.internalDoFilter(ApplicationFilterChain.java:174) ~[tomcat-embed-core-10.1.19.jar:10.1.19]
	at org.apache.catalina.core.ApplicationFilterChain.doFilter(ApplicationFilterChain.java:149) ~[tomcat-embed-core-10.1.19.jar:10.1.19]
	at org.springframework.web.filter.RequestContextFilter.doFilterInternal(RequestContextFilter.java:100) ~[spring-web-6.1.4.jar:6.1.4]
	at org.springframework.web.filter.OncePerRequestFilter.doFilter(OncePerRequestFilter.java:116) ~[spring-web-6.1.4.jar:6.1.4]
	at org.apache.catalina.core.ApplicationFilterChain.internalDoFilter(ApplicationFilterChain.java:174) ~[tomcat-embed-core-10.1.19.jar:10.1.19]
	at org.apache.catalina.core.ApplicationFilterChain.doFilter(ApplicationFilterChain.java:149) ~[tomcat-embed-core-10.1.19.jar:10.1.19]
	at org.springframework.web.filter.FormContentFilter.doFilterInternal(FormContentFilter.java:93) ~[spring-web-6.1.4.jar:6.1.4]
	at org.springframework.web.filter.OncePerRequestFilter.doFilter(OncePerRequestFilter.java:116) ~[spring-web-6.1.4.jar:6.1.4]
	at org.apache.catalina.core.ApplicationFilterChain.internalDoFilter(ApplicationFilterChain.java:174) ~[tomcat-embed-core-10.1.19.jar:10.1.19]
	at org.apache.catalina.core.ApplicationFilterChain.doFilter(ApplicationFilterChain.java:149) ~[tomcat-embed-core-10.1.19.jar:10.1.19]
	at org.springframework.web.filter.CharacterEncodingFilter.doFilterInternal(CharacterEncodingFilter.java:201) ~[spring-web-6.1.4.jar:6.1.4]
	at org.springframework.web.filter.OncePerRequestFilter.doFilter(OncePerRequestFilter.java:116) ~[spring-web-6.1.4.jar:6.1.4]
	at org.apache.catalina.core.ApplicationFilterChain.internalDoFilter(ApplicationFilterChain.java:174) ~[tomcat-embed-core-10.1.19.jar:10.1.19]
	at org.apache.catalina.core.ApplicationFilterChain.doFilter(ApplicationFilterChain.java:149) ~[tomcat-embed-core-10.1.19.jar:10.1.19]
	at org.apache.catalina.core.StandardWrapperValve.invoke(StandardWrapperValve.java:167) ~[tomcat-embed-core-10.1.19.jar:10.1.19]
	at org.apache.catalina.core.StandardContextValve.invoke(StandardContextValve.java:90) ~[tomcat-embed-core-10.1.19.jar:10.1.19]
	at org.apache.catalina.authenticator.AuthenticatorBase.invoke(AuthenticatorBase.java:482) ~[tomcat-embed-core-10.1.19.jar:10.1.19]
	at org.apache.catalina.core.StandardHostValve.invoke(StandardHostValve.java:115) ~[tomcat-embed-core-10.1.19.jar:10.1.19]
	at org.apache.catalina.valves.ErrorReportValve.invoke(ErrorReportValve.java:93) ~[tomcat-embed-core-10.1.19.jar:10.1.19]
	at org.apache.catalina.core.StandardEngineValve.invoke(StandardEngineValve.java:74) ~[tomcat-embed-core-10.1.19.jar:10.1.19]
	at org.apache.catalina.connector.CoyoteAdapter.service(CoyoteAdapter.java:344) ~[tomcat-embed-core-10.1.19.jar:10.1.19]
	at org.apache.coyote.http11.Http11Processor.service(Http11Processor.java:391) ~[tomcat-embed-core-10.1.19.jar:10.1.19]
	at org.apache.coyote.AbstractProcessorLight.process(AbstractProcessorLight.java:63) ~[tomcat-embed-core-10.1.19.jar:10.1.19]
	at org.apache.coyote.AbstractProtocol$ConnectionHandler.process(AbstractProtocol.java:896) ~[tomcat-embed-core-10.1.19.jar:10.1.19]
	at org.apache.tomcat.util.net.NioEndpoint$SocketProcessor.doRun(NioEndpoint.java:1744) ~[tomcat-embed-core-10.1.19.jar:10.1.19]
	at org.apache.tomcat.util.net.SocketProcessorBase.run(SocketProcessorBase.java:52) ~[tomcat-embed-core-10.1.19.jar:10.1.19]
	at org.apache.tomcat.util.threads.ThreadPoolExecutor.runWorker(ThreadPoolExecutor.java:1191) ~[tomcat-embed-core-10.1.19.jar:10.1.19]
	at org.apache.tomcat.util.threads.ThreadPoolExecutor$Worker.run(ThreadPoolExecutor.java:659) ~[tomcat-embed-core-10.1.19.jar:10.1.19]
	at org.apache.tomcat.util.threads.TaskThread$WrappingRunnable.run(TaskThread.java:63) ~[tomcat-embed-core-10.1.19.jar:10.1.19]
	at java.base/java.lang.Thread.run(Thread.java:1583) ~[na:na]

2026-03-11T13:48:07.383+05:30  INFO 30380 --- [http-nio-8080-exec-2] c.s.api.controller.StudentController     : Fetching all students for School ID:2 and Year ID:2
2026-03-11T13:48:07.762+05:30  INFO 30380 --- [http-nio-8080-exec-6] c.s.api.controller.StudentController     : Fetching all students for School ID:2 and Year ID:2
2026-03-11T13:55:10.738+05:30  INFO 30380 --- [SpringApplicationShutdownHook] j.LocalContainerEntityManagerFactoryBean : Closing JPA EntityManagerFactory for persistence unit 'default'
2026-03-11T13:55:10.972+05:30  INFO 30380 --- [SpringApplicationShutdownHook] com.zaxxer.hikari.HikariDataSource       : SmartSchoolHikariPool - Shutdown initiated...
2026-03-11T13:55:11.104+05:30  INFO 30380 --- [SpringApplicationShutdownHook] com.zaxxer.hikari.HikariDataSource       : SmartSchoolHikariPool - Shutdown completed.
2026-03-11T15:51:58.085+05:30  INFO 10276 --- [main] c.smartschool.api.SmsBackendApplication  : Starting SmsBackendApplication using Java 21.0.9 with PID 10276 (C:\smart-school-pro\sms-backend\sms-backend\target\classes started by nikun in C:\smart-school-pro\sms-backend)
2026-03-11T15:51:58.089+05:30  INFO 10276 --- [main] c.smartschool.api.SmsBackendApplication  : No active profile set, falling back to 1 default profile: "default"
2026-03-11T15:52:05.987+05:30  INFO 10276 --- [main] .s.d.r.c.RepositoryConfigurationDelegate : Bootstrapping Spring Data JPA repositories in DEFAULT mode.
2026-03-11T15:52:06.498+05:30  INFO 10276 --- [main] .s.d.r.c.RepositoryConfigurationDelegate : Finished Spring Data repository scanning in 474 ms. Found 18 JPA repository interfaces.
2026-03-11T15:52:07.478+05:30  INFO 10276 --- [main] o.s.b.w.embedded.tomcat.TomcatWebServer  : Tomcat initialized with port 8080 (http)
2026-03-11T15:52:07.499+05:30  INFO 10276 --- [main] o.apache.catalina.core.StandardService   : Starting service [Tomcat]
2026-03-11T15:52:07.499+05:30  INFO 10276 --- [main] o.apache.catalina.core.StandardEngine    : Starting Servlet engine: [Apache Tomcat/10.1.19]
2026-03-11T15:52:07.603+05:30  INFO 10276 --- [main] o.a.c.c.C.[Tomcat].[localhost].[/]       : Initializing Spring embedded WebApplicationContext
2026-03-11T15:52:07.605+05:30  INFO 10276 --- [main] w.s.c.ServletWebServerApplicationContext : Root WebApplicationContext: initialization completed in 9431 ms
2026-03-11T15:52:07.899+05:30  INFO 10276 --- [main] o.hibernate.jpa.internal.util.LogHelper  : HHH000204: Processing PersistenceUnitInfo [name: default]
2026-03-11T15:52:07.985+05:30  INFO 10276 --- [main] org.hibernate.Version                    : HHH000412: Hibernate ORM core version 6.4.4.Final
2026-03-11T15:52:08.028+05:30  INFO 10276 --- [main] o.h.c.internal.RegionFactoryInitiator    : HHH000026: Second-level cache disabled
2026-03-11T15:52:08.734+05:30  INFO 10276 --- [main] o.s.o.j.p.SpringPersistenceUnitInfo      : No LoadTimeWeaver setup: ignoring JPA class transformer
2026-03-11T15:52:08.784+05:30  INFO 10276 --- [main] com.zaxxer.hikari.HikariDataSource       : SmartSchoolHikariPool - Starting...
2026-03-11T15:52:09.087+05:30  INFO 10276 --- [main] com.zaxxer.hikari.pool.HikariPool        : SmartSchoolHikariPool - Added connection com.mysql.cj.jdbc.ConnectionImpl@6bd7439d
2026-03-11T15:52:09.091+05:30  INFO 10276 --- [main] com.zaxxer.hikari.HikariDataSource       : SmartSchoolHikariPool - Start completed.
2026-03-11T15:52:09.194+05:30  WARN 10276 --- [main] org.hibernate.orm.deprecation            : HHH90000025: MySQL8Dialect does not need to be specified explicitly using 'hibernate.dialect' (remove the property setting and it will be selected by default)
2026-03-11T15:52:09.195+05:30  WARN 10276 --- [main] org.hibernate.orm.deprecation            : HHH90000026: MySQL8Dialect has been deprecated; use org.hibernate.dialect.MySQLDialect instead
2026-03-11T15:52:12.147+05:30  INFO 10276 --- [main] o.h.e.t.j.p.i.JtaPlatformInitiator       : HHH000489: No JTA platform available (set 'hibernate.transaction.jta.platform' to enable JTA platform integration)
2026-03-11T15:52:13.091+05:30  INFO 10276 --- [main] j.LocalContainerEntityManagerFactoryBean : Initialized JPA EntityManagerFactory for persistence unit 'default'
2026-03-11T15:52:14.553+05:30  INFO 10276 --- [main] o.s.d.j.r.query.QueryEnhancerFactory     : Hibernate is in classpath; If applicable, HQL parser will be used.
2026-03-11T15:52:15.836+05:30  WARN 10276 --- [main] JpaBaseConfiguration$JpaWebConfiguration : spring.jpa.open-in-view is enabled by default. Therefore, database queries may be performed during view rendering. Explicitly configure spring.jpa.open-in-view to disable this warning
2026-03-11T15:52:15.853+05:30  WARN 10276 --- [main] .s.s.UserDetailsServiceAutoConfiguration : 

Using generated security password: e0a0df61-556f-4033-9c0b-cd011579f01e

This generated password is for development use only. Your security configuration must be updated before running your application in production.

2026-03-11T15:52:16.233+05:30  INFO 10276 --- [main] o.s.s.web.DefaultSecurityFilterChain     : Will secure any request with [org.springframework.security.web.session.DisableEncodeUrlFilter@8afd00e, org.springframework.security.web.context.request.async.WebAsyncManagerIntegrationFilter@1bd7bdf, org.springframework.security.web.context.SecurityContextHolderFilter@5a8f777, org.springframework.security.web.header.HeaderWriterFilter@291b3e68, org.springframework.web.filter.CorsFilter@69e0f16, org.springframework.security.web.authentication.logout.LogoutFilter@30336205, org.springframework.security.web.savedrequest.RequestCacheAwareFilter@2e06a7e4, org.springframework.security.web.servletapi.SecurityContextHolderAwareRequestFilter@6b928c79, org.springframework.security.web.authentication.AnonymousAuthenticationFilter@2ece1629, org.springframework.security.web.session.SessionManagementFilter@3f4e090c, org.springframework.security.web.access.ExceptionTranslationFilter@296eda6c, org.springframework.security.web.access.intercept.AuthorizationFilter@29d409e5]
2026-03-11T15:52:16.488+05:30  INFO 10276 --- [main] o.s.b.w.embedded.tomcat.TomcatWebServer  : Tomcat started on port 8080 (http) with context path ''
2026-03-11T15:52:16.498+05:30  INFO 10276 --- [main] c.smartschool.api.SmsBackendApplication  : Started SmsBackendApplication in 19.527 seconds (process running for 23.198)
2026-03-11T15:52:18.285+05:30  INFO 10276 --- [http-nio-8080-exec-2] o.a.c.c.C.[Tomcat].[localhost].[/]       : Initializing Spring DispatcherServlet 'dispatcherServlet'
2026-03-11T15:52:18.287+05:30  INFO 10276 --- [http-nio-8080-exec-2] o.s.web.servlet.DispatcherServlet        : Initializing Servlet 'dispatcherServlet'
2026-03-11T15:52:18.288+05:30  INFO 10276 --- [http-nio-8080-exec-2] o.s.web.servlet.DispatcherServlet        : Completed initialization in 1 ms
2026-03-11T15:52:18.469+05:30  INFO 10276 --- [http-nio-8080-exec-2] c.s.api.controller.AuthController        : Login attempt for username: rajesh@school.com
2026-03-11T15:52:18.778+05:30  INFO 10276 --- [http-nio-8080-exec-2] c.s.api.serviceImpl.AuthServiceImpl      : Teacher 'Rajesh Kumar' (id=1) logged in.
2026-03-11T15:52:18.778+05:30  INFO 10276 --- [http-nio-8080-exec-2] c.s.api.controller.AuthController        : Login successful for username: rajesh@school.com, role: ROLE_TEACHER
2026-03-11T15:55:14.360+05:30  INFO 10276 --- [http-nio-8080-exec-7] c.s.api.controller.StudentController     : Fetching all students for School ID:2 and Year ID:2
2026-03-11T15:55:14.779+05:30  INFO 10276 --- [http-nio-8080-exec-9] c.s.api.controller.StudentController     : Fetching all students for School ID:2 and Year ID:2
2026-03-11T15:55:28.669+05:30  INFO 10276 --- [http-nio-8080-exec-4] c.s.api.controller.StudentController     : Fetching all students for School ID:2 and Year ID:2
2026-03-11T15:55:28.704+05:30  INFO 10276 --- [http-nio-8080-exec-5] c.s.api.controller.StudentController     : Fetching all students for School ID:2 and Year ID:2
2026-03-11T15:55:37.443+05:30  WARN 10276 --- [http-nio-8080-exec-2] c.s.a.controller.ClassTeacherController  : Soft-deleting mapping ID: 2
2026-03-11T15:55:37.727+05:30  INFO 10276 --- [http-nio-8080-exec-2] c.s.a.controller.ClassTeacherController  : Mapping ID:2 inactivated.
2026-03-11T15:55:44.929+05:30  INFO 10276 --- [http-nio-8080-exec-4] c.s.a.controller.ClassTeacherController  : Assigning teacherId:1 to classId:5 sectionId:4 for year ID:2
2026-03-11T15:55:44.937+05:30  INFO 10276 --- [http-nio-8080-exec-4] c.s.a.s.ClassTeacherServiceImpl          : Assigning class teacher: teacherId=1 classId=5 sectionId=4 yearId=2
2026-03-11T15:55:45.089+05:30  INFO 10276 --- [http-nio-8080-exec-4] c.s.a.controller.ClassTeacherController  : Teacher mapping created. ID: 3
2026-03-11T16:03:58.291+05:30  INFO 10276 --- [SpringApplicationShutdownHook] j.LocalContainerEntityManagerFactoryBean : Closing JPA EntityManagerFactory for persistence unit 'default'
2026-03-11T16:03:58.409+05:30  INFO 10276 --- [SpringApplicationShutdownHook] com.zaxxer.hikari.HikariDataSource       : SmartSchoolHikariPool - Shutdown initiated...
2026-03-11T16:03:58.707+05:30  INFO 10276 --- [SpringApplicationShutdownHook] com.zaxxer.hikari.HikariDataSource       : SmartSchoolHikariPool - Shutdown completed.
2026-03-11T16:04:06.525+05:30  INFO 27268 --- [main] c.smartschool.api.SmsBackendApplication  : Starting SmsBackendApplication using Java 21.0.9 with PID 27268 (C:\smart-school-pro\sms-backend\sms-backend\target\classes started by nikun in C:\smart-school-pro\sms-backend)
2026-03-11T16:04:06.527+05:30  INFO 27268 --- [main] c.smartschool.api.SmsBackendApplication  : No active profile set, falling back to 1 default profile: "default"
2026-03-11T16:04:07.497+05:30  INFO 27268 --- [main] .s.d.r.c.RepositoryConfigurationDelegate : Bootstrapping Spring Data JPA repositories in DEFAULT mode.
2026-03-11T16:04:07.696+05:30  INFO 27268 --- [main] .s.d.r.c.RepositoryConfigurationDelegate : Finished Spring Data repository scanning in 187 ms. Found 18 JPA repository interfaces.
2026-03-11T16:04:08.526+05:30  INFO 27268 --- [main] o.s.b.w.embedded.tomcat.TomcatWebServer  : Tomcat initialized with port 8080 (http)
2026-03-11T16:04:08.540+05:30  INFO 27268 --- [main] o.apache.catalina.core.StandardService   : Starting service [Tomcat]
2026-03-11T16:04:08.540+05:30  INFO 27268 --- [main] o.apache.catalina.core.StandardEngine    : Starting Servlet engine: [Apache Tomcat/10.1.19]
2026-03-11T16:04:08.603+05:30  INFO 27268 --- [main] o.a.c.c.C.[Tomcat].[localhost].[/]       : Initializing Spring embedded WebApplicationContext
2026-03-11T16:04:08.603+05:30  INFO 27268 --- [main] w.s.c.ServletWebServerApplicationContext : Root WebApplicationContext: initialization completed in 2026 ms
2026-03-11T16:04:08.774+05:30  INFO 27268 --- [main] o.hibernate.jpa.internal.util.LogHelper  : HHH000204: Processing PersistenceUnitInfo [name: default]
2026-03-11T16:04:08.846+05:30  INFO 27268 --- [main] org.hibernate.Version                    : HHH000412: Hibernate ORM core version 6.4.4.Final
2026-03-11T16:04:08.880+05:30  INFO 27268 --- [main] o.h.c.internal.RegionFactoryInitiator    : HHH000026: Second-level cache disabled
2026-03-11T16:04:09.129+05:30  INFO 27268 --- [main] o.s.o.j.p.SpringPersistenceUnitInfo      : No LoadTimeWeaver setup: ignoring JPA class transformer
2026-03-11T16:04:09.156+05:30  INFO 27268 --- [main] com.zaxxer.hikari.HikariDataSource       : SmartSchoolHikariPool - Starting...
2026-03-11T16:04:09.360+05:30  INFO 27268 --- [main] com.zaxxer.hikari.pool.HikariPool        : SmartSchoolHikariPool - Added connection com.mysql.cj.jdbc.ConnectionImpl@4656fcc5
2026-03-11T16:04:09.362+05:30  INFO 27268 --- [main] com.zaxxer.hikari.HikariDataSource       : SmartSchoolHikariPool - Start completed.
2026-03-11T16:04:09.450+05:30  WARN 27268 --- [main] org.hibernate.orm.deprecation            : HHH90000025: MySQL8Dialect does not need to be specified explicitly using 'hibernate.dialect' (remove the property setting and it will be selected by default)
2026-03-11T16:04:09.450+05:30  WARN 27268 --- [main] org.hibernate.orm.deprecation            : HHH90000026: MySQL8Dialect has been deprecated; use org.hibernate.dialect.MySQLDialect instead
2026-03-11T16:04:10.595+05:30  INFO 27268 --- [main] o.h.e.t.j.p.i.JtaPlatformInitiator       : HHH000489: No JTA platform available (set 'hibernate.transaction.jta.platform' to enable JTA platform integration)
2026-03-11T16:04:10.950+05:30  INFO 27268 --- [main] j.LocalContainerEntityManagerFactoryBean : Initialized JPA EntityManagerFactory for persistence unit 'default'
2026-03-11T16:04:11.305+05:30  INFO 27268 --- [main] o.s.d.j.r.query.QueryEnhancerFactory     : Hibernate is in classpath; If applicable, HQL parser will be used.
2026-03-11T16:04:12.466+05:30  WARN 27268 --- [main] JpaBaseConfiguration$JpaWebConfiguration : spring.jpa.open-in-view is enabled by default. Therefore, database queries may be performed during view rendering. Explicitly configure spring.jpa.open-in-view to disable this warning
2026-03-11T16:04:12.471+05:30  WARN 27268 --- [main] .s.s.UserDetailsServiceAutoConfiguration : 

Using generated security password: 2d0f3202-00ae-4787-9e2f-9b91afc3dd33

This generated password is for development use only. Your security configuration must be updated before running your application in production.

2026-03-11T16:04:12.790+05:30  INFO 27268 --- [main] o.s.s.web.DefaultSecurityFilterChain     : Will secure any request with [org.springframework.security.web.session.DisableEncodeUrlFilter@29d409e5, org.springframework.security.web.context.request.async.WebAsyncManagerIntegrationFilter@2aa5a02e, org.springframework.security.web.context.SecurityContextHolderFilter@3f4e090c, org.springframework.security.web.header.HeaderWriterFilter@6a6e6278, org.springframework.web.filter.CorsFilter@cb4999d, org.springframework.security.web.authentication.logout.LogoutFilter@6dc4b990, org.springframework.security.web.savedrequest.RequestCacheAwareFilter@2a8ff32, org.springframework.security.web.servletapi.SecurityContextHolderAwareRequestFilter@5a8f777, org.springframework.security.web.authentication.AnonymousAuthenticationFilter@8afd00e, org.springframework.security.web.session.SessionManagementFilter@1a5247c8, org.springframework.security.web.access.ExceptionTranslationFilter@41e5450f, org.springframework.security.web.access.intercept.AuthorizationFilter@3ac726af]
2026-03-11T16:04:12.979+05:30  INFO 27268 --- [main] o.s.b.w.embedded.tomcat.TomcatWebServer  : Tomcat started on port 8080 (http) with context path ''
2026-03-11T16:04:12.983+05:30  INFO 27268 --- [main] c.smartschool.api.SmsBackendApplication  : Started SmsBackendApplication in 6.955 seconds (process running for 7.608)
2026-03-11T16:04:17.241+05:30  INFO 27268 --- [http-nio-8080-exec-2] o.a.c.c.C.[Tomcat].[localhost].[/]       : Initializing Spring DispatcherServlet 'dispatcherServlet'
2026-03-11T16:04:17.242+05:30  INFO 27268 --- [http-nio-8080-exec-2] o.s.web.servlet.DispatcherServlet        : Initializing Servlet 'dispatcherServlet'
2026-03-11T16:04:17.243+05:30  INFO 27268 --- [http-nio-8080-exec-2] o.s.web.servlet.DispatcherServlet        : Completed initialization in 1 ms
2026-03-11T16:06:06.270+05:30  INFO 27268 --- [SpringApplicationShutdownHook] j.LocalContainerEntityManagerFactoryBean : Closing JPA EntityManagerFactory for persistence unit 'default'
2026-03-11T16:06:06.290+05:30  INFO 27268 --- [SpringApplicationShutdownHook] com.zaxxer.hikari.HikariDataSource       : SmartSchoolHikariPool - Shutdown initiated...
2026-03-11T16:06:06.338+05:30  INFO 27268 --- [SpringApplicationShutdownHook] com.zaxxer.hikari.HikariDataSource       : SmartSchoolHikariPool - Shutdown completed.
2026-03-11T16:06:11.958+05:30  INFO 30752 --- [main] c.smartschool.api.SmsBackendApplication  : Starting SmsBackendApplication using Java 21.0.9 with PID 30752 (C:\smart-school-pro\sms-backend\sms-backend\target\classes started by nikun in C:\smart-school-pro\sms-backend)
2026-03-11T16:06:11.960+05:30  INFO 30752 --- [main] c.smartschool.api.SmsBackendApplication  : No active profile set, falling back to 1 default profile: "default"
2026-03-11T16:06:12.816+05:30  INFO 30752 --- [main] .s.d.r.c.RepositoryConfigurationDelegate : Bootstrapping Spring Data JPA repositories in DEFAULT mode.
2026-03-11T16:06:12.935+05:30  INFO 30752 --- [main] .s.d.r.c.RepositoryConfigurationDelegate : Finished Spring Data repository scanning in 112 ms. Found 18 JPA repository interfaces.
2026-03-11T16:06:18.568+05:30  INFO 30752 --- [main] o.s.b.w.embedded.tomcat.TomcatWebServer  : Tomcat initialized with port 8080 (http)
2026-03-11T16:06:18.590+05:30  INFO 30752 --- [main] o.apache.catalina.core.StandardService   : Starting service [Tomcat]
2026-03-11T16:06:18.591+05:30  INFO 30752 --- [main] o.apache.catalina.core.StandardEngine    : Starting Servlet engine: [Apache Tomcat/10.1.19]
2026-03-11T16:06:18.697+05:30  INFO 30752 --- [main] o.a.c.c.C.[Tomcat].[localhost].[/]       : Initializing Spring embedded WebApplicationContext
2026-03-11T16:06:18.697+05:30  INFO 30752 --- [main] w.s.c.ServletWebServerApplicationContext : Root WebApplicationContext: initialization completed in 6688 ms
2026-03-11T16:06:19.077+05:30  INFO 30752 --- [main] o.hibernate.jpa.internal.util.LogHelper  : HHH000204: Processing PersistenceUnitInfo [name: default]
2026-03-11T16:06:19.167+05:30  INFO 30752 --- [main] org.hibernate.Version                    : HHH000412: Hibernate ORM core version 6.4.4.Final
2026-03-11T16:06:19.222+05:30  INFO 30752 --- [main] o.h.c.internal.RegionFactoryInitiator    : HHH000026: Second-level cache disabled
2026-03-11T16:06:19.568+05:30  INFO 30752 --- [main] o.s.o.j.p.SpringPersistenceUnitInfo      : No LoadTimeWeaver setup: ignoring JPA class transformer
2026-03-11T16:06:19.598+05:30  INFO 30752 --- [main] com.zaxxer.hikari.HikariDataSource       : SmartSchoolHikariPool - Starting...
2026-03-11T16:06:19.841+05:30  INFO 30752 --- [main] com.zaxxer.hikari.pool.HikariPool        : SmartSchoolHikariPool - Added connection com.mysql.cj.jdbc.ConnectionImpl@e972ee1
2026-03-11T16:06:19.845+05:30  INFO 30752 --- [main] com.zaxxer.hikari.HikariDataSource       : SmartSchoolHikariPool - Start completed.
2026-03-11T16:06:19.942+05:30  WARN 30752 --- [main] org.hibernate.orm.deprecation            : HHH90000025: MySQL8Dialect does not need to be specified explicitly using 'hibernate.dialect' (remove the property setting and it will be selected by default)
2026-03-11T16:06:19.942+05:30  WARN 30752 --- [main] org.hibernate.orm.deprecation            : HHH90000026: MySQL8Dialect has been deprecated; use org.hibernate.dialect.MySQLDialect instead
2026-03-11T16:06:21.312+05:30  INFO 30752 --- [main] o.h.e.t.j.p.i.JtaPlatformInitiator       : HHH000489: No JTA platform available (set 'hibernate.transaction.jta.platform' to enable JTA platform integration)
2026-03-11T16:06:21.677+05:30  INFO 30752 --- [main] j.LocalContainerEntityManagerFactoryBean : Initialized JPA EntityManagerFactory for persistence unit 'default'
2026-03-11T16:06:22.044+05:30  INFO 30752 --- [main] o.s.d.j.r.query.QueryEnhancerFactory     : Hibernate is in classpath; If applicable, HQL parser will be used.
2026-03-11T16:06:23.051+05:30  WARN 30752 --- [main] ConfigServletWebServerApplicationContext : Exception encountered during context initialization - cancelling refresh attempt: org.springframework.beans.factory.UnsatisfiedDependencyException: Error creating bean with name 'attendanceController': Unsatisfied dependency expressed through field 'studentService': Error creating bean with name 'studentServiceImpl': Unsatisfied dependency expressed through field 'passwordEncoder': No qualifying bean of type 'org.springframework.security.crypto.password.PasswordEncoder' available: expected at least 1 bean which qualifies as autowire candidate. Dependency annotations: {@org.springframework.beans.factory.annotation.Autowired(required=true)}
2026-03-11T16:06:23.052+05:30  INFO 30752 --- [main] j.LocalContainerEntityManagerFactoryBean : Closing JPA EntityManagerFactory for persistence unit 'default'
2026-03-11T16:06:23.053+05:30  INFO 30752 --- [main] com.zaxxer.hikari.HikariDataSource       : SmartSchoolHikariPool - Shutdown initiated...
2026-03-11T16:06:23.060+05:30  INFO 30752 --- [main] com.zaxxer.hikari.HikariDataSource       : SmartSchoolHikariPool - Shutdown completed.
2026-03-11T16:06:23.062+05:30  INFO 30752 --- [main] o.apache.catalina.core.StandardService   : Stopping service [Tomcat]
2026-03-11T16:06:23.071+05:30  INFO 30752 --- [main] .s.b.a.l.ConditionEvaluationReportLogger : 

Error starting ApplicationContext. To display the condition evaluation report re-run your application with 'debug' enabled.
2026-03-11T16:06:23.092+05:30 ERROR 30752 --- [main] o.s.b.d.LoggingFailureAnalysisReporter   : 

***************************
APPLICATION FAILED TO START
***************************

Description:

Field passwordEncoder in com.smartschool.api.serviceImpl.StudentServiceImpl required a bean of type 'org.springframework.security.crypto.password.PasswordEncoder' that could not be found.

The injection point has the following annotations:
	- @org.springframework.beans.factory.annotation.Autowired(required=true)


Action:

Consider defining a bean of type 'org.springframework.security.crypto.password.PasswordEncoder' in your configuration.

2026-03-11T16:06:37.558+05:30  INFO 19432 --- [main] c.smartschool.api.SmsBackendApplication  : Starting SmsBackendApplication using Java 21.0.9 with PID 19432 (C:\smart-school-pro\sms-backend\sms-backend\target\classes started by nikun in C:\smart-school-pro\sms-backend)
2026-03-11T16:06:37.560+05:30  INFO 19432 --- [main] c.smartschool.api.SmsBackendApplication  : No active profile set, falling back to 1 default profile: "default"
2026-03-11T16:06:38.370+05:30  INFO 19432 --- [main] .s.d.r.c.RepositoryConfigurationDelegate : Bootstrapping Spring Data JPA repositories in DEFAULT mode.
2026-03-11T16:06:38.488+05:30  INFO 19432 --- [main] .s.d.r.c.RepositoryConfigurationDelegate : Finished Spring Data repository scanning in 110 ms. Found 18 JPA repository interfaces.
2026-03-11T16:06:39.033+05:30  INFO 19432 --- [main] o.s.b.w.embedded.tomcat.TomcatWebServer  : Tomcat initialized with port 8080 (http)
2026-03-11T16:06:39.041+05:30  INFO 19432 --- [main] o.apache.catalina.core.StandardService   : Starting service [Tomcat]
2026-03-11T16:06:39.041+05:30  INFO 19432 --- [main] o.apache.catalina.core.StandardEngine    : Starting Servlet engine: [Apache Tomcat/10.1.19]
2026-03-11T16:06:39.094+05:30  INFO 19432 --- [main] o.a.c.c.C.[Tomcat].[localhost].[/]       : Initializing Spring embedded WebApplicationContext
2026-03-11T16:06:39.096+05:30  INFO 19432 --- [main] w.s.c.ServletWebServerApplicationContext : Root WebApplicationContext: initialization completed in 1484 ms
2026-03-11T16:06:39.218+05:30  INFO 19432 --- [main] o.hibernate.jpa.internal.util.LogHelper  : HHH000204: Processing PersistenceUnitInfo [name: default]
2026-03-11T16:06:39.265+05:30  INFO 19432 --- [main] org.hibernate.Version                    : HHH000412: Hibernate ORM core version 6.4.4.Final
2026-03-11T16:06:39.301+05:30  INFO 19432 --- [main] o.h.c.internal.RegionFactoryInitiator    : HHH000026: Second-level cache disabled
2026-03-11T16:06:39.469+05:30  INFO 19432 --- [main] o.s.o.j.p.SpringPersistenceUnitInfo      : No LoadTimeWeaver setup: ignoring JPA class transformer
2026-03-11T16:06:39.504+05:30  INFO 19432 --- [main] com.zaxxer.hikari.HikariDataSource       : SmartSchoolHikariPool - Starting...
2026-03-11T16:06:39.634+05:30  INFO 19432 --- [main] com.zaxxer.hikari.pool.HikariPool        : SmartSchoolHikariPool - Added connection com.mysql.cj.jdbc.ConnectionImpl@687a0e40
2026-03-11T16:06:39.634+05:30  INFO 19432 --- [main] com.zaxxer.hikari.HikariDataSource       : SmartSchoolHikariPool - Start completed.
2026-03-11T16:06:39.677+05:30  WARN 19432 --- [main] org.hibernate.orm.deprecation            : HHH90000025: MySQL8Dialect does not need to be specified explicitly using 'hibernate.dialect' (remove the property setting and it will be selected by default)
2026-03-11T16:06:39.677+05:30  WARN 19432 --- [main] org.hibernate.orm.deprecation            : HHH90000026: MySQL8Dialect has been deprecated; use org.hibernate.dialect.MySQLDialect instead
2026-03-11T16:06:40.729+05:30  INFO 19432 --- [main] o.h.e.t.j.p.i.JtaPlatformInitiator       : HHH000489: No JTA platform available (set 'hibernate.transaction.jta.platform' to enable JTA platform integration)
2026-03-11T16:06:41.027+05:30  INFO 19432 --- [main] j.LocalContainerEntityManagerFactoryBean : Initialized JPA EntityManagerFactory for persistence unit 'default'
2026-03-11T16:06:41.347+05:30  INFO 19432 --- [main] o.s.d.j.r.query.QueryEnhancerFactory     : Hibernate is in classpath; If applicable, HQL parser will be used.
2026-03-11T16:06:42.347+05:30  WARN 19432 --- [main] ConfigServletWebServerApplicationContext : Exception encountered during context initialization - cancelling refresh attempt: org.springframework.beans.factory.UnsatisfiedDependencyException: Error creating bean with name 'attendanceController': Unsatisfied dependency expressed through field 'studentService': Error creating bean with name 'studentServiceImpl': Unsatisfied dependency expressed through field 'passwordEncoder': No qualifying bean of type 'org.springframework.security.crypto.password.PasswordEncoder' available: expected at least 1 bean which qualifies as autowire candidate. Dependency annotations: {@org.springframework.beans.factory.annotation.Autowired(required=true)}
2026-03-11T16:06:42.347+05:30  INFO 19432 --- [main] j.LocalContainerEntityManagerFactoryBean : Closing JPA EntityManagerFactory for persistence unit 'default'
2026-03-11T16:06:42.349+05:30  INFO 19432 --- [main] com.zaxxer.hikari.HikariDataSource       : SmartSchoolHikariPool - Shutdown initiated...
2026-03-11T16:06:42.357+05:30  INFO 19432 --- [main] com.zaxxer.hikari.HikariDataSource       : SmartSchoolHikariPool - Shutdown completed.
2026-03-11T16:06:42.360+05:30  INFO 19432 --- [main] o.apache.catalina.core.StandardService   : Stopping service [Tomcat]
2026-03-11T16:06:42.378+05:30  INFO 19432 --- [main] .s.b.a.l.ConditionEvaluationReportLogger : 

Error starting ApplicationContext. To display the condition evaluation report re-run your application with 'debug' enabled.
2026-03-11T16:06:42.405+05:30 ERROR 19432 --- [main] o.s.b.d.LoggingFailureAnalysisReporter   : 

***************************
APPLICATION FAILED TO START
***************************

Description:

Field passwordEncoder in com.smartschool.api.serviceImpl.StudentServiceImpl required a bean of type 'org.springframework.security.crypto.password.PasswordEncoder' that could not be found.

The injection point has the following annotations:
	- @org.springframework.beans.factory.annotation.Autowired(required=true)


Action:

Consider defining a bean of type 'org.springframework.security.crypto.password.PasswordEncoder' in your configuration.

2026-03-11T16:07:24.831+05:30  INFO 11844 --- [main] c.smartschool.api.SmsBackendApplication  : Starting SmsBackendApplication using Java 21.0.9 with PID 11844 (C:\smart-school-pro\sms-backend\sms-backend\target\classes started by nikun in C:\smart-school-pro\sms-backend)
2026-03-11T16:07:24.832+05:30  INFO 11844 --- [main] c.smartschool.api.SmsBackendApplication  : No active profile set, falling back to 1 default profile: "default"
2026-03-11T16:07:25.690+05:30  INFO 11844 --- [main] .s.d.r.c.RepositoryConfigurationDelegate : Bootstrapping Spring Data JPA repositories in DEFAULT mode.
2026-03-11T16:07:25.809+05:30  INFO 11844 --- [main] .s.d.r.c.RepositoryConfigurationDelegate : Finished Spring Data repository scanning in 112 ms. Found 18 JPA repository interfaces.
2026-03-11T16:07:26.317+05:30  INFO 11844 --- [main] o.s.b.w.embedded.tomcat.TomcatWebServer  : Tomcat initialized with port 8080 (http)
2026-03-11T16:07:26.325+05:30  INFO 11844 --- [main] o.apache.catalina.core.StandardService   : Starting service [Tomcat]
2026-03-11T16:07:26.325+05:30  INFO 11844 --- [main] o.apache.catalina.core.StandardEngine    : Starting Servlet engine: [Apache Tomcat/10.1.19]
2026-03-11T16:07:26.383+05:30  INFO 11844 --- [main] o.a.c.c.C.[Tomcat].[localhost].[/]       : Initializing Spring embedded WebApplicationContext
2026-03-11T16:07:26.383+05:30  INFO 11844 --- [main] w.s.c.ServletWebServerApplicationContext : Root WebApplicationContext: initialization completed in 1499 ms
2026-03-11T16:07:26.502+05:30  INFO 11844 --- [main] o.hibernate.jpa.internal.util.LogHelper  : HHH000204: Processing PersistenceUnitInfo [name: default]
2026-03-11T16:07:26.555+05:30  INFO 11844 --- [main] org.hibernate.Version                    : HHH000412: Hibernate ORM core version 6.4.4.Final
2026-03-11T16:07:26.589+05:30  INFO 11844 --- [main] o.h.c.internal.RegionFactoryInitiator    : HHH000026: Second-level cache disabled
2026-03-11T16:07:26.793+05:30  INFO 11844 --- [main] o.s.o.j.p.SpringPersistenceUnitInfo      : No LoadTimeWeaver setup: ignoring JPA class transformer
2026-03-11T16:07:26.808+05:30  INFO 11844 --- [main] com.zaxxer.hikari.HikariDataSource       : SmartSchoolHikariPool - Starting...
2026-03-11T16:07:26.940+05:30  INFO 11844 --- [main] com.zaxxer.hikari.pool.HikariPool        : SmartSchoolHikariPool - Added connection com.mysql.cj.jdbc.ConnectionImpl@28831d69
2026-03-11T16:07:26.945+05:30  INFO 11844 --- [main] com.zaxxer.hikari.HikariDataSource       : SmartSchoolHikariPool - Start completed.
2026-03-11T16:07:26.982+05:30  WARN 11844 --- [main] org.hibernate.orm.deprecation            : HHH90000025: MySQL8Dialect does not need to be specified explicitly using 'hibernate.dialect' (remove the property setting and it will be selected by default)
2026-03-11T16:07:26.982+05:30  WARN 11844 --- [main] org.hibernate.orm.deprecation            : HHH90000026: MySQL8Dialect has been deprecated; use org.hibernate.dialect.MySQLDialect instead
2026-03-11T16:07:28.117+05:30  INFO 11844 --- [main] o.h.e.t.j.p.i.JtaPlatformInitiator       : HHH000489: No JTA platform available (set 'hibernate.transaction.jta.platform' to enable JTA platform integration)
2026-03-11T16:07:28.413+05:30  INFO 11844 --- [main] j.LocalContainerEntityManagerFactoryBean : Initialized JPA EntityManagerFactory for persistence unit 'default'
2026-03-11T16:07:28.772+05:30  INFO 11844 --- [main] o.s.d.j.r.query.QueryEnhancerFactory     : Hibernate is in classpath; If applicable, HQL parser will be used.
2026-03-11T16:07:29.812+05:30  WARN 11844 --- [main] JpaBaseConfiguration$JpaWebConfiguration : spring.jpa.open-in-view is enabled by default. Therefore, database queries may be performed during view rendering. Explicitly configure spring.jpa.open-in-view to disable this warning
2026-03-11T16:07:29.826+05:30  WARN 11844 --- [main] .s.s.UserDetailsServiceAutoConfiguration : 

Using generated security password: 3d45157e-099f-43dc-80ad-07ab437682f9

This generated password is for development use only. Your security configuration must be updated before running your application in production.

2026-03-11T16:07:30.172+05:30  INFO 11844 --- [main] o.s.s.web.DefaultSecurityFilterChain     : Will secure any request with [org.springframework.security.web.session.DisableEncodeUrlFilter@30336205, org.springframework.security.web.context.request.async.WebAsyncManagerIntegrationFilter@787345aa, org.springframework.security.web.context.SecurityContextHolderFilter@53964b0e, org.springframework.security.web.header.HeaderWriterFilter@5e5df559, org.springframework.web.filter.CorsFilter@46fc79ed, org.springframework.security.web.authentication.logout.LogoutFilter@3c799d53, org.springframework.security.web.savedrequest.RequestCacheAwareFilter@67668cf7, org.springframework.security.web.servletapi.SecurityContextHolderAwareRequestFilter@3e024667, org.springframework.security.web.authentication.AnonymousAuthenticationFilter@3e71b1a4, org.springframework.security.web.session.SessionManagementFilter@6c2dec7f, org.springframework.security.web.access.ExceptionTranslationFilter@d158cbe, org.springframework.security.web.access.intercept.AuthorizationFilter@6dc4b990]
2026-03-11T16:07:30.358+05:30  INFO 11844 --- [main] o.s.b.w.embedded.tomcat.TomcatWebServer  : Tomcat started on port 8080 (http) with context path ''
2026-03-11T16:07:30.364+05:30  INFO 11844 --- [main] c.smartschool.api.SmsBackendApplication  : Started SmsBackendApplication in 5.984 seconds (process running for 6.482)
2026-03-11T16:07:34.728+05:30  INFO 11844 --- [http-nio-8080-exec-1] o.a.c.c.C.[Tomcat].[localhost].[/]       : Initializing Spring DispatcherServlet 'dispatcherServlet'
2026-03-11T16:07:34.728+05:30  INFO 11844 --- [http-nio-8080-exec-1] o.s.web.servlet.DispatcherServlet        : Initializing Servlet 'dispatcherServlet'
2026-03-11T16:07:34.728+05:30  INFO 11844 --- [http-nio-8080-exec-1] o.s.web.servlet.DispatcherServlet        : Completed initialization in 0 ms
2026-03-11T16:08:19.148+05:30  INFO 11844 --- [SpringApplicationShutdownHook] j.LocalContainerEntityManagerFactoryBean : Closing JPA EntityManagerFactory for persistence unit 'default'
2026-03-11T16:08:19.148+05:30  INFO 11844 --- [SpringApplicationShutdownHook] com.zaxxer.hikari.HikariDataSource       : SmartSchoolHikariPool - Shutdown initiated...
2026-03-11T16:08:19.160+05:30  INFO 11844 --- [SpringApplicationShutdownHook] com.zaxxer.hikari.HikariDataSource       : SmartSchoolHikariPool - Shutdown completed.
2026-03-11T16:08:25.345+05:30  INFO 26932 --- [main] c.smartschool.api.SmsBackendApplication  : Starting SmsBackendApplication using Java 21.0.9 with PID 26932 (C:\smart-school-pro\sms-backend\sms-backend\target\classes started by nikun in C:\smart-school-pro\sms-backend)
2026-03-11T16:08:25.345+05:30  INFO 26932 --- [main] c.smartschool.api.SmsBackendApplication  : No active profile set, falling back to 1 default profile: "default"
2026-03-11T16:08:26.119+05:30  INFO 26932 --- [main] .s.d.r.c.RepositoryConfigurationDelegate : Bootstrapping Spring Data JPA repositories in DEFAULT mode.
2026-03-11T16:08:26.242+05:30  INFO 26932 --- [main] .s.d.r.c.RepositoryConfigurationDelegate : Finished Spring Data repository scanning in 109 ms. Found 18 JPA repository interfaces.
2026-03-11T16:08:26.760+05:30  INFO 26932 --- [main] o.s.b.w.embedded.tomcat.TomcatWebServer  : Tomcat initialized with port 8080 (http)
2026-03-11T16:08:26.776+05:30  INFO 26932 --- [main] o.apache.catalina.core.StandardService   : Starting service [Tomcat]
2026-03-11T16:08:26.776+05:30  INFO 26932 --- [main] o.apache.catalina.core.StandardEngine    : Starting Servlet engine: [Apache Tomcat/10.1.19]
2026-03-11T16:08:26.839+05:30  INFO 26932 --- [main] o.a.c.c.C.[Tomcat].[localhost].[/]       : Initializing Spring embedded WebApplicationContext
2026-03-11T16:08:26.839+05:30  INFO 26932 --- [main] w.s.c.ServletWebServerApplicationContext : Root WebApplicationContext: initialization completed in 1446 ms
2026-03-11T16:08:26.964+05:30  INFO 26932 --- [main] o.hibernate.jpa.internal.util.LogHelper  : HHH000204: Processing PersistenceUnitInfo [name: default]
2026-03-11T16:08:27.016+05:30  INFO 26932 --- [main] org.hibernate.Version                    : HHH000412: Hibernate ORM core version 6.4.4.Final
2026-03-11T16:08:27.046+05:30  INFO 26932 --- [main] o.h.c.internal.RegionFactoryInitiator    : HHH000026: Second-level cache disabled
2026-03-11T16:08:27.251+05:30  INFO 26932 --- [main] o.s.o.j.p.SpringPersistenceUnitInfo      : No LoadTimeWeaver setup: ignoring JPA class transformer
2026-03-11T16:08:27.270+05:30  INFO 26932 --- [main] com.zaxxer.hikari.HikariDataSource       : SmartSchoolHikariPool - Starting...
2026-03-11T16:08:27.382+05:30  INFO 26932 --- [main] com.zaxxer.hikari.pool.HikariPool        : SmartSchoolHikariPool - Added connection com.mysql.cj.jdbc.ConnectionImpl@5df92089
2026-03-11T16:08:27.382+05:30  INFO 26932 --- [main] com.zaxxer.hikari.HikariDataSource       : SmartSchoolHikariPool - Start completed.
2026-03-11T16:08:27.430+05:30  WARN 26932 --- [main] org.hibernate.orm.deprecation            : HHH90000025: MySQL8Dialect does not need to be specified explicitly using 'hibernate.dialect' (remove the property setting and it will be selected by default)
2026-03-11T16:08:27.430+05:30  WARN 26932 --- [main] org.hibernate.orm.deprecation            : HHH90000026: MySQL8Dialect has been deprecated; use org.hibernate.dialect.MySQLDialect instead
2026-03-11T16:08:28.467+05:30  INFO 26932 --- [main] o.h.e.t.j.p.i.JtaPlatformInitiator       : HHH000489: No JTA platform available (set 'hibernate.transaction.jta.platform' to enable JTA platform integration)
2026-03-11T16:08:28.732+05:30  INFO 26932 --- [main] j.LocalContainerEntityManagerFactoryBean : Initialized JPA EntityManagerFactory for persistence unit 'default'
2026-03-11T16:08:29.077+05:30  INFO 26932 --- [main] o.s.d.j.r.query.QueryEnhancerFactory     : Hibernate is in classpath; If applicable, HQL parser will be used.
2026-03-11T16:08:30.102+05:30  WARN 26932 --- [main] JpaBaseConfiguration$JpaWebConfiguration : spring.jpa.open-in-view is enabled by default. Therefore, database queries may be performed during view rendering. Explicitly configure spring.jpa.open-in-view to disable this warning
2026-03-11T16:08:30.118+05:30  WARN 26932 --- [main] .s.s.UserDetailsServiceAutoConfiguration : 

Using generated security password: ba9dc170-cdc1-4b8f-b60b-c528f23fecef

This generated password is for development use only. Your security configuration must be updated before running your application in production.

2026-03-11T16:08:30.385+05:30  INFO 26932 --- [main] o.s.s.web.DefaultSecurityFilterChain     : Will secure any request with [org.springframework.security.web.session.DisableEncodeUrlFilter@6e1134e1, org.springframework.security.web.context.request.async.WebAsyncManagerIntegrationFilter@31fe5168, org.springframework.security.web.context.SecurityContextHolderFilter@5e5df559, org.springframework.security.web.header.HeaderWriterFilter@879ce67, org.springframework.web.filter.CorsFilter@3f02095, org.springframework.security.web.authentication.logout.LogoutFilter@37aa752a, org.springframework.security.web.savedrequest.RequestCacheAwareFilter@55d0650e, org.springframework.security.web.servletapi.SecurityContextHolderAwareRequestFilter@68606061, org.springframework.security.web.authentication.AnonymousAuthenticationFilter@1a6804d1, org.springframework.security.web.session.SessionManagementFilter@71cb67a1, org.springframework.security.web.access.ExceptionTranslationFilter@37de86e1, org.springframework.security.web.access.intercept.AuthorizationFilter@5db05003]
2026-03-11T16:08:30.550+05:30  INFO 26932 --- [main] o.s.b.w.embedded.tomcat.TomcatWebServer  : Tomcat started on port 8080 (http) with context path ''
2026-03-11T16:08:30.559+05:30  INFO 26932 --- [main] c.smartschool.api.SmsBackendApplication  : Started SmsBackendApplication in 5.69 seconds (process running for 6.152)
2026-03-11T16:08:35.166+05:30  INFO 26932 --- [http-nio-8080-exec-2] o.a.c.c.C.[Tomcat].[localhost].[/]       : Initializing Spring DispatcherServlet 'dispatcherServlet'
2026-03-11T16:08:35.167+05:30  INFO 26932 --- [http-nio-8080-exec-2] o.s.web.servlet.DispatcherServlet        : Initializing Servlet 'dispatcherServlet'
2026-03-11T16:08:35.169+05:30  INFO 26932 --- [http-nio-8080-exec-2] o.s.web.servlet.DispatcherServlet        : Completed initialization in 2 ms
2026-03-11T16:12:25.244+05:30  INFO 26932 --- [SpringApplicationShutdownHook] j.LocalContainerEntityManagerFactoryBean : Closing JPA EntityManagerFactory for persistence unit 'default'
2026-03-11T16:12:25.597+05:30  INFO 26932 --- [SpringApplicationShutdownHook] com.zaxxer.hikari.HikariDataSource       : SmartSchoolHikariPool - Shutdown initiated...
2026-03-11T16:12:27.986+05:30  INFO 26932 --- [SpringApplicationShutdownHook] com.zaxxer.hikari.HikariDataSource       : SmartSchoolHikariPool - Shutdown completed.
2026-03-11T16:13:01.038+05:30  INFO 17312 --- [main] c.smartschool.api.SmsBackendApplication  : Starting SmsBackendApplication using Java 21.0.9 with PID 17312 (C:\smart-school-pro\sms-backend\sms-backend\target\classes started by nikun in C:\smart-school-pro\sms-backend)
2026-03-11T16:13:01.042+05:30  INFO 17312 --- [main] c.smartschool.api.SmsBackendApplication  : No active profile set, falling back to 1 default profile: "default"
2026-03-11T16:13:02.212+05:30  INFO 17312 --- [main] .s.d.r.c.RepositoryConfigurationDelegate : Bootstrapping Spring Data JPA repositories in DEFAULT mode.
2026-03-11T16:13:02.406+05:30  INFO 17312 --- [main] .s.d.r.c.RepositoryConfigurationDelegate : Finished Spring Data repository scanning in 179 ms. Found 18 JPA repository interfaces.
2026-03-11T16:13:03.746+05:30  INFO 17312 --- [main] o.s.b.w.embedded.tomcat.TomcatWebServer  : Tomcat initialized with port 8080 (http)
2026-03-11T16:13:03.765+05:30  INFO 17312 --- [main] o.apache.catalina.core.StandardService   : Starting service [Tomcat]
2026-03-11T16:13:03.768+05:30  INFO 17312 --- [main] o.apache.catalina.core.StandardEngine    : Starting Servlet engine: [Apache Tomcat/10.1.19]
2026-03-11T16:13:03.858+05:30  INFO 17312 --- [main] o.a.c.c.C.[Tomcat].[localhost].[/]       : Initializing Spring embedded WebApplicationContext
2026-03-11T16:13:03.858+05:30  INFO 17312 --- [main] w.s.c.ServletWebServerApplicationContext : Root WebApplicationContext: initialization completed in 2757 ms
2026-03-11T16:13:04.083+05:30  INFO 17312 --- [main] o.hibernate.jpa.internal.util.LogHelper  : HHH000204: Processing PersistenceUnitInfo [name: default]
2026-03-11T16:13:04.172+05:30  INFO 17312 --- [main] org.hibernate.Version                    : HHH000412: Hibernate ORM core version 6.4.4.Final
2026-03-11T16:13:04.213+05:30  INFO 17312 --- [main] o.h.c.internal.RegionFactoryInitiator    : HHH000026: Second-level cache disabled
2026-03-11T16:13:04.532+05:30  INFO 17312 --- [main] o.s.o.j.p.SpringPersistenceUnitInfo      : No LoadTimeWeaver setup: ignoring JPA class transformer
2026-03-11T16:13:04.562+05:30  INFO 17312 --- [main] com.zaxxer.hikari.HikariDataSource       : SmartSchoolHikariPool - Starting...
2026-03-11T16:13:04.845+05:30  INFO 17312 --- [main] com.zaxxer.hikari.pool.HikariPool        : SmartSchoolHikariPool - Added connection com.mysql.cj.jdbc.ConnectionImpl@4a9869a8
2026-03-11T16:13:04.847+05:30  INFO 17312 --- [main] com.zaxxer.hikari.HikariDataSource       : SmartSchoolHikariPool - Start completed.
2026-03-11T16:13:04.932+05:30  WARN 17312 --- [main] org.hibernate.orm.deprecation            : HHH90000025: MySQL8Dialect does not need to be specified explicitly using 'hibernate.dialect' (remove the property setting and it will be selected by default)
2026-03-11T16:13:04.934+05:30  WARN 17312 --- [main] org.hibernate.orm.deprecation            : HHH90000026: MySQL8Dialect has been deprecated; use org.hibernate.dialect.MySQLDialect instead
2026-03-11T16:13:06.608+05:30  INFO 17312 --- [main] o.h.e.t.j.p.i.JtaPlatformInitiator       : HHH000489: No JTA platform available (set 'hibernate.transaction.jta.platform' to enable JTA platform integration)
2026-03-11T16:13:07.026+05:30  INFO 17312 --- [main] j.LocalContainerEntityManagerFactoryBean : Initialized JPA EntityManagerFactory for persistence unit 'default'
2026-03-11T16:13:07.472+05:30  INFO 17312 --- [main] o.s.d.j.r.query.QueryEnhancerFactory     : Hibernate is in classpath; If applicable, HQL parser will be used.
2026-03-11T16:13:09.169+05:30  WARN 17312 --- [main] JpaBaseConfiguration$JpaWebConfiguration : spring.jpa.open-in-view is enabled by default. Therefore, database queries may be performed during view rendering. Explicitly configure spring.jpa.open-in-view to disable this warning
2026-03-11T16:13:09.207+05:30  WARN 17312 --- [main] .s.s.UserDetailsServiceAutoConfiguration : 

Using generated security password: cbcc807c-5da3-484a-9df0-892b212f61ea

This generated password is for development use only. Your security configuration must be updated before running your application in production.

2026-03-11T16:13:09.683+05:30  INFO 17312 --- [main] o.s.s.web.DefaultSecurityFilterChain     : Will secure any request with [org.springframework.security.web.session.DisableEncodeUrlFilter@1bd7bdf, org.springframework.security.web.context.request.async.WebAsyncManagerIntegrationFilter@69e0f16, org.springframework.security.web.context.SecurityContextHolderFilter@4a6198a7, org.springframework.security.web.header.HeaderWriterFilter@307fe491, org.springframework.web.filter.CorsFilter@2ece1629, org.springframework.security.web.authentication.logout.LogoutFilter@787345aa, org.springframework.security.web.savedrequest.RequestCacheAwareFilter@6b928c79, org.springframework.security.web.servletapi.SecurityContextHolderAwareRequestFilter@29c3dd33, org.springframework.security.web.authentication.AnonymousAuthenticationFilter@58178c5e, org.springframework.security.web.session.SessionManagementFilter@37aa752a, org.springframework.security.web.access.ExceptionTranslationFilter@42c82f73, org.springframework.security.web.access.intercept.AuthorizationFilter@2aa5a02e]
2026-03-11T16:13:09.929+05:30  INFO 17312 --- [main] o.s.b.w.embedded.tomcat.TomcatWebServer  : Tomcat started on port 8080 (http) with context path ''
2026-03-11T16:13:09.938+05:30  INFO 17312 --- [main] c.smartschool.api.SmsBackendApplication  : Started SmsBackendApplication in 9.655 seconds (process running for 10.571)
2026-03-11T16:13:16.334+05:30  INFO 17312 --- [http-nio-8080-exec-2] o.a.c.c.C.[Tomcat].[localhost].[/]       : Initializing Spring DispatcherServlet 'dispatcherServlet'
2026-03-11T16:13:16.336+05:30  INFO 17312 --- [http-nio-8080-exec-2] o.s.web.servlet.DispatcherServlet        : Initializing Servlet 'dispatcherServlet'
2026-03-11T16:13:16.339+05:30  INFO 17312 --- [http-nio-8080-exec-2] o.s.web.servlet.DispatcherServlet        : Completed initialization in 2 ms
2026-03-11T16:13:16.665+05:30  INFO 17312 --- [http-nio-8080-exec-2] c.s.a.serviceImpl.ExamResultServiceImpl  : Bulk upload start — school=2 examSchedule=1 count=1
2026-03-11T16:13:17.479+05:30  INFO 17312 --- [http-nio-8080-exec-2] c.s.a.serviceImpl.ExamResultServiceImpl  : Bulk upload done — 1 results saved
2026-03-11T16:14:38.591+05:30 ERROR 17312 --- [http-nio-8080-exec-4] c.s.api.controller.ExamResultController  : Student result card error: Student nahi mila: id=7

java.lang.RuntimeException: Student nahi mila: id=7
	at com.smartschool.api.serviceImpl.ExamResultServiceImpl.lambda$getStudentResultCard$3(ExamResultServiceImpl.java:172) ~[classes/:na]
	at java.base/java.util.Optional.orElseThrow(Optional.java:403) ~[na:na]
	at com.smartschool.api.serviceImpl.ExamResultServiceImpl.getStudentResultCard(ExamResultServiceImpl.java:172) ~[classes/:na]
	at java.base/jdk.internal.reflect.DirectMethodHandleAccessor.invoke(DirectMethodHandleAccessor.java:103) ~[na:na]
	at java.base/java.lang.reflect.Method.invoke(Method.java:580) ~[na:na]
	at org.springframework.aop.support.AopUtils.invokeJoinpointUsingReflection(AopUtils.java:351) ~[spring-aop-6.1.4.jar:6.1.4]
	at org.springframework.aop.framework.CglibAopProxy$DynamicAdvisedInterceptor.intercept(CglibAopProxy.java:713) ~[spring-aop-6.1.4.jar:6.1.4]
	at com.smartschool.api.serviceImpl.ExamResultServiceImpl$$SpringCGLIB$$0.getStudentResultCard(<generated>) ~[classes/:na]
	at com.smartschool.api.controller.ExamResultController.getStudentResultCard(ExamResultController.java:110) ~[classes/:na]
	at java.base/jdk.internal.reflect.DirectMethodHandleAccessor.invoke(DirectMethodHandleAccessor.java:103) ~[na:na]
	at java.base/java.lang.reflect.Method.invoke(Method.java:580) ~[na:na]
	at org.springframework.web.method.support.InvocableHandlerMethod.doInvoke(InvocableHandlerMethod.java:259) ~[spring-web-6.1.4.jar:6.1.4]
	at org.springframework.web.method.support.InvocableHandlerMethod.invokeForRequest(InvocableHandlerMethod.java:192) ~[spring-web-6.1.4.jar:6.1.4]
	at org.springframework.web.servlet.mvc.method.annotation.ServletInvocableHandlerMethod.invokeAndHandle(ServletInvocableHandlerMethod.java:118) ~[spring-webmvc-6.1.4.jar:6.1.4]
	at org.springframework.web.servlet.mvc.method.annotation.RequestMappingHandlerAdapter.invokeHandlerMethod(RequestMappingHandlerAdapter.java:920) ~[spring-webmvc-6.1.4.jar:6.1.4]
	at org.springframework.web.servlet.mvc.method.annotation.RequestMappingHandlerAdapter.handleInternal(RequestMappingHandlerAdapter.java:830) ~[spring-webmvc-6.1.4.jar:6.1.4]
	at org.springframework.web.servlet.mvc.method.AbstractHandlerMethodAdapter.handle(AbstractHandlerMethodAdapter.java:87) ~[spring-webmvc-6.1.4.jar:6.1.4]
	at org.springframework.web.servlet.DispatcherServlet.doDispatch(DispatcherServlet.java:1089) ~[spring-webmvc-6.1.4.jar:6.1.4]
	at org.springframework.web.servlet.DispatcherServlet.doService(DispatcherServlet.java:979) ~[spring-webmvc-6.1.4.jar:6.1.4]
	at org.springframework.web.servlet.FrameworkServlet.processRequest(FrameworkServlet.java:1014) ~[spring-webmvc-6.1.4.jar:6.1.4]
	at org.springframework.web.servlet.FrameworkServlet.doGet(FrameworkServlet.java:903) ~[spring-webmvc-6.1.4.jar:6.1.4]
	at jakarta.servlet.http.HttpServlet.service(HttpServlet.java:564) ~[tomcat-embed-core-10.1.19.jar:6.0]
	at org.springframework.web.servlet.FrameworkServlet.service(FrameworkServlet.java:885) ~[spring-webmvc-6.1.4.jar:6.1.4]
	at jakarta.servlet.http.HttpServlet.service(HttpServlet.java:658) ~[tomcat-embed-core-10.1.19.jar:6.0]
	at org.apache.catalina.core.ApplicationFilterChain.internalDoFilter(ApplicationFilterChain.java:205) ~[tomcat-embed-core-10.1.19.jar:10.1.19]
	at org.apache.catalina.core.ApplicationFilterChain.doFilter(ApplicationFilterChain.java:149) ~[tomcat-embed-core-10.1.19.jar:10.1.19]
	at org.apache.tomcat.websocket.server.WsFilter.doFilter(WsFilter.java:51) ~[tomcat-embed-websocket-10.1.19.jar:10.1.19]
	at org.apache.catalina.core.ApplicationFilterChain.internalDoFilter(ApplicationFilterChain.java:174) ~[tomcat-embed-core-10.1.19.jar:10.1.19]
	at org.apache.catalina.core.ApplicationFilterChain.doFilter(ApplicationFilterChain.java:149) ~[tomcat-embed-core-10.1.19.jar:10.1.19]
	at org.springframework.web.filter.CompositeFilter$VirtualFilterChain.doFilter(CompositeFilter.java:108) ~[spring-web-6.1.4.jar:6.1.4]
	at org.springframework.security.web.FilterChainProxy.lambda$doFilterInternal$3(FilterChainProxy.java:231) ~[spring-security-web-6.2.2.jar:6.2.2]
	at org.springframework.security.web.FilterChainProxy$VirtualFilterChain.doFilter(FilterChainProxy.java:365) ~[spring-security-web-6.2.2.jar:6.2.2]
	at org.springframework.security.web.access.intercept.AuthorizationFilter.doFilter(AuthorizationFilter.java:100) ~[spring-security-web-6.2.2.jar:6.2.2]
	at org.springframework.security.web.FilterChainProxy$VirtualFilterChain.doFilter(FilterChainProxy.java:374) ~[spring-security-web-6.2.2.jar:6.2.2]
	at org.springframework.security.web.access.ExceptionTranslationFilter.doFilter(ExceptionTranslationFilter.java:126) ~[spring-security-web-6.2.2.jar:6.2.2]
	at org.springframework.security.web.access.ExceptionTranslationFilter.doFilter(ExceptionTranslationFilter.java:120) ~[spring-security-web-6.2.2.jar:6.2.2]
	at org.springframework.security.web.FilterChainProxy$VirtualFilterChain.doFilter(FilterChainProxy.java:374) ~[spring-security-web-6.2.2.jar:6.2.2]
	at org.springframework.security.web.session.SessionManagementFilter.doFilter(SessionManagementFilter.java:131) ~[spring-security-web-6.2.2.jar:6.2.2]
	at org.springframework.security.web.session.SessionManagementFilter.doFilter(SessionManagementFilter.java:85) ~[spring-security-web-6.2.2.jar:6.2.2]
	at org.springframework.security.web.FilterChainProxy$VirtualFilterChain.doFilter(FilterChainProxy.java:374) ~[spring-security-web-6.2.2.jar:6.2.2]
	at org.springframework.security.web.authentication.AnonymousAuthenticationFilter.doFilter(AnonymousAuthenticationFilter.java:100) ~[spring-security-web-6.2.2.jar:6.2.2]
	at org.springframework.security.web.FilterChainProxy$VirtualFilterChain.doFilter(FilterChainProxy.java:374) ~[spring-security-web-6.2.2.jar:6.2.2]
	at org.springframework.security.web.servletapi.SecurityContextHolderAwareRequestFilter.doFilter(SecurityContextHolderAwareRequestFilter.java:179) ~[spring-security-web-6.2.2.jar:6.2.2]
	at org.springframework.security.web.FilterChainProxy$VirtualFilterChain.doFilter(FilterChainProxy.java:374) ~[spring-security-web-6.2.2.jar:6.2.2]
	at org.springframework.security.web.savedrequest.RequestCacheAwareFilter.doFilter(RequestCacheAwareFilter.java:63) ~[spring-security-web-6.2.2.jar:6.2.2]
	at org.springframework.security.web.FilterChainProxy$VirtualFilterChain.doFilter(FilterChainProxy.java:374) ~[spring-security-web-6.2.2.jar:6.2.2]
	at org.springframework.security.web.authentication.logout.LogoutFilter.doFilter(LogoutFilter.java:107) ~[spring-security-web-6.2.2.jar:6.2.2]
	at org.springframework.security.web.authentication.logout.LogoutFilter.doFilter(LogoutFilter.java:93) ~[spring-security-web-6.2.2.jar:6.2.2]
	at org.springframework.security.web.FilterChainProxy$VirtualFilterChain.doFilter(FilterChainProxy.java:374) ~[spring-security-web-6.2.2.jar:6.2.2]
	at org.springframework.web.filter.CorsFilter.doFilterInternal(CorsFilter.java:91) ~[spring-web-6.1.4.jar:6.1.4]
	at org.springframework.web.filter.OncePerRequestFilter.doFilter(OncePerRequestFilter.java:116) ~[spring-web-6.1.4.jar:6.1.4]
	at org.springframework.security.web.FilterChainProxy$VirtualFilterChain.doFilter(FilterChainProxy.java:374) ~[spring-security-web-6.2.2.jar:6.2.2]
	at org.springframework.security.web.header.HeaderWriterFilter.doHeadersAfter(HeaderWriterFilter.java:90) ~[spring-security-web-6.2.2.jar:6.2.2]
	at org.springframework.security.web.header.HeaderWriterFilter.doFilterInternal(HeaderWriterFilter.java:75) ~[spring-security-web-6.2.2.jar:6.2.2]
	at org.springframework.web.filter.OncePerRequestFilter.doFilter(OncePerRequestFilter.java:116) ~[spring-web-6.1.4.jar:6.1.4]
	at org.springframework.security.web.FilterChainProxy$VirtualFilterChain.doFilter(FilterChainProxy.java:374) ~[spring-security-web-6.2.2.jar:6.2.2]
	at org.springframework.security.web.context.SecurityContextHolderFilter.doFilter(SecurityContextHolderFilter.java:82) ~[spring-security-web-6.2.2.jar:6.2.2]
	at org.springframework.security.web.context.SecurityContextHolderFilter.doFilter(SecurityContextHolderFilter.java:69) ~[spring-security-web-6.2.2.jar:6.2.2]
	at org.springframework.security.web.FilterChainProxy$VirtualFilterChain.doFilter(FilterChainProxy.java:374) ~[spring-security-web-6.2.2.jar:6.2.2]
	at org.springframework.security.web.context.request.async.WebAsyncManagerIntegrationFilter.doFilterInternal(WebAsyncManagerIntegrationFilter.java:62) ~[spring-security-web-6.2.2.jar:6.2.2]
	at org.springframework.web.filter.OncePerRequestFilter.doFilter(OncePerRequestFilter.java:116) ~[spring-web-6.1.4.jar:6.1.4]
	at org.springframework.security.web.FilterChainProxy$VirtualFilterChain.doFilter(FilterChainProxy.java:374) ~[spring-security-web-6.2.2.jar:6.2.2]
	at org.springframework.security.web.session.DisableEncodeUrlFilter.doFilterInternal(DisableEncodeUrlFilter.java:42) ~[spring-security-web-6.2.2.jar:6.2.2]
	at org.springframework.web.filter.OncePerRequestFilter.doFilter(OncePerRequestFilter.java:116) ~[spring-web-6.1.4.jar:6.1.4]
	at org.springframework.security.web.FilterChainProxy$VirtualFilterChain.doFilter(FilterChainProxy.java:374) ~[spring-security-web-6.2.2.jar:6.2.2]
	at org.springframework.security.web.FilterChainProxy.doFilterInternal(FilterChainProxy.java:233) ~[spring-security-web-6.2.2.jar:6.2.2]
	at org.springframework.security.web.FilterChainProxy.doFilter(FilterChainProxy.java:191) ~[spring-security-web-6.2.2.jar:6.2.2]
	at org.springframework.web.filter.CompositeFilter$VirtualFilterChain.doFilter(CompositeFilter.java:113) ~[spring-web-6.1.4.jar:6.1.4]
	at org.springframework.web.servlet.handler.HandlerMappingIntrospector.lambda$createCacheFilter$3(HandlerMappingIntrospector.java:195) ~[spring-webmvc-6.1.4.jar:6.1.4]
	at org.springframework.web.filter.CompositeFilter$VirtualFilterChain.doFilter(CompositeFilter.java:113) ~[spring-web-6.1.4.jar:6.1.4]
	at org.springframework.web.filter.CompositeFilter.doFilter(CompositeFilter.java:74) ~[spring-web-6.1.4.jar:6.1.4]
	at org.springframework.security.config.annotation.web.configuration.WebMvcSecurityConfiguration$CompositeFilterChainProxy.doFilter(WebMvcSecurityConfiguration.java:230) ~[spring-security-config-6.2.2.jar:6.2.2]
	at org.springframework.web.filter.DelegatingFilterProxy.invokeDelegate(DelegatingFilterProxy.java:352) ~[spring-web-6.1.4.jar:6.1.4]
	at org.springframework.web.filter.DelegatingFilterProxy.doFilter(DelegatingFilterProxy.java:268) ~[spring-web-6.1.4.jar:6.1.4]
	at org.apache.catalina.core.ApplicationFilterChain.internalDoFilter(ApplicationFilterChain.java:174) ~[tomcat-embed-core-10.1.19.jar:10.1.19]
	at org.apache.catalina.core.ApplicationFilterChain.doFilter(ApplicationFilterChain.java:149) ~[tomcat-embed-core-10.1.19.jar:10.1.19]
	at org.springframework.web.filter.RequestContextFilter.doFilterInternal(RequestContextFilter.java:100) ~[spring-web-6.1.4.jar:6.1.4]
	at org.springframework.web.filter.OncePerRequestFilter.doFilter(OncePerRequestFilter.java:116) ~[spring-web-6.1.4.jar:6.1.4]
	at org.apache.catalina.core.ApplicationFilterChain.internalDoFilter(ApplicationFilterChain.java:174) ~[tomcat-embed-core-10.1.19.jar:10.1.19]
	at org.apache.catalina.core.ApplicationFilterChain.doFilter(ApplicationFilterChain.java:149) ~[tomcat-embed-core-10.1.19.jar:10.1.19]
	at org.springframework.web.filter.FormContentFilter.doFilterInternal(FormContentFilter.java:93) ~[spring-web-6.1.4.jar:6.1.4]
	at org.springframework.web.filter.OncePerRequestFilter.doFilter(OncePerRequestFilter.java:116) ~[spring-web-6.1.4.jar:6.1.4]
	at org.apache.catalina.core.ApplicationFilterChain.internalDoFilter(ApplicationFilterChain.java:174) ~[tomcat-embed-core-10.1.19.jar:10.1.19]
	at org.apache.catalina.core.ApplicationFilterChain.doFilter(ApplicationFilterChain.java:149) ~[tomcat-embed-core-10.1.19.jar:10.1.19]
	at org.springframework.web.filter.CharacterEncodingFilter.doFilterInternal(CharacterEncodingFilter.java:201) ~[spring-web-6.1.4.jar:6.1.4]
	at org.springframework.web.filter.OncePerRequestFilter.doFilter(OncePerRequestFilter.java:116) ~[spring-web-6.1.4.jar:6.1.4]
	at org.apache.catalina.core.ApplicationFilterChain.internalDoFilter(ApplicationFilterChain.java:174) ~[tomcat-embed-core-10.1.19.jar:10.1.19]
	at org.apache.catalina.core.ApplicationFilterChain.doFilter(ApplicationFilterChain.java:149) ~[tomcat-embed-core-10.1.19.jar:10.1.19]
	at org.apache.catalina.core.StandardWrapperValve.invoke(StandardWrapperValve.java:167) ~[tomcat-embed-core-10.1.19.jar:10.1.19]
	at org.apache.catalina.core.StandardContextValve.invoke(StandardContextValve.java:90) ~[tomcat-embed-core-10.1.19.jar:10.1.19]
	at org.apache.catalina.authenticator.AuthenticatorBase.invoke(AuthenticatorBase.java:482) ~[tomcat-embed-core-10.1.19.jar:10.1.19]
	at org.apache.catalina.core.StandardHostValve.invoke(StandardHostValve.java:115) ~[tomcat-embed-core-10.1.19.jar:10.1.19]
	at org.apache.catalina.valves.ErrorReportValve.invoke(ErrorReportValve.java:93) ~[tomcat-embed-core-10.1.19.jar:10.1.19]
	at org.apache.catalina.core.StandardEngineValve.invoke(StandardEngineValve.java:74) ~[tomcat-embed-core-10.1.19.jar:10.1.19]
	at org.apache.catalina.connector.CoyoteAdapter.service(CoyoteAdapter.java:344) ~[tomcat-embed-core-10.1.19.jar:10.1.19]
	at org.apache.coyote.http11.Http11Processor.service(Http11Processor.java:391) ~[tomcat-embed-core-10.1.19.jar:10.1.19]
	at org.apache.coyote.AbstractProcessorLight.process(AbstractProcessorLight.java:63) ~[tomcat-embed-core-10.1.19.jar:10.1.19]
	at org.apache.coyote.AbstractProtocol$ConnectionHandler.process(AbstractProtocol.java:896) ~[tomcat-embed-core-10.1.19.jar:10.1.19]
	at org.apache.tomcat.util.net.NioEndpoint$SocketProcessor.doRun(NioEndpoint.java:1744) ~[tomcat-embed-core-10.1.19.jar:10.1.19]
	at org.apache.tomcat.util.net.SocketProcessorBase.run(SocketProcessorBase.java:52) ~[tomcat-embed-core-10.1.19.jar:10.1.19]
	at org.apache.tomcat.util.threads.ThreadPoolExecutor.runWorker(ThreadPoolExecutor.java:1191) ~[tomcat-embed-core-10.1.19.jar:10.1.19]
	at org.apache.tomcat.util.threads.ThreadPoolExecutor$Worker.run(ThreadPoolExecutor.java:659) ~[tomcat-embed-core-10.1.19.jar:10.1.19]
	at org.apache.tomcat.util.threads.TaskThread$WrappingRunnable.run(TaskThread.java:63) ~[tomcat-embed-core-10.1.19.jar:10.1.19]
	at java.base/java.lang.Thread.run(Thread.java:1583) ~[na:na]

2026-03-11T16:15:22.634+05:30  INFO 17312 --- [http-nio-8080-exec-6] c.s.api.controller.StudentController     : Fetching all students for School ID:2 and Year ID:2
2026-03-11T16:15:22.796+05:30  INFO 17312 --- [http-nio-8080-exec-8] c.s.api.controller.StudentController     : Fetching all students for School ID:2 and Year ID:2
2026-03-11T16:18:30.239+05:30  INFO 17312 --- [http-nio-8080-exec-10] c.s.api.controller.AuthController        : Login attempt for username: ramesh@student.com
2026-03-11T16:18:30.715+05:30  INFO 17312 --- [http-nio-8080-exec-10] c.s.api.serviceImpl.AuthServiceImpl      : Student 'Ramesh Sharma' (rollNo=STU-2026-001) logged in.
2026-03-11T16:18:30.717+05:30  INFO 17312 --- [http-nio-8080-exec-10] c.s.api.controller.AuthController        : Login successful for username: ramesh@student.com, role: ROLE_STUDENT
2026-03-11T16:19:40.401+05:30  INFO 17312 --- [SpringApplicationShutdownHook] j.LocalContainerEntityManagerFactoryBean : Closing JPA EntityManagerFactory for persistence unit 'default'
2026-03-11T16:19:40.478+05:30  INFO 17312 --- [SpringApplicationShutdownHook] com.zaxxer.hikari.HikariDataSource       : SmartSchoolHikariPool - Shutdown initiated...
2026-03-11T16:19:40.696+05:30  INFO 17312 --- [SpringApplicationShutdownHook] com.zaxxer.hikari.HikariDataSource       : SmartSchoolHikariPool - Shutdown completed.
2026-03-16T12:33:14.852+05:30  INFO 10608 --- [main] c.smartschool.api.SmsBackendApplication  : Starting SmsBackendApplication using Java 21.0.9 with PID 10608 (C:\smart-school-pro\sms-backend\sms-backend\target\classes started by nikun in C:\smart-school-pro\sms-backend)
2026-03-16T12:33:14.853+05:30  INFO 10608 --- [main] c.smartschool.api.SmsBackendApplication  : No active profile set, falling back to 1 default profile: "default"
2026-03-16T12:33:16.653+05:30  INFO 10608 --- [main] .s.d.r.c.RepositoryConfigurationDelegate : Bootstrapping Spring Data JPA repositories in DEFAULT mode.
2026-03-16T12:33:16.863+05:30  INFO 10608 --- [main] .s.d.r.c.RepositoryConfigurationDelegate : Finished Spring Data repository scanning in 196 ms. Found 18 JPA repository interfaces.
2026-03-16T12:33:17.671+05:30  INFO 10608 --- [main] o.s.b.w.embedded.tomcat.TomcatWebServer  : Tomcat initialized with port 8080 (http)
2026-03-16T12:33:17.693+05:30  INFO 10608 --- [main] o.apache.catalina.core.StandardService   : Starting service [Tomcat]
2026-03-16T12:33:17.695+05:30  INFO 10608 --- [main] o.apache.catalina.core.StandardEngine    : Starting Servlet engine: [Apache Tomcat/10.1.19]
2026-03-16T12:33:17.798+05:30  INFO 10608 --- [main] o.a.c.c.C.[Tomcat].[localhost].[/]       : Initializing Spring embedded WebApplicationContext
2026-03-16T12:33:17.798+05:30  INFO 10608 --- [main] w.s.c.ServletWebServerApplicationContext : Root WebApplicationContext: initialization completed in 2871 ms
2026-03-16T12:33:18.035+05:30  INFO 10608 --- [main] o.hibernate.jpa.internal.util.LogHelper  : HHH000204: Processing PersistenceUnitInfo [name: default]
2026-03-16T12:33:18.146+05:30  INFO 10608 --- [main] org.hibernate.Version                    : HHH000412: Hibernate ORM core version 6.4.4.Final
2026-03-16T12:33:18.272+05:30  INFO 10608 --- [main] o.h.c.internal.RegionFactoryInitiator    : HHH000026: Second-level cache disabled
2026-03-16T12:33:18.653+05:30  INFO 10608 --- [main] o.s.o.j.p.SpringPersistenceUnitInfo      : No LoadTimeWeaver setup: ignoring JPA class transformer
2026-03-16T12:33:18.690+05:30  INFO 10608 --- [main] com.zaxxer.hikari.HikariDataSource       : SmartSchoolHikariPool - Starting...
2026-03-16T12:33:19.018+05:30  INFO 10608 --- [main] com.zaxxer.hikari.pool.HikariPool        : SmartSchoolHikariPool - Added connection com.mysql.cj.jdbc.ConnectionImpl@171aa66
2026-03-16T12:33:19.018+05:30  INFO 10608 --- [main] com.zaxxer.hikari.HikariDataSource       : SmartSchoolHikariPool - Start completed.
2026-03-16T12:33:19.145+05:30  WARN 10608 --- [main] org.hibernate.orm.deprecation            : HHH90000025: MySQL8Dialect does not need to be specified explicitly using 'hibernate.dialect' (remove the property setting and it will be selected by default)
2026-03-16T12:33:19.145+05:30  WARN 10608 --- [main] org.hibernate.orm.deprecation            : HHH90000026: MySQL8Dialect has been deprecated; use org.hibernate.dialect.MySQLDialect instead
2026-03-16T12:33:20.832+05:30  INFO 10608 --- [main] o.h.e.t.j.p.i.JtaPlatformInitiator       : HHH000489: No JTA platform available (set 'hibernate.transaction.jta.platform' to enable JTA platform integration)
2026-03-16T12:33:21.334+05:30  INFO 10608 --- [main] j.LocalContainerEntityManagerFactoryBean : Initialized JPA EntityManagerFactory for persistence unit 'default'
2026-03-16T12:33:21.798+05:30  INFO 10608 --- [main] o.s.d.j.r.query.QueryEnhancerFactory     : Hibernate is in classpath; If applicable, HQL parser will be used.
2026-03-16T12:33:23.276+05:30  WARN 10608 --- [main] JpaBaseConfiguration$JpaWebConfiguration : spring.jpa.open-in-view is enabled by default. Therefore, database queries may be performed during view rendering. Explicitly configure spring.jpa.open-in-view to disable this warning
2026-03-16T12:33:23.286+05:30  WARN 10608 --- [main] .s.s.UserDetailsServiceAutoConfiguration : 

Using generated security password: 97629632-1e20-4f26-bf9c-09cdd7160048

This generated password is for development use only. Your security configuration must be updated before running your application in production.

2026-03-16T12:33:23.704+05:30  INFO 10608 --- [main] o.s.s.web.DefaultSecurityFilterChain     : Will secure any request with [org.springframework.security.web.session.DisableEncodeUrlFilter@a256322, org.springframework.security.web.context.request.async.WebAsyncManagerIntegrationFilter@6860341b, org.springframework.security.web.context.SecurityContextHolderFilter@32200389, org.springframework.security.web.header.HeaderWriterFilter@5fada492, org.springframework.web.filter.CorsFilter@668b1faf, org.springframework.security.web.authentication.logout.LogoutFilter@2ea55742, org.springframework.security.web.savedrequest.RequestCacheAwareFilter@6e1134e1, org.springframework.security.web.servletapi.SecurityContextHolderAwareRequestFilter@31fe5168, org.springframework.security.web.authentication.AnonymousAuthenticationFilter@170df9b8, org.springframework.security.web.session.SessionManagementFilter@b0dc426, org.springframework.security.web.access.ExceptionTranslationFilter@67668cf7, org.springframework.security.web.access.intercept.AuthorizationFilter@1aaf110c]
2026-03-16T12:33:23.963+05:30  INFO 10608 --- [main] o.s.b.w.embedded.tomcat.TomcatWebServer  : Tomcat started on port 8080 (http) with context path ''
2026-03-16T12:33:23.974+05:30  INFO 10608 --- [main] c.smartschool.api.SmsBackendApplication  : Started SmsBackendApplication in 9.741 seconds (process running for 18.28)
2026-03-16T12:38:36.481+05:30  WARN 10608 --- [SmartSchoolHikariPool housekeeper] com.zaxxer.hikari.pool.HikariPool        : SmartSchoolHikariPool - Thread starvation or clock leap detected (housekeeper delta=47s180ms821µs300ns).
2026-03-16T12:39:09.729+05:30  INFO 10608 --- [http-nio-8080-exec-5] o.a.c.c.C.[Tomcat].[localhost].[/]       : Initializing Spring DispatcherServlet 'dispatcherServlet'
2026-03-16T12:39:09.729+05:30  INFO 10608 --- [http-nio-8080-exec-5] o.s.web.servlet.DispatcherServlet        : Initializing Servlet 'dispatcherServlet'
2026-03-16T12:39:09.809+05:30  INFO 10608 --- [http-nio-8080-exec-5] o.s.web.servlet.DispatcherServlet        : Completed initialization in 80 ms
2026-03-16T12:39:10.253+05:30  INFO 10608 --- [http-nio-8080-exec-2] c.s.api.controller.StudentController     : Fetching all students for School ID:1 and Year ID:4
2026-03-16T12:39:18.850+05:30  INFO 10608 --- [http-nio-8080-exec-3] c.s.api.controller.StudentController     : Fetching all students for School ID:1 and Year ID:4
2026-03-16T12:39:18.909+05:30  INFO 10608 --- [http-nio-8080-exec-8] c.s.api.controller.StudentController     : Fetching all students for School ID:1 and Year ID:4
2026-03-16T12:41:59.537+05:30  INFO 10608 --- [http-nio-8080-exec-2] c.s.api.controller.StudentController     : Fetching all students for School ID:2 and Year ID:2
2026-03-16T12:42:17.908+05:30  INFO 10608 --- [http-nio-8080-exec-4] c.s.api.controller.StudentController     : Fetching all students for School ID:2 and Year ID:2
2026-03-16T12:42:17.935+05:30  INFO 10608 --- [http-nio-8080-exec-2] c.s.api.controller.StudentController     : Fetching all students for School ID:2 and Year ID:2
2026-03-16T12:42:22.043+05:30  INFO 10608 --- [http-nio-8080-exec-10] c.s.api.controller.StudentController     : Fetching all students for School ID:2 and Year ID:2
2026-03-16T12:42:22.070+05:30  INFO 10608 --- [http-nio-8080-exec-6] c.s.api.controller.StudentController     : Fetching all students for School ID:2 and Year ID:2
2026-03-16T12:42:37.120+05:30 ERROR 10608 --- [http-nio-8080-exec-3] c.s.a.exception.GlobalExceptionHandler   : Unexpected error: Student not found

java.lang.RuntimeException: Student not found
	at com.smartschool.api.controller.FeeController.lambda$getStudentFeeDetails$1(FeeController.java:63) ~[classes/:na]
	at java.base/java.util.Optional.orElseThrow(Optional.java:403) ~[na:na]
	at com.smartschool.api.controller.FeeController.getStudentFeeDetails(FeeController.java:63) ~[classes/:na]
	at java.base/jdk.internal.reflect.DirectMethodHandleAccessor.invoke(DirectMethodHandleAccessor.java:103) ~[na:na]
	at java.base/java.lang.reflect.Method.invoke(Method.java:580) ~[na:na]
	at org.springframework.aop.support.AopUtils.invokeJoinpointUsingReflection(AopUtils.java:351) ~[spring-aop-6.1.4.jar:6.1.4]
	at org.springframework.aop.framework.CglibAopProxy$DynamicAdvisedInterceptor.intercept(CglibAopProxy.java:713) ~[spring-aop-6.1.4.jar:6.1.4]
	at com.smartschool.api.controller.FeeController$$SpringCGLIB$$0.getStudentFeeDetails(<generated>) ~[classes/:na]
	at java.base/jdk.internal.reflect.DirectMethodHandleAccessor.invoke(DirectMethodHandleAccessor.java:103) ~[na:na]
	at java.base/java.lang.reflect.Method.invoke(Method.java:580) ~[na:na]
	at org.springframework.web.method.support.InvocableHandlerMethod.doInvoke(InvocableHandlerMethod.java:259) ~[spring-web-6.1.4.jar:6.1.4]
	at org.springframework.web.method.support.InvocableHandlerMethod.invokeForRequest(InvocableHandlerMethod.java:192) ~[spring-web-6.1.4.jar:6.1.4]
	at org.springframework.web.servlet.mvc.method.annotation.ServletInvocableHandlerMethod.invokeAndHandle(ServletInvocableHandlerMethod.java:118) ~[spring-webmvc-6.1.4.jar:6.1.4]
	at org.springframework.web.servlet.mvc.method.annotation.RequestMappingHandlerAdapter.invokeHandlerMethod(RequestMappingHandlerAdapter.java:920) ~[spring-webmvc-6.1.4.jar:6.1.4]
	at org.springframework.web.servlet.mvc.method.annotation.RequestMappingHandlerAdapter.handleInternal(RequestMappingHandlerAdapter.java:830) ~[spring-webmvc-6.1.4.jar:6.1.4]
	at org.springframework.web.servlet.mvc.method.AbstractHandlerMethodAdapter.handle(AbstractHandlerMethodAdapter.java:87) ~[spring-webmvc-6.1.4.jar:6.1.4]
	at org.springframework.web.servlet.DispatcherServlet.doDispatch(DispatcherServlet.java:1089) ~[spring-webmvc-6.1.4.jar:6.1.4]
	at org.springframework.web.servlet.DispatcherServlet.doService(DispatcherServlet.java:979) ~[spring-webmvc-6.1.4.jar:6.1.4]
	at org.springframework.web.servlet.FrameworkServlet.processRequest(FrameworkServlet.java:1014) ~[spring-webmvc-6.1.4.jar:6.1.4]
	at org.springframework.web.servlet.FrameworkServlet.doGet(FrameworkServlet.java:903) ~[spring-webmvc-6.1.4.jar:6.1.4]
	at jakarta.servlet.http.HttpServlet.service(HttpServlet.java:564) ~[tomcat-embed-core-10.1.19.jar:6.0]
	at org.springframework.web.servlet.FrameworkServlet.service(FrameworkServlet.java:885) ~[spring-webmvc-6.1.4.jar:6.1.4]
	at jakarta.servlet.http.HttpServlet.service(HttpServlet.java:658) ~[tomcat-embed-core-10.1.19.jar:6.0]
	at org.apache.catalina.core.ApplicationFilterChain.internalDoFilter(ApplicationFilterChain.java:205) ~[tomcat-embed-core-10.1.19.jar:10.1.19]
	at org.apache.catalina.core.ApplicationFilterChain.doFilter(ApplicationFilterChain.java:149) ~[tomcat-embed-core-10.1.19.jar:10.1.19]
	at org.apache.tomcat.websocket.server.WsFilter.doFilter(WsFilter.java:51) ~[tomcat-embed-websocket-10.1.19.jar:10.1.19]
	at org.apache.catalina.core.ApplicationFilterChain.internalDoFilter(ApplicationFilterChain.java:174) ~[tomcat-embed-core-10.1.19.jar:10.1.19]
	at org.apache.catalina.core.ApplicationFilterChain.doFilter(ApplicationFilterChain.java:149) ~[tomcat-embed-core-10.1.19.jar:10.1.19]
	at org.springframework.web.filter.CompositeFilter$VirtualFilterChain.doFilter(CompositeFilter.java:108) ~[spring-web-6.1.4.jar:6.1.4]
	at org.springframework.security.web.FilterChainProxy.lambda$doFilterInternal$3(FilterChainProxy.java:231) ~[spring-security-web-6.2.2.jar:6.2.2]
	at org.springframework.security.web.FilterChainProxy$VirtualFilterChain.doFilter(FilterChainProxy.java:365) ~[spring-security-web-6.2.2.jar:6.2.2]
	at org.springframework.security.web.access.intercept.AuthorizationFilter.doFilter(AuthorizationFilter.java:100) ~[spring-security-web-6.2.2.jar:6.2.2]
	at org.springframework.security.web.FilterChainProxy$VirtualFilterChain.doFilter(FilterChainProxy.java:374) ~[spring-security-web-6.2.2.jar:6.2.2]
	at org.springframework.security.web.access.ExceptionTranslationFilter.doFilter(ExceptionTranslationFilter.java:126) ~[spring-security-web-6.2.2.jar:6.2.2]
	at org.springframework.security.web.access.ExceptionTranslationFilter.doFilter(ExceptionTranslationFilter.java:120) ~[spring-security-web-6.2.2.jar:6.2.2]
	at org.springframework.security.web.FilterChainProxy$VirtualFilterChain.doFilter(FilterChainProxy.java:374) ~[spring-security-web-6.2.2.jar:6.2.2]
	at org.springframework.security.web.session.SessionManagementFilter.doFilter(SessionManagementFilter.java:131) ~[spring-security-web-6.2.2.jar:6.2.2]
	at org.springframework.security.web.session.SessionManagementFilter.doFilter(SessionManagementFilter.java:85) ~[spring-security-web-6.2.2.jar:6.2.2]
	at org.springframework.security.web.FilterChainProxy$VirtualFilterChain.doFilter(FilterChainProxy.java:374) ~[spring-security-web-6.2.2.jar:6.2.2]
	at org.springframework.security.web.authentication.AnonymousAuthenticationFilter.doFilter(AnonymousAuthenticationFilter.java:100) ~[spring-security-web-6.2.2.jar:6.2.2]
	at org.springframework.security.web.FilterChainProxy$VirtualFilterChain.doFilter(FilterChainProxy.java:374) ~[spring-security-web-6.2.2.jar:6.2.2]
	at org.springframework.security.web.servletapi.SecurityContextHolderAwareRequestFilter.doFilter(SecurityContextHolderAwareRequestFilter.java:179) ~[spring-security-web-6.2.2.jar:6.2.2]
	at org.springframework.security.web.FilterChainProxy$VirtualFilterChain.doFilter(FilterChainProxy.java:374) ~[spring-security-web-6.2.2.jar:6.2.2]
	at org.springframework.security.web.savedrequest.RequestCacheAwareFilter.doFilter(RequestCacheAwareFilter.java:63) ~[spring-security-web-6.2.2.jar:6.2.2]
	at org.springframework.security.web.FilterChainProxy$VirtualFilterChain.doFilter(FilterChainProxy.java:374) ~[spring-security-web-6.2.2.jar:6.2.2]
	at org.springframework.security.web.authentication.logout.LogoutFilter.doFilter(LogoutFilter.java:107) ~[spring-security-web-6.2.2.jar:6.2.2]
	at org.springframework.security.web.authentication.logout.LogoutFilter.doFilter(LogoutFilter.java:93) ~[spring-security-web-6.2.2.jar:6.2.2]
	at org.springframework.security.web.FilterChainProxy$VirtualFilterChain.doFilter(FilterChainProxy.java:374) ~[spring-security-web-6.2.2.jar:6.2.2]
	at org.springframework.web.filter.CorsFilter.doFilterInternal(CorsFilter.java:91) ~[spring-web-6.1.4.jar:6.1.4]
	at org.springframework.web.filter.OncePerRequestFilter.doFilter(OncePerRequestFilter.java:116) ~[spring-web-6.1.4.jar:6.1.4]
	at org.springframework.security.web.FilterChainProxy$VirtualFilterChain.doFilter(FilterChainProxy.java:374) ~[spring-security-web-6.2.2.jar:6.2.2]
	at org.springframework.security.web.header.HeaderWriterFilter.doHeadersAfter(HeaderWriterFilter.java:90) ~[spring-security-web-6.2.2.jar:6.2.2]
	at org.springframework.security.web.header.HeaderWriterFilter.doFilterInternal(HeaderWriterFilter.java:75) ~[spring-security-web-6.2.2.jar:6.2.2]
	at org.springframework.web.filter.OncePerRequestFilter.doFilter(OncePerRequestFilter.java:116) ~[spring-web-6.1.4.jar:6.1.4]
	at org.springframework.security.web.FilterChainProxy$VirtualFilterChain.doFilter(FilterChainProxy.java:374) ~[spring-security-web-6.2.2.jar:6.2.2]
	at org.springframework.security.web.context.SecurityContextHolderFilter.doFilter(SecurityContextHolderFilter.java:82) ~[spring-security-web-6.2.2.jar:6.2.2]
	at org.springframework.security.web.context.SecurityContextHolderFilter.doFilter(SecurityContextHolderFilter.java:69) ~[spring-security-web-6.2.2.jar:6.2.2]
	at org.springframework.security.web.FilterChainProxy$VirtualFilterChain.doFilter(FilterChainProxy.java:374) ~[spring-security-web-6.2.2.jar:6.2.2]
	at org.springframework.security.web.context.request.async.WebAsyncManagerIntegrationFilter.doFilterInternal(WebAsyncManagerIntegrationFilter.java:62) ~[spring-security-web-6.2.2.jar:6.2.2]
	at org.springframework.web.filter.OncePerRequestFilter.doFilter(OncePerRequestFilter.java:116) ~[spring-web-6.1.4.jar:6.1.4]
	at org.springframework.security.web.FilterChainProxy$VirtualFilterChain.doFilter(FilterChainProxy.java:374) ~[spring-security-web-6.2.2.jar:6.2.2]
	at org.springframework.security.web.session.DisableEncodeUrlFilter.doFilterInternal(DisableEncodeUrlFilter.java:42) ~[spring-security-web-6.2.2.jar:6.2.2]
	at org.springframework.web.filter.OncePerRequestFilter.doFilter(OncePerRequestFilter.java:116) ~[spring-web-6.1.4.jar:6.1.4]
	at org.springframework.security.web.FilterChainProxy$VirtualFilterChain.doFilter(FilterChainProxy.java:374) ~[spring-security-web-6.2.2.jar:6.2.2]
	at org.springframework.security.web.FilterChainProxy.doFilterInternal(FilterChainProxy.java:233) ~[spring-security-web-6.2.2.jar:6.2.2]
	at org.springframework.security.web.FilterChainProxy.doFilter(FilterChainProxy.java:191) ~[spring-security-web-6.2.2.jar:6.2.2]
	at org.springframework.web.filter.CompositeFilter$VirtualFilterChain.doFilter(CompositeFilter.java:113) ~[spring-web-6.1.4.jar:6.1.4]
	at org.springframework.web.servlet.handler.HandlerMappingIntrospector.lambda$createCacheFilter$3(HandlerMappingIntrospector.java:195) ~[spring-webmvc-6.1.4.jar:6.1.4]
	at org.springframework.web.filter.CompositeFilter$VirtualFilterChain.doFilter(CompositeFilter.java:113) ~[spring-web-6.1.4.jar:6.1.4]
	at org.springframework.web.filter.CompositeFilter.doFilter(CompositeFilter.java:74) ~[spring-web-6.1.4.jar:6.1.4]
	at org.springframework.security.config.annotation.web.configuration.WebMvcSecurityConfiguration$CompositeFilterChainProxy.doFilter(WebMvcSecurityConfiguration.java:230) ~[spring-security-config-6.2.2.jar:6.2.2]
	at org.springframework.web.filter.DelegatingFilterProxy.invokeDelegate(DelegatingFilterProxy.java:352) ~[spring-web-6.1.4.jar:6.1.4]
	at org.springframework.web.filter.DelegatingFilterProxy.doFilter(DelegatingFilterProxy.java:268) ~[spring-web-6.1.4.jar:6.1.4]
	at org.apache.catalina.core.ApplicationFilterChain.internalDoFilter(ApplicationFilterChain.java:174) ~[tomcat-embed-core-10.1.19.jar:10.1.19]
	at org.apache.catalina.core.ApplicationFilterChain.doFilter(ApplicationFilterChain.java:149) ~[tomcat-embed-core-10.1.19.jar:10.1.19]
	at org.springframework.web.filter.RequestContextFilter.doFilterInternal(RequestContextFilter.java:100) ~[spring-web-6.1.4.jar:6.1.4]
	at org.springframework.web.filter.OncePerRequestFilter.doFilter(OncePerRequestFilter.java:116) ~[spring-web-6.1.4.jar:6.1.4]
	at org.apache.catalina.core.ApplicationFilterChain.internalDoFilter(ApplicationFilterChain.java:174) ~[tomcat-embed-core-10.1.19.jar:10.1.19]
	at org.apache.catalina.core.ApplicationFilterChain.doFilter(ApplicationFilterChain.java:149) ~[tomcat-embed-core-10.1.19.jar:10.1.19]
	at org.springframework.web.filter.FormContentFilter.doFilterInternal(FormContentFilter.java:93) ~[spring-web-6.1.4.jar:6.1.4]
	at org.springframework.web.filter.OncePerRequestFilter.doFilter(OncePerRequestFilter.java:116) ~[spring-web-6.1.4.jar:6.1.4]
	at org.apache.catalina.core.ApplicationFilterChain.internalDoFilter(ApplicationFilterChain.java:174) ~[tomcat-embed-core-10.1.19.jar:10.1.19]
	at org.apache.catalina.core.ApplicationFilterChain.doFilter(ApplicationFilterChain.java:149) ~[tomcat-embed-core-10.1.19.jar:10.1.19]
	at org.springframework.web.filter.CharacterEncodingFilter.doFilterInternal(CharacterEncodingFilter.java:201) ~[spring-web-6.1.4.jar:6.1.4]
	at org.springframework.web.filter.OncePerRequestFilter.doFilter(OncePerRequestFilter.java:116) ~[spring-web-6.1.4.jar:6.1.4]
	at org.apache.catalina.core.ApplicationFilterChain.internalDoFilter(ApplicationFilterChain.java:174) ~[tomcat-embed-core-10.1.19.jar:10.1.19]
	at org.apache.catalina.core.ApplicationFilterChain.doFilter(ApplicationFilterChain.java:149) ~[tomcat-embed-core-10.1.19.jar:10.1.19]
	at org.apache.catalina.core.StandardWrapperValve.invoke(StandardWrapperValve.java:167) ~[tomcat-embed-core-10.1.19.jar:10.1.19]
	at org.apache.catalina.core.StandardContextValve.invoke(StandardContextValve.java:90) ~[tomcat-embed-core-10.1.19.jar:10.1.19]
	at org.apache.catalina.authenticator.AuthenticatorBase.invoke(AuthenticatorBase.java:482) ~[tomcat-embed-core-10.1.19.jar:10.1.19]
	at org.apache.catalina.core.StandardHostValve.invoke(StandardHostValve.java:115) ~[tomcat-embed-core-10.1.19.jar:10.1.19]
	at org.apache.catalina.valves.ErrorReportValve.invoke(ErrorReportValve.java:93) ~[tomcat-embed-core-10.1.19.jar:10.1.19]
	at org.apache.catalina.core.StandardEngineValve.invoke(StandardEngineValve.java:74) ~[tomcat-embed-core-10.1.19.jar:10.1.19]
	at org.apache.catalina.connector.CoyoteAdapter.service(CoyoteAdapter.java:344) ~[tomcat-embed-core-10.1.19.jar:10.1.19]
	at org.apache.coyote.http11.Http11Processor.service(Http11Processor.java:391) ~[tomcat-embed-core-10.1.19.jar:10.1.19]
	at org.apache.coyote.AbstractProcessorLight.process(AbstractProcessorLight.java:63) ~[tomcat-embed-core-10.1.19.jar:10.1.19]
	at org.apache.coyote.AbstractProtocol$ConnectionHandler.process(AbstractProtocol.java:896) ~[tomcat-embed-core-10.1.19.jar:10.1.19]
	at org.apache.tomcat.util.net.NioEndpoint$SocketProcessor.doRun(NioEndpoint.java:1744) ~[tomcat-embed-core-10.1.19.jar:10.1.19]
	at org.apache.tomcat.util.net.SocketProcessorBase.run(SocketProcessorBase.java:52) ~[tomcat-embed-core-10.1.19.jar:10.1.19]
	at org.apache.tomcat.util.threads.ThreadPoolExecutor.runWorker(ThreadPoolExecutor.java:1191) ~[tomcat-embed-core-10.1.19.jar:10.1.19]
	at org.apache.tomcat.util.threads.ThreadPoolExecutor$Worker.run(ThreadPoolExecutor.java:659) ~[tomcat-embed-core-10.1.19.jar:10.1.19]
	at org.apache.tomcat.util.threads.TaskThread$WrappingRunnable.run(TaskThread.java:63) ~[tomcat-embed-core-10.1.19.jar:10.1.19]
	at java.base/java.lang.Thread.run(Thread.java:1583) ~[na:na]

2026-03-16T12:42:50.062+05:30 ERROR 10608 --- [http-nio-8080-exec-4] c.s.a.exception.GlobalExceptionHandler   : Unexpected error: Student not found

java.lang.RuntimeException: Student not found
	at com.smartschool.api.controller.FeeController.lambda$getStudentFeeDetails$1(FeeController.java:63) ~[classes/:na]
	at java.base/java.util.Optional.orElseThrow(Optional.java:403) ~[na:na]
	at com.smartschool.api.controller.FeeController.getStudentFeeDetails(FeeController.java:63) ~[classes/:na]
	at java.base/jdk.internal.reflect.DirectMethodHandleAccessor.invoke(DirectMethodHandleAccessor.java:103) ~[na:na]
	at java.base/java.lang.reflect.Method.invoke(Method.java:580) ~[na:na]
	at org.springframework.aop.support.AopUtils.invokeJoinpointUsingReflection(AopUtils.java:351) ~[spring-aop-6.1.4.jar:6.1.4]
	at org.springframework.aop.framework.CglibAopProxy$DynamicAdvisedInterceptor.intercept(CglibAopProxy.java:713) ~[spring-aop-6.1.4.jar:6.1.4]
	at com.smartschool.api.controller.FeeController$$SpringCGLIB$$0.getStudentFeeDetails(<generated>) ~[classes/:na]
	at java.base/jdk.internal.reflect.DirectMethodHandleAccessor.invoke(DirectMethodHandleAccessor.java:103) ~[na:na]
	at java.base/java.lang.reflect.Method.invoke(Method.java:580) ~[na:na]
	at org.springframework.web.method.support.InvocableHandlerMethod.doInvoke(InvocableHandlerMethod.java:259) ~[spring-web-6.1.4.jar:6.1.4]
	at org.springframework.web.method.support.InvocableHandlerMethod.invokeForRequest(InvocableHandlerMethod.java:192) ~[spring-web-6.1.4.jar:6.1.4]
	at org.springframework.web.servlet.mvc.method.annotation.ServletInvocableHandlerMethod.invokeAndHandle(ServletInvocableHandlerMethod.java:118) ~[spring-webmvc-6.1.4.jar:6.1.4]
	at org.springframework.web.servlet.mvc.method.annotation.RequestMappingHandlerAdapter.invokeHandlerMethod(RequestMappingHandlerAdapter.java:920) ~[spring-webmvc-6.1.4.jar:6.1.4]
	at org.springframework.web.servlet.mvc.method.annotation.RequestMappingHandlerAdapter.handleInternal(RequestMappingHandlerAdapter.java:830) ~[spring-webmvc-6.1.4.jar:6.1.4]
	at org.springframework.web.servlet.mvc.method.AbstractHandlerMethodAdapter.handle(AbstractHandlerMethodAdapter.java:87) ~[spring-webmvc-6.1.4.jar:6.1.4]
	at org.springframework.web.servlet.DispatcherServlet.doDispatch(DispatcherServlet.java:1089) ~[spring-webmvc-6.1.4.jar:6.1.4]
	at org.springframework.web.servlet.DispatcherServlet.doService(DispatcherServlet.java:979) ~[spring-webmvc-6.1.4.jar:6.1.4]
	at org.springframework.web.servlet.FrameworkServlet.processRequest(FrameworkServlet.java:1014) ~[spring-webmvc-6.1.4.jar:6.1.4]
	at org.springframework.web.servlet.FrameworkServlet.doGet(FrameworkServlet.java:903) ~[spring-webmvc-6.1.4.jar:6.1.4]
	at jakarta.servlet.http.HttpServlet.service(HttpServlet.java:564) ~[tomcat-embed-core-10.1.19.jar:6.0]
	at org.springframework.web.servlet.FrameworkServlet.service(FrameworkServlet.java:885) ~[spring-webmvc-6.1.4.jar:6.1.4]
	at jakarta.servlet.http.HttpServlet.service(HttpServlet.java:658) ~[tomcat-embed-core-10.1.19.jar:6.0]
	at org.apache.catalina.core.ApplicationFilterChain.internalDoFilter(ApplicationFilterChain.java:205) ~[tomcat-embed-core-10.1.19.jar:10.1.19]
	at org.apache.catalina.core.ApplicationFilterChain.doFilter(ApplicationFilterChain.java:149) ~[tomcat-embed-core-10.1.19.jar:10.1.19]
	at org.apache.tomcat.websocket.server.WsFilter.doFilter(WsFilter.java:51) ~[tomcat-embed-websocket-10.1.19.jar:10.1.19]
	at org.apache.catalina.core.ApplicationFilterChain.internalDoFilter(ApplicationFilterChain.java:174) ~[tomcat-embed-core-10.1.19.jar:10.1.19]
	at org.apache.catalina.core.ApplicationFilterChain.doFilter(ApplicationFilterChain.java:149) ~[tomcat-embed-core-10.1.19.jar:10.1.19]
	at org.springframework.web.filter.CompositeFilter$VirtualFilterChain.doFilter(CompositeFilter.java:108) ~[spring-web-6.1.4.jar:6.1.4]
	at org.springframework.security.web.FilterChainProxy.lambda$doFilterInternal$3(FilterChainProxy.java:231) ~[spring-security-web-6.2.2.jar:6.2.2]
	at org.springframework.security.web.FilterChainProxy$VirtualFilterChain.doFilter(FilterChainProxy.java:365) ~[spring-security-web-6.2.2.jar:6.2.2]
	at org.springframework.security.web.access.intercept.AuthorizationFilter.doFilter(AuthorizationFilter.java:100) ~[spring-security-web-6.2.2.jar:6.2.2]
	at org.springframework.security.web.FilterChainProxy$VirtualFilterChain.doFilter(FilterChainProxy.java:374) ~[spring-security-web-6.2.2.jar:6.2.2]
	at org.springframework.security.web.access.ExceptionTranslationFilter.doFilter(ExceptionTranslationFilter.java:126) ~[spring-security-web-6.2.2.jar:6.2.2]
	at org.springframework.security.web.access.ExceptionTranslationFilter.doFilter(ExceptionTranslationFilter.java:120) ~[spring-security-web-6.2.2.jar:6.2.2]
	at org.springframework.security.web.FilterChainProxy$VirtualFilterChain.doFilter(FilterChainProxy.java:374) ~[spring-security-web-6.2.2.jar:6.2.2]
	at org.springframework.security.web.session.SessionManagementFilter.doFilter(SessionManagementFilter.java:131) ~[spring-security-web-6.2.2.jar:6.2.2]
	at org.springframework.security.web.session.SessionManagementFilter.doFilter(SessionManagementFilter.java:85) ~[spring-security-web-6.2.2.jar:6.2.2]
	at org.springframework.security.web.FilterChainProxy$VirtualFilterChain.doFilter(FilterChainProxy.java:374) ~[spring-security-web-6.2.2.jar:6.2.2]
	at org.springframework.security.web.authentication.AnonymousAuthenticationFilter.doFilter(AnonymousAuthenticationFilter.java:100) ~[spring-security-web-6.2.2.jar:6.2.2]
	at org.springframework.security.web.FilterChainProxy$VirtualFilterChain.doFilter(FilterChainProxy.java:374) ~[spring-security-web-6.2.2.jar:6.2.2]
	at org.springframework.security.web.servletapi.SecurityContextHolderAwareRequestFilter.doFilter(SecurityContextHolderAwareRequestFilter.java:179) ~[spring-security-web-6.2.2.jar:6.2.2]
	at org.springframework.security.web.FilterChainProxy$VirtualFilterChain.doFilter(FilterChainProxy.java:374) ~[spring-security-web-6.2.2.jar:6.2.2]
	at org.springframework.security.web.savedrequest.RequestCacheAwareFilter.doFilter(RequestCacheAwareFilter.java:63) ~[spring-security-web-6.2.2.jar:6.2.2]
	at org.springframework.security.web.FilterChainProxy$VirtualFilterChain.doFilter(FilterChainProxy.java:374) ~[spring-security-web-6.2.2.jar:6.2.2]
	at org.springframework.security.web.authentication.logout.LogoutFilter.doFilter(LogoutFilter.java:107) ~[spring-security-web-6.2.2.jar:6.2.2]
	at org.springframework.security.web.authentication.logout.LogoutFilter.doFilter(LogoutFilter.java:93) ~[spring-security-web-6.2.2.jar:6.2.2]
	at org.springframework.security.web.FilterChainProxy$VirtualFilterChain.doFilter(FilterChainProxy.java:374) ~[spring-security-web-6.2.2.jar:6.2.2]
	at org.springframework.web.filter.CorsFilter.doFilterInternal(CorsFilter.java:91) ~[spring-web-6.1.4.jar:6.1.4]
	at org.springframework.web.filter.OncePerRequestFilter.doFilter(OncePerRequestFilter.java:116) ~[spring-web-6.1.4.jar:6.1.4]
	at org.springframework.security.web.FilterChainProxy$VirtualFilterChain.doFilter(FilterChainProxy.java:374) ~[spring-security-web-6.2.2.jar:6.2.2]
	at org.springframework.security.web.header.HeaderWriterFilter.doHeadersAfter(HeaderWriterFilter.java:90) ~[spring-security-web-6.2.2.jar:6.2.2]
	at org.springframework.security.web.header.HeaderWriterFilter.doFilterInternal(HeaderWriterFilter.java:75) ~[spring-security-web-6.2.2.jar:6.2.2]
	at org.springframework.web.filter.OncePerRequestFilter.doFilter(OncePerRequestFilter.java:116) ~[spring-web-6.1.4.jar:6.1.4]
	at org.springframework.security.web.FilterChainProxy$VirtualFilterChain.doFilter(FilterChainProxy.java:374) ~[spring-security-web-6.2.2.jar:6.2.2]
	at org.springframework.security.web.context.SecurityContextHolderFilter.doFilter(SecurityContextHolderFilter.java:82) ~[spring-security-web-6.2.2.jar:6.2.2]
	at org.springframework.security.web.context.SecurityContextHolderFilter.doFilter(SecurityContextHolderFilter.java:69) ~[spring-security-web-6.2.2.jar:6.2.2]
	at org.springframework.security.web.FilterChainProxy$VirtualFilterChain.doFilter(FilterChainProxy.java:374) ~[spring-security-web-6.2.2.jar:6.2.2]
	at org.springframework.security.web.context.request.async.WebAsyncManagerIntegrationFilter.doFilterInternal(WebAsyncManagerIntegrationFilter.java:62) ~[spring-security-web-6.2.2.jar:6.2.2]
	at org.springframework.web.filter.OncePerRequestFilter.doFilter(OncePerRequestFilter.java:116) ~[spring-web-6.1.4.jar:6.1.4]
	at org.springframework.security.web.FilterChainProxy$VirtualFilterChain.doFilter(FilterChainProxy.java:374) ~[spring-security-web-6.2.2.jar:6.2.2]
	at org.springframework.security.web.session.DisableEncodeUrlFilter.doFilterInternal(DisableEncodeUrlFilter.java:42) ~[spring-security-web-6.2.2.jar:6.2.2]
	at org.springframework.web.filter.OncePerRequestFilter.doFilter(OncePerRequestFilter.java:116) ~[spring-web-6.1.4.jar:6.1.4]
	at org.springframework.security.web.FilterChainProxy$VirtualFilterChain.doFilter(FilterChainProxy.java:374) ~[spring-security-web-6.2.2.jar:6.2.2]
	at org.springframework.security.web.FilterChainProxy.doFilterInternal(FilterChainProxy.java:233) ~[spring-security-web-6.2.2.jar:6.2.2]
	at org.springframework.security.web.FilterChainProxy.doFilter(FilterChainProxy.java:191) ~[spring-security-web-6.2.2.jar:6.2.2]
	at org.springframework.web.filter.CompositeFilter$VirtualFilterChain.doFilter(CompositeFilter.java:113) ~[spring-web-6.1.4.jar:6.1.4]
	at org.springframework.web.servlet.handler.HandlerMappingIntrospector.lambda$createCacheFilter$3(HandlerMappingIntrospector.java:195) ~[spring-webmvc-6.1.4.jar:6.1.4]
	at org.springframework.web.filter.CompositeFilter$VirtualFilterChain.doFilter(CompositeFilter.java:113) ~[spring-web-6.1.4.jar:6.1.4]
	at org.springframework.web.filter.CompositeFilter.doFilter(CompositeFilter.java:74) ~[spring-web-6.1.4.jar:6.1.4]
	at org.springframework.security.config.annotation.web.configuration.WebMvcSecurityConfiguration$CompositeFilterChainProxy.doFilter(WebMvcSecurityConfiguration.java:230) ~[spring-security-config-6.2.2.jar:6.2.2]
	at org.springframework.web.filter.DelegatingFilterProxy.invokeDelegate(DelegatingFilterProxy.java:352) ~[spring-web-6.1.4.jar:6.1.4]
	at org.springframework.web.filter.DelegatingFilterProxy.doFilter(DelegatingFilterProxy.java:268) ~[spring-web-6.1.4.jar:6.1.4]
	at org.apache.catalina.core.ApplicationFilterChain.internalDoFilter(ApplicationFilterChain.java:174) ~[tomcat-embed-core-10.1.19.jar:10.1.19]
	at org.apache.catalina.core.ApplicationFilterChain.doFilter(ApplicationFilterChain.java:149) ~[tomcat-embed-core-10.1.19.jar:10.1.19]
	at org.springframework.web.filter.RequestContextFilter.doFilterInternal(RequestContextFilter.java:100) ~[spring-web-6.1.4.jar:6.1.4]
	at org.springframework.web.filter.OncePerRequestFilter.doFilter(OncePerRequestFilter.java:116) ~[spring-web-6.1.4.jar:6.1.4]
	at org.apache.catalina.core.ApplicationFilterChain.internalDoFilter(ApplicationFilterChain.java:174) ~[tomcat-embed-core-10.1.19.jar:10.1.19]
	at org.apache.catalina.core.ApplicationFilterChain.doFilter(ApplicationFilterChain.java:149) ~[tomcat-embed-core-10.1.19.jar:10.1.19]
	at org.springframework.web.filter.FormContentFilter.doFilterInternal(FormContentFilter.java:93) ~[spring-web-6.1.4.jar:6.1.4]
	at org.springframework.web.filter.OncePerRequestFilter.doFilter(OncePerRequestFilter.java:116) ~[spring-web-6.1.4.jar:6.1.4]
	at org.apache.catalina.core.ApplicationFilterChain.internalDoFilter(ApplicationFilterChain.java:174) ~[tomcat-embed-core-10.1.19.jar:10.1.19]
	at org.apache.catalina.core.ApplicationFilterChain.doFilter(ApplicationFilterChain.java:149) ~[tomcat-embed-core-10.1.19.jar:10.1.19]
	at org.springframework.web.filter.CharacterEncodingFilter.doFilterInternal(CharacterEncodingFilter.java:201) ~[spring-web-6.1.4.jar:6.1.4]
	at org.springframework.web.filter.OncePerRequestFilter.doFilter(OncePerRequestFilter.java:116) ~[spring-web-6.1.4.jar:6.1.4]
	at org.apache.catalina.core.ApplicationFilterChain.internalDoFilter(ApplicationFilterChain.java:174) ~[tomcat-embed-core-10.1.19.jar:10.1.19]
	at org.apache.catalina.core.ApplicationFilterChain.doFilter(ApplicationFilterChain.java:149) ~[tomcat-embed-core-10.1.19.jar:10.1.19]
	at org.apache.catalina.core.StandardWrapperValve.invoke(StandardWrapperValve.java:167) ~[tomcat-embed-core-10.1.19.jar:10.1.19]
	at org.apache.catalina.core.StandardContextValve.invoke(StandardContextValve.java:90) ~[tomcat-embed-core-10.1.19.jar:10.1.19]
	at org.apache.catalina.authenticator.AuthenticatorBase.invoke(AuthenticatorBase.java:482) ~[tomcat-embed-core-10.1.19.jar:10.1.19]
	at org.apache.catalina.core.StandardHostValve.invoke(StandardHostValve.java:115) ~[tomcat-embed-core-10.1.19.jar:10.1.19]
	at org.apache.catalina.valves.ErrorReportValve.invoke(ErrorReportValve.java:93) ~[tomcat-embed-core-10.1.19.jar:10.1.19]
	at org.apache.catalina.core.StandardEngineValve.invoke(StandardEngineValve.java:74) ~[tomcat-embed-core-10.1.19.jar:10.1.19]
	at org.apache.catalina.connector.CoyoteAdapter.service(CoyoteAdapter.java:344) ~[tomcat-embed-core-10.1.19.jar:10.1.19]
	at org.apache.coyote.http11.Http11Processor.service(Http11Processor.java:391) ~[tomcat-embed-core-10.1.19.jar:10.1.19]
	at org.apache.coyote.AbstractProcessorLight.process(AbstractProcessorLight.java:63) ~[tomcat-embed-core-10.1.19.jar:10.1.19]
	at org.apache.coyote.AbstractProtocol$ConnectionHandler.process(AbstractProtocol.java:896) ~[tomcat-embed-core-10.1.19.jar:10.1.19]
	at org.apache.tomcat.util.net.NioEndpoint$SocketProcessor.doRun(NioEndpoint.java:1744) ~[tomcat-embed-core-10.1.19.jar:10.1.19]
	at org.apache.tomcat.util.net.SocketProcessorBase.run(SocketProcessorBase.java:52) ~[tomcat-embed-core-10.1.19.jar:10.1.19]
	at org.apache.tomcat.util.threads.ThreadPoolExecutor.runWorker(ThreadPoolExecutor.java:1191) ~[tomcat-embed-core-10.1.19.jar:10.1.19]
	at org.apache.tomcat.util.threads.ThreadPoolExecutor$Worker.run(ThreadPoolExecutor.java:659) ~[tomcat-embed-core-10.1.19.jar:10.1.19]
	at org.apache.tomcat.util.threads.TaskThread$WrappingRunnable.run(TaskThread.java:63) ~[tomcat-embed-core-10.1.19.jar:10.1.19]
	at java.base/java.lang.Thread.run(Thread.java:1583) ~[na:na]

2026-03-16T12:42:55.380+05:30 ERROR 10608 --- [http-nio-8080-exec-10] c.s.a.exception.GlobalExceptionHandler   : Unexpected error: Student not found

java.lang.RuntimeException: Student not found
	at com.smartschool.api.controller.FeeController.lambda$getStudentFeeDetails$1(FeeController.java:63) ~[classes/:na]
	at java.base/java.util.Optional.orElseThrow(Optional.java:403) ~[na:na]
	at com.smartschool.api.controller.FeeController.getStudentFeeDetails(FeeController.java:63) ~[classes/:na]
	at java.base/jdk.internal.reflect.DirectMethodHandleAccessor.invoke(DirectMethodHandleAccessor.java:103) ~[na:na]
	at java.base/java.lang.reflect.Method.invoke(Method.java:580) ~[na:na]
	at org.springframework.aop.support.AopUtils.invokeJoinpointUsingReflection(AopUtils.java:351) ~[spring-aop-6.1.4.jar:6.1.4]
	at org.springframework.aop.framework.CglibAopProxy$DynamicAdvisedInterceptor.intercept(CglibAopProxy.java:713) ~[spring-aop-6.1.4.jar:6.1.4]
	at com.smartschool.api.controller.FeeController$$SpringCGLIB$$0.getStudentFeeDetails(<generated>) ~[classes/:na]
	at java.base/jdk.internal.reflect.DirectMethodHandleAccessor.invoke(DirectMethodHandleAccessor.java:103) ~[na:na]
	at java.base/java.lang.reflect.Method.invoke(Method.java:580) ~[na:na]
	at org.springframework.web.method.support.InvocableHandlerMethod.doInvoke(InvocableHandlerMethod.java:259) ~[spring-web-6.1.4.jar:6.1.4]
	at org.springframework.web.method.support.InvocableHandlerMethod.invokeForRequest(InvocableHandlerMethod.java:192) ~[spring-web-6.1.4.jar:6.1.4]
	at org.springframework.web.servlet.mvc.method.annotation.ServletInvocableHandlerMethod.invokeAndHandle(ServletInvocableHandlerMethod.java:118) ~[spring-webmvc-6.1.4.jar:6.1.4]
	at org.springframework.web.servlet.mvc.method.annotation.RequestMappingHandlerAdapter.invokeHandlerMethod(RequestMappingHandlerAdapter.java:920) ~[spring-webmvc-6.1.4.jar:6.1.4]
	at org.springframework.web.servlet.mvc.method.annotation.RequestMappingHandlerAdapter.handleInternal(RequestMappingHandlerAdapter.java:830) ~[spring-webmvc-6.1.4.jar:6.1.4]
	at org.springframework.web.servlet.mvc.method.AbstractHandlerMethodAdapter.handle(AbstractHandlerMethodAdapter.java:87) ~[spring-webmvc-6.1.4.jar:6.1.4]
	at org.springframework.web.servlet.DispatcherServlet.doDispatch(DispatcherServlet.java:1089) ~[spring-webmvc-6.1.4.jar:6.1.4]
	at org.springframework.web.servlet.DispatcherServlet.doService(DispatcherServlet.java:979) ~[spring-webmvc-6.1.4.jar:6.1.4]
	at org.springframework.web.servlet.FrameworkServlet.processRequest(FrameworkServlet.java:1014) ~[spring-webmvc-6.1.4.jar:6.1.4]
	at org.springframework.web.servlet.FrameworkServlet.doGet(FrameworkServlet.java:903) ~[spring-webmvc-6.1.4.jar:6.1.4]
	at jakarta.servlet.http.HttpServlet.service(HttpServlet.java:564) ~[tomcat-embed-core-10.1.19.jar:6.0]
	at org.springframework.web.servlet.FrameworkServlet.service(FrameworkServlet.java:885) ~[spring-webmvc-6.1.4.jar:6.1.4]
	at jakarta.servlet.http.HttpServlet.service(HttpServlet.java:658) ~[tomcat-embed-core-10.1.19.jar:6.0]
	at org.apache.catalina.core.ApplicationFilterChain.internalDoFilter(ApplicationFilterChain.java:205) ~[tomcat-embed-core-10.1.19.jar:10.1.19]
	at org.apache.catalina.core.ApplicationFilterChain.doFilter(ApplicationFilterChain.java:149) ~[tomcat-embed-core-10.1.19.jar:10.1.19]
	at org.apache.tomcat.websocket.server.WsFilter.doFilter(WsFilter.java:51) ~[tomcat-embed-websocket-10.1.19.jar:10.1.19]
	at org.apache.catalina.core.ApplicationFilterChain.internalDoFilter(ApplicationFilterChain.java:174) ~[tomcat-embed-core-10.1.19.jar:10.1.19]
	at org.apache.catalina.core.ApplicationFilterChain.doFilter(ApplicationFilterChain.java:149) ~[tomcat-embed-core-10.1.19.jar:10.1.19]
	at org.springframework.web.filter.CompositeFilter$VirtualFilterChain.doFilter(CompositeFilter.java:108) ~[spring-web-6.1.4.jar:6.1.4]
	at org.springframework.security.web.FilterChainProxy.lambda$doFilterInternal$3(FilterChainProxy.java:231) ~[spring-security-web-6.2.2.jar:6.2.2]
	at org.springframework.security.web.FilterChainProxy$VirtualFilterChain.doFilter(FilterChainProxy.java:365) ~[spring-security-web-6.2.2.jar:6.2.2]
	at org.springframework.security.web.access.intercept.AuthorizationFilter.doFilter(AuthorizationFilter.java:100) ~[spring-security-web-6.2.2.jar:6.2.2]
	at org.springframework.security.web.FilterChainProxy$VirtualFilterChain.doFilter(FilterChainProxy.java:374) ~[spring-security-web-6.2.2.jar:6.2.2]
	at org.springframework.security.web.access.ExceptionTranslationFilter.doFilter(ExceptionTranslationFilter.java:126) ~[spring-security-web-6.2.2.jar:6.2.2]
	at org.springframework.security.web.access.ExceptionTranslationFilter.doFilter(ExceptionTranslationFilter.java:120) ~[spring-security-web-6.2.2.jar:6.2.2]
	at org.springframework.security.web.FilterChainProxy$VirtualFilterChain.doFilter(FilterChainProxy.java:374) ~[spring-security-web-6.2.2.jar:6.2.2]
	at org.springframework.security.web.session.SessionManagementFilter.doFilter(SessionManagementFilter.java:131) ~[spring-security-web-6.2.2.jar:6.2.2]
	at org.springframework.security.web.session.SessionManagementFilter.doFilter(SessionManagementFilter.java:85) ~[spring-security-web-6.2.2.jar:6.2.2]
	at org.springframework.security.web.FilterChainProxy$VirtualFilterChain.doFilter(FilterChainProxy.java:374) ~[spring-security-web-6.2.2.jar:6.2.2]
	at org.springframework.security.web.authentication.AnonymousAuthenticationFilter.doFilter(AnonymousAuthenticationFilter.java:100) ~[spring-security-web-6.2.2.jar:6.2.2]
	at org.springframework.security.web.FilterChainProxy$VirtualFilterChain.doFilter(FilterChainProxy.java:374) ~[spring-security-web-6.2.2.jar:6.2.2]
	at org.springframework.security.web.servletapi.SecurityContextHolderAwareRequestFilter.doFilter(SecurityContextHolderAwareRequestFilter.java:179) ~[spring-security-web-6.2.2.jar:6.2.2]
	at org.springframework.security.web.FilterChainProxy$VirtualFilterChain.doFilter(FilterChainProxy.java:374) ~[spring-security-web-6.2.2.jar:6.2.2]
	at org.springframework.security.web.savedrequest.RequestCacheAwareFilter.doFilter(RequestCacheAwareFilter.java:63) ~[spring-security-web-6.2.2.jar:6.2.2]
	at org.springframework.security.web.FilterChainProxy$VirtualFilterChain.doFilter(FilterChainProxy.java:374) ~[spring-security-web-6.2.2.jar:6.2.2]
	at org.springframework.security.web.authentication.logout.LogoutFilter.doFilter(LogoutFilter.java:107) ~[spring-security-web-6.2.2.jar:6.2.2]
	at org.springframework.security.web.authentication.logout.LogoutFilter.doFilter(LogoutFilter.java:93) ~[spring-security-web-6.2.2.jar:6.2.2]
	at org.springframework.security.web.FilterChainProxy$VirtualFilterChain.doFilter(FilterChainProxy.java:374) ~[spring-security-web-6.2.2.jar:6.2.2]
	at org.springframework.web.filter.CorsFilter.doFilterInternal(CorsFilter.java:91) ~[spring-web-6.1.4.jar:6.1.4]
	at org.springframework.web.filter.OncePerRequestFilter.doFilter(OncePerRequestFilter.java:116) ~[spring-web-6.1.4.jar:6.1.4]
	at org.springframework.security.web.FilterChainProxy$VirtualFilterChain.doFilter(FilterChainProxy.java:374) ~[spring-security-web-6.2.2.jar:6.2.2]
	at org.springframework.security.web.header.HeaderWriterFilter.doHeadersAfter(HeaderWriterFilter.java:90) ~[spring-security-web-6.2.2.jar:6.2.2]
	at org.springframework.security.web.header.HeaderWriterFilter.doFilterInternal(HeaderWriterFilter.java:75) ~[spring-security-web-6.2.2.jar:6.2.2]
	at org.springframework.web.filter.OncePerRequestFilter.doFilter(OncePerRequestFilter.java:116) ~[spring-web-6.1.4.jar:6.1.4]
	at org.springframework.security.web.FilterChainProxy$VirtualFilterChain.doFilter(FilterChainProxy.java:374) ~[spring-security-web-6.2.2.jar:6.2.2]
	at org.springframework.security.web.context.SecurityContextHolderFilter.doFilter(SecurityContextHolderFilter.java:82) ~[spring-security-web-6.2.2.jar:6.2.2]
	at org.springframework.security.web.context.SecurityContextHolderFilter.doFilter(SecurityContextHolderFilter.java:69) ~[spring-security-web-6.2.2.jar:6.2.2]
	at org.springframework.security.web.FilterChainProxy$VirtualFilterChain.doFilter(FilterChainProxy.java:374) ~[spring-security-web-6.2.2.jar:6.2.2]
	at org.springframework.security.web.context.request.async.WebAsyncManagerIntegrationFilter.doFilterInternal(WebAsyncManagerIntegrationFilter.java:62) ~[spring-security-web-6.2.2.jar:6.2.2]
	at org.springframework.web.filter.OncePerRequestFilter.doFilter(OncePerRequestFilter.java:116) ~[spring-web-6.1.4.jar:6.1.4]
	at org.springframework.security.web.FilterChainProxy$VirtualFilterChain.doFilter(FilterChainProxy.java:374) ~[spring-security-web-6.2.2.jar:6.2.2]
	at org.springframework.security.web.session.DisableEncodeUrlFilter.doFilterInternal(DisableEncodeUrlFilter.java:42) ~[spring-security-web-6.2.2.jar:6.2.2]
	at org.springframework.web.filter.OncePerRequestFilter.doFilter(OncePerRequestFilter.java:116) ~[spring-web-6.1.4.jar:6.1.4]
	at org.springframework.security.web.FilterChainProxy$VirtualFilterChain.doFilter(FilterChainProxy.java:374) ~[spring-security-web-6.2.2.jar:6.2.2]
	at org.springframework.security.web.FilterChainProxy.doFilterInternal(FilterChainProxy.java:233) ~[spring-security-web-6.2.2.jar:6.2.2]
	at org.springframework.security.web.FilterChainProxy.doFilter(FilterChainProxy.java:191) ~[spring-security-web-6.2.2.jar:6.2.2]
	at org.springframework.web.filter.CompositeFilter$VirtualFilterChain.doFilter(CompositeFilter.java:113) ~[spring-web-6.1.4.jar:6.1.4]
	at org.springframework.web.servlet.handler.HandlerMappingIntrospector.lambda$createCacheFilter$3(HandlerMappingIntrospector.java:195) ~[spring-webmvc-6.1.4.jar:6.1.4]
	at org.springframework.web.filter.CompositeFilter$VirtualFilterChain.doFilter(CompositeFilter.java:113) ~[spring-web-6.1.4.jar:6.1.4]
	at org.springframework.web.filter.CompositeFilter.doFilter(CompositeFilter.java:74) ~[spring-web-6.1.4.jar:6.1.4]
	at org.springframework.security.config.annotation.web.configuration.WebMvcSecurityConfiguration$CompositeFilterChainProxy.doFilter(WebMvcSecurityConfiguration.java:230) ~[spring-security-config-6.2.2.jar:6.2.2]
	at org.springframework.web.filter.DelegatingFilterProxy.invokeDelegate(DelegatingFilterProxy.java:352) ~[spring-web-6.1.4.jar:6.1.4]
	at org.springframework.web.filter.DelegatingFilterProxy.doFilter(DelegatingFilterProxy.java:268) ~[spring-web-6.1.4.jar:6.1.4]
	at org.apache.catalina.core.ApplicationFilterChain.internalDoFilter(ApplicationFilterChain.java:174) ~[tomcat-embed-core-10.1.19.jar:10.1.19]
	at org.apache.catalina.core.ApplicationFilterChain.doFilter(ApplicationFilterChain.java:149) ~[tomcat-embed-core-10.1.19.jar:10.1.19]
	at org.springframework.web.filter.RequestContextFilter.doFilterInternal(RequestContextFilter.java:100) ~[spring-web-6.1.4.jar:6.1.4]
	at org.springframework.web.filter.OncePerRequestFilter.doFilter(OncePerRequestFilter.java:116) ~[spring-web-6.1.4.jar:6.1.4]
	at org.apache.catalina.core.ApplicationFilterChain.internalDoFilter(ApplicationFilterChain.java:174) ~[tomcat-embed-core-10.1.19.jar:10.1.19]
	at org.apache.catalina.core.ApplicationFilterChain.doFilter(ApplicationFilterChain.java:149) ~[tomcat-embed-core-10.1.19.jar:10.1.19]
	at org.springframework.web.filter.FormContentFilter.doFilterInternal(FormContentFilter.java:93) ~[spring-web-6.1.4.jar:6.1.4]
	at org.springframework.web.filter.OncePerRequestFilter.doFilter(OncePerRequestFilter.java:116) ~[spring-web-6.1.4.jar:6.1.4]
	at org.apache.catalina.core.ApplicationFilterChain.internalDoFilter(ApplicationFilterChain.java:174) ~[tomcat-embed-core-10.1.19.jar:10.1.19]
	at org.apache.catalina.core.ApplicationFilterChain.doFilter(ApplicationFilterChain.java:149) ~[tomcat-embed-core-10.1.19.jar:10.1.19]
	at org.springframework.web.filter.CharacterEncodingFilter.doFilterInternal(CharacterEncodingFilter.java:201) ~[spring-web-6.1.4.jar:6.1.4]
	at org.springframework.web.filter.OncePerRequestFilter.doFilter(OncePerRequestFilter.java:116) ~[spring-web-6.1.4.jar:6.1.4]
	at org.apache.catalina.core.ApplicationFilterChain.internalDoFilter(ApplicationFilterChain.java:174) ~[tomcat-embed-core-10.1.19.jar:10.1.19]
	at org.apache.catalina.core.ApplicationFilterChain.doFilter(ApplicationFilterChain.java:149) ~[tomcat-embed-core-10.1.19.jar:10.1.19]
	at org.apache.catalina.core.StandardWrapperValve.invoke(StandardWrapperValve.java:167) ~[tomcat-embed-core-10.1.19.jar:10.1.19]
	at org.apache.catalina.core.StandardContextValve.invoke(StandardContextValve.java:90) ~[tomcat-embed-core-10.1.19.jar:10.1.19]
	at org.apache.catalina.authenticator.AuthenticatorBase.invoke(AuthenticatorBase.java:482) ~[tomcat-embed-core-10.1.19.jar:10.1.19]
	at org.apache.catalina.core.StandardHostValve.invoke(StandardHostValve.java:115) ~[tomcat-embed-core-10.1.19.jar:10.1.19]
	at org.apache.catalina.valves.ErrorReportValve.invoke(ErrorReportValve.java:93) ~[tomcat-embed-core-10.1.19.jar:10.1.19]
	at org.apache.catalina.core.StandardEngineValve.invoke(StandardEngineValve.java:74) ~[tomcat-embed-core-10.1.19.jar:10.1.19]
	at org.apache.catalina.connector.CoyoteAdapter.service(CoyoteAdapter.java:344) ~[tomcat-embed-core-10.1.19.jar:10.1.19]
	at org.apache.coyote.http11.Http11Processor.service(Http11Processor.java:391) ~[tomcat-embed-core-10.1.19.jar:10.1.19]
	at org.apache.coyote.AbstractProcessorLight.process(AbstractProcessorLight.java:63) ~[tomcat-embed-core-10.1.19.jar:10.1.19]
	at org.apache.coyote.AbstractProtocol$ConnectionHandler.process(AbstractProtocol.java:896) ~[tomcat-embed-core-10.1.19.jar:10.1.19]
	at org.apache.tomcat.util.net.NioEndpoint$SocketProcessor.doRun(NioEndpoint.java:1744) ~[tomcat-embed-core-10.1.19.jar:10.1.19]
	at org.apache.tomcat.util.net.SocketProcessorBase.run(SocketProcessorBase.java:52) ~[tomcat-embed-core-10.1.19.jar:10.1.19]
	at org.apache.tomcat.util.threads.ThreadPoolExecutor.runWorker(ThreadPoolExecutor.java:1191) ~[tomcat-embed-core-10.1.19.jar:10.1.19]
	at org.apache.tomcat.util.threads.ThreadPoolExecutor$Worker.run(ThreadPoolExecutor.java:659) ~[tomcat-embed-core-10.1.19.jar:10.1.19]
	at org.apache.tomcat.util.threads.TaskThread$WrappingRunnable.run(TaskThread.java:63) ~[tomcat-embed-core-10.1.19.jar:10.1.19]
	at java.base/java.lang.Thread.run(Thread.java:1583) ~[na:na]

2026-03-16T12:43:05.431+05:30  INFO 10608 --- [http-nio-8080-exec-1] c.s.api.controller.StudentController     : Fetching all students for School ID:2 and Year ID:2
2026-03-16T12:43:05.451+05:30  INFO 10608 --- [http-nio-8080-exec-4] c.s.api.controller.StudentController     : Fetching all students for School ID:2 and Year ID:2
2026-03-16T12:43:15.883+05:30  INFO 10608 --- [http-nio-8080-exec-5] c.s.api.controller.StudentController     : Fetching all students for School ID:2 and Year ID:2
2026-03-16T12:43:15.902+05:30  INFO 10608 --- [http-nio-8080-exec-9] c.s.api.controller.StudentController     : Fetching all students for School ID:2 and Year ID:2
2026-03-16T12:43:31.340+05:30  INFO 10608 --- [http-nio-8080-exec-4] c.s.api.controller.StudentController     : Fetching all students for School ID:2 and Year ID:2
2026-03-16T12:43:42.569+05:30  INFO 10608 --- [SpringApplicationShutdownHook] j.LocalContainerEntityManagerFactoryBean : Closing JPA EntityManagerFactory for persistence unit 'default'
2026-03-16T12:43:42.599+05:30  INFO 10608 --- [SpringApplicationShutdownHook] com.zaxxer.hikari.HikariDataSource       : SmartSchoolHikariPool - Shutdown initiated...
2026-03-16T12:43:42.668+05:30  INFO 10608 --- [SpringApplicationShutdownHook] com.zaxxer.hikari.HikariDataSource       : SmartSchoolHikariPool - Shutdown completed.
2026-03-16T12:43:50.927+05:30  INFO 19260 --- [main] c.smartschool.api.SmsBackendApplication  : Starting SmsBackendApplication using Java 21.0.9 with PID 19260 (C:\smart-school-pro\sms-backend\sms-backend\target\classes started by nikun in C:\smart-school-pro\sms-backend)
2026-03-16T12:43:50.927+05:30  INFO 19260 --- [main] c.smartschool.api.SmsBackendApplication  : No active profile set, falling back to 1 default profile: "default"
2026-03-16T12:43:52.129+05:30  INFO 19260 --- [main] .s.d.r.c.RepositoryConfigurationDelegate : Bootstrapping Spring Data JPA repositories in DEFAULT mode.
2026-03-16T12:43:52.287+05:30  INFO 19260 --- [main] .s.d.r.c.RepositoryConfigurationDelegate : Finished Spring Data repository scanning in 149 ms. Found 18 JPA repository interfaces.
2026-03-16T12:43:53.301+05:30  INFO 19260 --- [main] o.s.b.w.embedded.tomcat.TomcatWebServer  : Tomcat initialized with port 8080 (http)
2026-03-16T12:43:53.322+05:30  INFO 19260 --- [main] o.apache.catalina.core.StandardService   : Starting service [Tomcat]
2026-03-16T12:43:53.322+05:30  INFO 19260 --- [main] o.apache.catalina.core.StandardEngine    : Starting Servlet engine: [Apache Tomcat/10.1.19]
2026-03-16T12:43:53.428+05:30  INFO 19260 --- [main] o.a.c.c.C.[Tomcat].[localhost].[/]       : Initializing Spring embedded WebApplicationContext
2026-03-16T12:43:53.428+05:30  INFO 19260 --- [main] w.s.c.ServletWebServerApplicationContext : Root WebApplicationContext: initialization completed in 2439 ms
2026-03-16T12:43:53.686+05:30  INFO 19260 --- [main] o.hibernate.jpa.internal.util.LogHelper  : HHH000204: Processing PersistenceUnitInfo [name: default]
2026-03-16T12:43:53.880+05:30  INFO 19260 --- [main] org.hibernate.Version                    : HHH000412: Hibernate ORM core version 6.4.4.Final
2026-03-16T12:43:53.941+05:30  INFO 19260 --- [main] o.h.c.internal.RegionFactoryInitiator    : HHH000026: Second-level cache disabled
2026-03-16T12:43:54.312+05:30  INFO 19260 --- [main] o.s.o.j.p.SpringPersistenceUnitInfo      : No LoadTimeWeaver setup: ignoring JPA class transformer
2026-03-16T12:43:54.351+05:30  INFO 19260 --- [main] com.zaxxer.hikari.HikariDataSource       : SmartSchoolHikariPool - Starting...
2026-03-16T12:43:54.605+05:30  INFO 19260 --- [main] com.zaxxer.hikari.pool.HikariPool        : SmartSchoolHikariPool - Added connection com.mysql.cj.jdbc.ConnectionImpl@1124910c
2026-03-16T12:43:54.608+05:30  INFO 19260 --- [main] com.zaxxer.hikari.HikariDataSource       : SmartSchoolHikariPool - Start completed.
2026-03-16T12:43:54.704+05:30  WARN 19260 --- [main] org.hibernate.orm.deprecation            : HHH90000025: MySQL8Dialect does not need to be specified explicitly using 'hibernate.dialect' (remove the property setting and it will be selected by default)
2026-03-16T12:43:54.706+05:30  WARN 19260 --- [main] org.hibernate.orm.deprecation            : HHH90000026: MySQL8Dialect has been deprecated; use org.hibernate.dialect.MySQLDialect instead
2026-03-16T12:43:56.441+05:30  INFO 19260 --- [main] o.h.e.t.j.p.i.JtaPlatformInitiator       : HHH000489: No JTA platform available (set 'hibernate.transaction.jta.platform' to enable JTA platform integration)
2026-03-16T12:43:57.015+05:30  INFO 19260 --- [main] j.LocalContainerEntityManagerFactoryBean : Initialized JPA EntityManagerFactory for persistence unit 'default'
2026-03-16T12:43:57.555+05:30  INFO 19260 --- [main] o.s.d.j.r.query.QueryEnhancerFactory     : Hibernate is in classpath; If applicable, HQL parser will be used.
2026-03-16T12:43:59.149+05:30  WARN 19260 --- [main] JpaBaseConfiguration$JpaWebConfiguration : spring.jpa.open-in-view is enabled by default. Therefore, database queries may be performed during view rendering. Explicitly configure spring.jpa.open-in-view to disable this warning
2026-03-16T12:43:59.181+05:30  WARN 19260 --- [main] .s.s.UserDetailsServiceAutoConfiguration : 

Using generated security password: 2383b450-4a07-4ed9-b8c6-730cf5134d1e

This generated password is for development use only. Your security configuration must be updated before running your application in production.

2026-03-16T12:43:59.706+05:30  INFO 19260 --- [main] o.s.s.web.DefaultSecurityFilterChain     : Will secure any request with [org.springframework.security.web.session.DisableEncodeUrlFilter@39911d6a, org.springframework.security.web.context.request.async.WebAsyncManagerIntegrationFilter@54ad5fce, org.springframework.security.web.context.SecurityContextHolderFilter@66ed4881, org.springframework.security.web.header.HeaderWriterFilter@2a8ff32, org.springframework.web.filter.CorsFilter@63b187f, org.springframework.security.web.authentication.logout.LogoutFilter@329e6700, org.springframework.security.web.savedrequest.RequestCacheAwareFilter@16f52d68, org.springframework.security.web.servletapi.SecurityContextHolderAwareRequestFilter@6616b9e0, org.springframework.security.web.authentication.AnonymousAuthenticationFilter@7d3987a6, org.springframework.security.web.session.SessionManagementFilter@7db99d41, org.springframework.security.web.access.ExceptionTranslationFilter@3f4e090c, org.springframework.security.web.access.intercept.AuthorizationFilter@61f18402]
2026-03-16T12:43:59.976+05:30  INFO 19260 --- [main] o.s.b.w.embedded.tomcat.TomcatWebServer  : Tomcat started on port 8080 (http) with context path ''
2026-03-16T12:43:59.992+05:30  INFO 19260 --- [main] c.smartschool.api.SmsBackendApplication  : Started SmsBackendApplication in 9.676 seconds (process running for 10.48)
2026-03-16T12:44:03.529+05:30  INFO 19260 --- [http-nio-8080-exec-1] o.a.c.c.C.[Tomcat].[localhost].[/]       : Initializing Spring DispatcherServlet 'dispatcherServlet'
2026-03-16T12:44:03.529+05:30  INFO 19260 --- [http-nio-8080-exec-1] o.s.web.servlet.DispatcherServlet        : Initializing Servlet 'dispatcherServlet'
2026-03-16T12:44:03.533+05:30  INFO 19260 --- [http-nio-8080-exec-1] o.s.web.servlet.DispatcherServlet        : Completed initialization in 4 ms
2026-03-16T12:44:03.699+05:30  INFO 19260 --- [http-nio-8080-exec-8] c.s.api.controller.StudentController     : Fetching all students for School ID:2 and Year ID:2
2026-03-16T12:44:04.337+05:30  INFO 19260 --- [http-nio-8080-exec-3] c.s.api.controller.StudentController     : Fetching all students for School ID:2 and Year ID:2
2026-03-16T12:44:04.845+05:30  INFO 19260 --- [http-nio-8080-exec-5] c.s.api.controller.StudentController     : Fetching all students for School ID:2 and Year ID:2
2026-03-16T12:44:04.906+05:30 ERROR 19260 --- [http-nio-8080-exec-8] c.s.a.exception.GlobalExceptionHandler   : Unexpected error: java.io.IOException: An established connection was aborted by the software in your host machine

org.apache.catalina.connector.ClientAbortException: java.io.IOException: An established connection was aborted by the software in your host machine
	at org.apache.catalina.connector.OutputBuffer.realWriteBytes(OutputBuffer.java:344) ~[tomcat-embed-core-10.1.19.jar:10.1.19]
	at org.apache.catalina.connector.OutputBuffer.flushByteBuffer(OutputBuffer.java:773) ~[tomcat-embed-core-10.1.19.jar:10.1.19]
	at org.apache.catalina.connector.OutputBuffer.append(OutputBuffer.java:676) ~[tomcat-embed-core-10.1.19.jar:10.1.19]
	at org.apache.catalina.connector.OutputBuffer.writeBytes(OutputBuffer.java:379) ~[tomcat-embed-core-10.1.19.jar:10.1.19]
	at org.apache.catalina.connector.OutputBuffer.write(OutputBuffer.java:357) ~[tomcat-embed-core-10.1.19.jar:10.1.19]
	at org.apache.catalina.connector.CoyoteOutputStream.write(CoyoteOutputStream.java:97) ~[tomcat-embed-core-10.1.19.jar:10.1.19]
	at org.springframework.security.web.util.OnCommittedResponseWrapper$SaveContextServletOutputStream.write(OnCommittedResponseWrapper.java:639) ~[spring-security-web-6.2.2.jar:6.2.2]
	at java.base/java.io.InputStream.transferTo(InputStream.java:797) ~[na:na]
	at java.base/java.io.FileInputStream.transferTo(FileInputStream.java:390) ~[na:na]
	at java.base/java.io.BufferedInputStream.implTransferTo(BufferedInputStream.java:652) ~[na:na]
	at java.base/java.io.BufferedInputStream.transferTo(BufferedInputStream.java:631) ~[na:na]
	at org.springframework.http.converter.ResourceHttpMessageConverter.writeContent(ResourceHttpMessageConverter.java:149) ~[spring-web-6.1.4.jar:6.1.4]
	at org.springframework.http.converter.ResourceHttpMessageConverter.writeInternal(ResourceHttpMessageConverter.java:138) ~[spring-web-6.1.4.jar:6.1.4]
	at org.springframework.http.converter.ResourceHttpMessageConverter.writeInternal(ResourceHttpMessageConverter.java:46) ~[spring-web-6.1.4.jar:6.1.4]
	at org.springframework.http.converter.AbstractHttpMessageConverter.write(AbstractHttpMessageConverter.java:236) ~[spring-web-6.1.4.jar:6.1.4]
	at org.springframework.web.servlet.resource.ResourceHttpRequestHandler.handleRequest(ResourceHttpRequestHandler.java:621) ~[spring-webmvc-6.1.4.jar:6.1.4]
	at org.springframework.web.servlet.mvc.HttpRequestHandlerAdapter.handle(HttpRequestHandlerAdapter.java:52) ~[spring-webmvc-6.1.4.jar:6.1.4]
	at org.springframework.web.servlet.DispatcherServlet.doDispatch(DispatcherServlet.java:1089) ~[spring-webmvc-6.1.4.jar:6.1.4]
	at org.springframework.web.servlet.DispatcherServlet.doService(DispatcherServlet.java:979) ~[spring-webmvc-6.1.4.jar:6.1.4]
	at org.springframework.web.servlet.FrameworkServlet.processRequest(FrameworkServlet.java:1014) ~[spring-webmvc-6.1.4.jar:6.1.4]
	at org.springframework.web.servlet.FrameworkServlet.doGet(FrameworkServlet.java:903) ~[spring-webmvc-6.1.4.jar:6.1.4]
	at jakarta.servlet.http.HttpServlet.service(HttpServlet.java:564) ~[tomcat-embed-core-10.1.19.jar:6.0]
	at org.springframework.web.servlet.FrameworkServlet.service(FrameworkServlet.java:885) ~[spring-webmvc-6.1.4.jar:6.1.4]
	at jakarta.servlet.http.HttpServlet.service(HttpServlet.java:658) ~[tomcat-embed-core-10.1.19.jar:6.0]
	at org.apache.catalina.core.ApplicationFilterChain.internalDoFilter(ApplicationFilterChain.java:205) ~[tomcat-embed-core-10.1.19.jar:10.1.19]
	at org.apache.catalina.core.ApplicationFilterChain.doFilter(ApplicationFilterChain.java:149) ~[tomcat-embed-core-10.1.19.jar:10.1.19]
	at org.apache.tomcat.websocket.server.WsFilter.doFilter(WsFilter.java:51) ~[tomcat-embed-websocket-10.1.19.jar:10.1.19]
	at org.apache.catalina.core.ApplicationFilterChain.internalDoFilter(ApplicationFilterChain.java:174) ~[tomcat-embed-core-10.1.19.jar:10.1.19]
	at org.apache.catalina.core.ApplicationFilterChain.doFilter(ApplicationFilterChain.java:149) ~[tomcat-embed-core-10.1.19.jar:10.1.19]
	at org.springframework.web.filter.CompositeFilter$VirtualFilterChain.doFilter(CompositeFilter.java:108) ~[spring-web-6.1.4.jar:6.1.4]
	at org.springframework.security.web.FilterChainProxy.lambda$doFilterInternal$3(FilterChainProxy.java:231) ~[spring-security-web-6.2.2.jar:6.2.2]
	at org.springframework.security.web.FilterChainProxy$VirtualFilterChain.doFilter(FilterChainProxy.java:365) ~[spring-security-web-6.2.2.jar:6.2.2]
	at org.springframework.security.web.access.intercept.AuthorizationFilter.doFilter(AuthorizationFilter.java:100) ~[spring-security-web-6.2.2.jar:6.2.2]
	at org.springframework.security.web.FilterChainProxy$VirtualFilterChain.doFilter(FilterChainProxy.java:374) ~[spring-security-web-6.2.2.jar:6.2.2]
	at org.springframework.security.web.access.ExceptionTranslationFilter.doFilter(ExceptionTranslationFilter.java:126) ~[spring-security-web-6.2.2.jar:6.2.2]
	at org.springframework.security.web.access.ExceptionTranslationFilter.doFilter(ExceptionTranslationFilter.java:120) ~[spring-security-web-6.2.2.jar:6.2.2]
	at org.springframework.security.web.FilterChainProxy$VirtualFilterChain.doFilter(FilterChainProxy.java:374) ~[spring-security-web-6.2.2.jar:6.2.2]
	at org.springframework.security.web.session.SessionManagementFilter.doFilter(SessionManagementFilter.java:131) ~[spring-security-web-6.2.2.jar:6.2.2]
	at org.springframework.security.web.session.SessionManagementFilter.doFilter(SessionManagementFilter.java:85) ~[spring-security-web-6.2.2.jar:6.2.2]
	at org.springframework.security.web.FilterChainProxy$VirtualFilterChain.doFilter(FilterChainProxy.java:374) ~[spring-security-web-6.2.2.jar:6.2.2]
	at org.springframework.security.web.authentication.AnonymousAuthenticationFilter.doFilter(AnonymousAuthenticationFilter.java:100) ~[spring-security-web-6.2.2.jar:6.2.2]
	at org.springframework.security.web.FilterChainProxy$VirtualFilterChain.doFilter(FilterChainProxy.java:374) ~[spring-security-web-6.2.2.jar:6.2.2]
	at org.springframework.security.web.servletapi.SecurityContextHolderAwareRequestFilter.doFilter(SecurityContextHolderAwareRequestFilter.java:179) ~[spring-security-web-6.2.2.jar:6.2.2]
	at org.springframework.security.web.FilterChainProxy$VirtualFilterChain.doFilter(FilterChainProxy.java:374) ~[spring-security-web-6.2.2.jar:6.2.2]
	at org.springframework.security.web.savedrequest.RequestCacheAwareFilter.doFilter(RequestCacheAwareFilter.java:63) ~[spring-security-web-6.2.2.jar:6.2.2]
	at org.springframework.security.web.FilterChainProxy$VirtualFilterChain.doFilter(FilterChainProxy.java:374) ~[spring-security-web-6.2.2.jar:6.2.2]
	at org.springframework.security.web.authentication.logout.LogoutFilter.doFilter(LogoutFilter.java:107) ~[spring-security-web-6.2.2.jar:6.2.2]
	at org.springframework.security.web.authentication.logout.LogoutFilter.doFilter(LogoutFilter.java:93) ~[spring-security-web-6.2.2.jar:6.2.2]
	at org.springframework.security.web.FilterChainProxy$VirtualFilterChain.doFilter(FilterChainProxy.java:374) ~[spring-security-web-6.2.2.jar:6.2.2]
	at org.springframework.web.filter.CorsFilter.doFilterInternal(CorsFilter.java:91) ~[spring-web-6.1.4.jar:6.1.4]
	at org.springframework.web.filter.OncePerRequestFilter.doFilter(OncePerRequestFilter.java:116) ~[spring-web-6.1.4.jar:6.1.4]
	at org.springframework.security.web.FilterChainProxy$VirtualFilterChain.doFilter(FilterChainProxy.java:374) ~[spring-security-web-6.2.2.jar:6.2.2]
	at org.springframework.security.web.header.HeaderWriterFilter.doHeadersAfter(HeaderWriterFilter.java:90) ~[spring-security-web-6.2.2.jar:6.2.2]
	at org.springframework.security.web.header.HeaderWriterFilter.doFilterInternal(HeaderWriterFilter.java:75) ~[spring-security-web-6.2.2.jar:6.2.2]
	at org.springframework.web.filter.OncePerRequestFilter.doFilter(OncePerRequestFilter.java:116) ~[spring-web-6.1.4.jar:6.1.4]
	at org.springframework.security.web.FilterChainProxy$VirtualFilterChain.doFilter(FilterChainProxy.java:374) ~[spring-security-web-6.2.2.jar:6.2.2]
	at org.springframework.security.web.context.SecurityContextHolderFilter.doFilter(SecurityContextHolderFilter.java:82) ~[spring-security-web-6.2.2.jar:6.2.2]
	at org.springframework.security.web.context.SecurityContextHolderFilter.doFilter(SecurityContextHolderFilter.java:69) ~[spring-security-web-6.2.2.jar:6.2.2]
	at org.springframework.security.web.FilterChainProxy$VirtualFilterChain.doFilter(FilterChainProxy.java:374) ~[spring-security-web-6.2.2.jar:6.2.2]
	at org.springframework.security.web.context.request.async.WebAsyncManagerIntegrationFilter.doFilterInternal(WebAsyncManagerIntegrationFilter.java:62) ~[spring-security-web-6.2.2.jar:6.2.2]
	at org.springframework.web.filter.OncePerRequestFilter.doFilter(OncePerRequestFilter.java:116) ~[spring-web-6.1.4.jar:6.1.4]
	at org.springframework.security.web.FilterChainProxy$VirtualFilterChain.doFilter(FilterChainProxy.java:374) ~[spring-security-web-6.2.2.jar:6.2.2]
	at org.springframework.security.web.session.DisableEncodeUrlFilter.doFilterInternal(DisableEncodeUrlFilter.java:42) ~[spring-security-web-6.2.2.jar:6.2.2]
	at org.springframework.web.filter.OncePerRequestFilter.doFilter(OncePerRequestFilter.java:116) ~[spring-web-6.1.4.jar:6.1.4]
	at org.springframework.security.web.FilterChainProxy$VirtualFilterChain.doFilter(FilterChainProxy.java:374) ~[spring-security-web-6.2.2.jar:6.2.2]
	at org.springframework.security.web.FilterChainProxy.doFilterInternal(FilterChainProxy.java:233) ~[spring-security-web-6.2.2.jar:6.2.2]
	at org.springframework.security.web.FilterChainProxy.doFilter(FilterChainProxy.java:191) ~[spring-security-web-6.2.2.jar:6.2.2]
	at org.springframework.web.filter.CompositeFilter$VirtualFilterChain.doFilter(CompositeFilter.java:113) ~[spring-web-6.1.4.jar:6.1.4]
	at org.springframework.web.servlet.handler.HandlerMappingIntrospector.lambda$createCacheFilter$3(HandlerMappingIntrospector.java:195) ~[spring-webmvc-6.1.4.jar:6.1.4]
	at org.springframework.web.filter.CompositeFilter$VirtualFilterChain.doFilter(CompositeFilter.java:113) ~[spring-web-6.1.4.jar:6.1.4]
	at org.springframework.web.filter.CompositeFilter.doFilter(CompositeFilter.java:74) ~[spring-web-6.1.4.jar:6.1.4]
	at org.springframework.security.config.annotation.web.configuration.WebMvcSecurityConfiguration$CompositeFilterChainProxy.doFilter(WebMvcSecurityConfiguration.java:230) ~[spring-security-config-6.2.2.jar:6.2.2]
	at org.springframework.web.filter.DelegatingFilterProxy.invokeDelegate(DelegatingFilterProxy.java:352) ~[spring-web-6.1.4.jar:6.1.4]
	at org.springframework.web.filter.DelegatingFilterProxy.doFilter(DelegatingFilterProxy.java:268) ~[spring-web-6.1.4.jar:6.1.4]
	at org.apache.catalina.core.ApplicationFilterChain.internalDoFilter(ApplicationFilterChain.java:174) ~[tomcat-embed-core-10.1.19.jar:10.1.19]
	at org.apache.catalina.core.ApplicationFilterChain.doFilter(ApplicationFilterChain.java:149) ~[tomcat-embed-core-10.1.19.jar:10.1.19]
	at org.springframework.web.filter.RequestContextFilter.doFilterInternal(RequestContextFilter.java:100) ~[spring-web-6.1.4.jar:6.1.4]
	at org.springframework.web.filter.OncePerRequestFilter.doFilter(OncePerRequestFilter.java:116) ~[spring-web-6.1.4.jar:6.1.4]
	at org.apache.catalina.core.ApplicationFilterChain.internalDoFilter(ApplicationFilterChain.java:174) ~[tomcat-embed-core-10.1.19.jar:10.1.19]
	at org.apache.catalina.core.ApplicationFilterChain.doFilter(ApplicationFilterChain.java:149) ~[tomcat-embed-core-10.1.19.jar:10.1.19]
	at org.springframework.web.filter.FormContentFilter.doFilterInternal(FormContentFilter.java:93) ~[spring-web-6.1.4.jar:6.1.4]
	at org.springframework.web.filter.OncePerRequestFilter.doFilter(OncePerRequestFilter.java:116) ~[spring-web-6.1.4.jar:6.1.4]
	at org.apache.catalina.core.ApplicationFilterChain.internalDoFilter(ApplicationFilterChain.java:174) ~[tomcat-embed-core-10.1.19.jar:10.1.19]
	at org.apache.catalina.core.ApplicationFilterChain.doFilter(ApplicationFilterChain.java:149) ~[tomcat-embed-core-10.1.19.jar:10.1.19]
	at org.springframework.web.filter.CharacterEncodingFilter.doFilterInternal(CharacterEncodingFilter.java:201) ~[spring-web-6.1.4.jar:6.1.4]
	at org.springframework.web.filter.OncePerRequestFilter.doFilter(OncePerRequestFilter.java:116) ~[spring-web-6.1.4.jar:6.1.4]
	at org.apache.catalina.core.ApplicationFilterChain.internalDoFilter(ApplicationFilterChain.java:174) ~[tomcat-embed-core-10.1.19.jar:10.1.19]
	at org.apache.catalina.core.ApplicationFilterChain.doFilter(ApplicationFilterChain.java:149) ~[tomcat-embed-core-10.1.19.jar:10.1.19]
	at org.apache.catalina.core.StandardWrapperValve.invoke(StandardWrapperValve.java:167) ~[tomcat-embed-core-10.1.19.jar:10.1.19]
	at org.apache.catalina.core.StandardContextValve.invoke(StandardContextValve.java:90) ~[tomcat-embed-core-10.1.19.jar:10.1.19]
	at org.apache.catalina.authenticator.AuthenticatorBase.invoke(AuthenticatorBase.java:482) ~[tomcat-embed-core-10.1.19.jar:10.1.19]
	at org.apache.catalina.core.StandardHostValve.invoke(StandardHostValve.java:115) ~[tomcat-embed-core-10.1.19.jar:10.1.19]
	at org.apache.catalina.valves.ErrorReportValve.invoke(ErrorReportValve.java:93) ~[tomcat-embed-core-10.1.19.jar:10.1.19]
	at org.apache.catalina.core.StandardEngineValve.invoke(StandardEngineValve.java:74) ~[tomcat-embed-core-10.1.19.jar:10.1.19]
	at org.apache.catalina.connector.CoyoteAdapter.service(CoyoteAdapter.java:344) ~[tomcat-embed-core-10.1.19.jar:10.1.19]
	at org.apache.coyote.http11.Http11Processor.service(Http11Processor.java:391) ~[tomcat-embed-core-10.1.19.jar:10.1.19]
	at org.apache.coyote.AbstractProcessorLight.process(AbstractProcessorLight.java:63) ~[tomcat-embed-core-10.1.19.jar:10.1.19]
	at org.apache.coyote.AbstractProtocol$ConnectionHandler.process(AbstractProtocol.java:896) ~[tomcat-embed-core-10.1.19.jar:10.1.19]
	at org.apache.tomcat.util.net.NioEndpoint$SocketProcessor.doRun(NioEndpoint.java:1744) ~[tomcat-embed-core-10.1.19.jar:10.1.19]
	at org.apache.tomcat.util.net.SocketProcessorBase.run(SocketProcessorBase.java:52) ~[tomcat-embed-core-10.1.19.jar:10.1.19]
	at org.apache.tomcat.util.threads.ThreadPoolExecutor.runWorker(ThreadPoolExecutor.java:1191) ~[tomcat-embed-core-10.1.19.jar:10.1.19]
	at org.apache.tomcat.util.threads.ThreadPoolExecutor$Worker.run(ThreadPoolExecutor.java:659) ~[tomcat-embed-core-10.1.19.jar:10.1.19]
	at org.apache.tomcat.util.threads.TaskThread$WrappingRunnable.run(TaskThread.java:63) ~[tomcat-embed-core-10.1.19.jar:10.1.19]
	at java.base/java.lang.Thread.run(Thread.java:1583) ~[na:na]
Caused by: java.io.IOException: An established connection was aborted by the software in your host machine
	at java.base/sun.nio.ch.SocketDispatcher.write0(Native Method) ~[na:na]
	at java.base/sun.nio.ch.SocketDispatcher.write(SocketDispatcher.java:54) ~[na:na]
	at java.base/sun.nio.ch.IOUtil.writeFromNativeBuffer(IOUtil.java:137) ~[na:na]
	at java.base/sun.nio.ch.IOUtil.write(IOUtil.java:102) ~[na:na]
	at java.base/sun.nio.ch.IOUtil.write(IOUtil.java:58) ~[na:na]
	at java.base/sun.nio.ch.SocketChannelImpl.write(SocketChannelImpl.java:542) ~[na:na]
	at org.apache.tomcat.util.net.NioChannel.write(NioChannel.java:118) ~[tomcat-embed-core-10.1.19.jar:10.1.19]
	at org.apache.tomcat.util.net.NioEndpoint$NioSocketWrapper.doWrite(NioEndpoint.java:1381) ~[tomcat-embed-core-10.1.19.jar:10.1.19]
	at org.apache.tomcat.util.net.SocketWrapperBase.doWrite(SocketWrapperBase.java:764) ~[tomcat-embed-core-10.1.19.jar:10.1.19]
	at org.apache.tomcat.util.net.SocketWrapperBase.writeBlocking(SocketWrapperBase.java:589) ~[tomcat-embed-core-10.1.19.jar:10.1.19]
	at org.apache.tomcat.util.net.SocketWrapperBase.write(SocketWrapperBase.java:533) ~[tomcat-embed-core-10.1.19.jar:10.1.19]
	at org.apache.coyote.http11.Http11OutputBuffer$SocketOutputBuffer.doWrite(Http11OutputBuffer.java:540) ~[tomcat-embed-core-10.1.19.jar:10.1.19]
	at org.apache.coyote.http11.filters.IdentityOutputFilter.doWrite(IdentityOutputFilter.java:73) ~[tomcat-embed-core-10.1.19.jar:10.1.19]
	at org.apache.coyote.http11.Http11OutputBuffer.doWrite(Http11OutputBuffer.java:193) ~[tomcat-embed-core-10.1.19.jar:10.1.19]
	at org.apache.coyote.Response.doWrite(Response.java:616) ~[tomcat-embed-core-10.1.19.jar:10.1.19]
	at org.apache.catalina.connector.OutputBuffer.realWriteBytes(OutputBuffer.java:331) ~[tomcat-embed-core-10.1.19.jar:10.1.19]
	... 103 common frames omitted

2026-03-16T12:44:04.939+05:30  WARN 19260 --- [http-nio-8080-exec-8] .m.m.a.ExceptionHandlerExceptionResolver : Failure in @ExceptionHandler com.smartschool.api.exception.GlobalExceptionHandler#handleGlobalException(Exception, HttpServletRequest)

org.springframework.http.converter.HttpMessageNotWritableException: No converter for [class com.smartschool.api.exception.ApiError] with preset Content-Type 'image/png'
	at org.springframework.web.servlet.mvc.method.annotation.AbstractMessageConverterMethodProcessor.writeWithMessageConverters(AbstractMessageConverterMethodProcessor.java:319) ~[spring-webmvc-6.1.4.jar:6.1.4]
	at org.springframework.web.servlet.mvc.method.annotation.HttpEntityMethodProcessor.handleReturnValue(HttpEntityMethodProcessor.java:245) ~[spring-webmvc-6.1.4.jar:6.1.4]
	at org.springframework.web.method.support.HandlerMethodReturnValueHandlerComposite.handleReturnValue(HandlerMethodReturnValueHandlerComposite.java:78) ~[spring-web-6.1.4.jar:6.1.4]
	at org.springframework.web.servlet.mvc.method.annotation.ServletInvocableHandlerMethod.invokeAndHandle(ServletInvocableHandlerMethod.java:136) ~[spring-webmvc-6.1.4.jar:6.1.4]
	at org.springframework.web.servlet.mvc.method.annotation.ExceptionHandlerExceptionResolver.doResolveHandlerMethodException(ExceptionHandlerExceptionResolver.java:432) ~[spring-webmvc-6.1.4.jar:6.1.4]
	at org.springframework.web.servlet.handler.AbstractHandlerMethodExceptionResolver.doResolveException(AbstractHandlerMethodExceptionResolver.java:74) ~[spring-webmvc-6.1.4.jar:6.1.4]
	at org.springframework.web.servlet.handler.AbstractHandlerExceptionResolver.resolveException(AbstractHandlerExceptionResolver.java:175) ~[spring-webmvc-6.1.4.jar:6.1.4]
	at org.springframework.web.servlet.handler.HandlerExceptionResolverComposite.resolveException(HandlerExceptionResolverComposite.java:80) ~[spring-webmvc-6.1.4.jar:6.1.4]
	at org.springframework.web.servlet.DispatcherServlet.processHandlerException(DispatcherServlet.java:1357) ~[spring-webmvc-6.1.4.jar:6.1.4]
	at org.springframework.web.servlet.DispatcherServlet.processDispatchResult(DispatcherServlet.java:1160) ~[spring-webmvc-6.1.4.jar:6.1.4]
	at org.springframework.web.servlet.DispatcherServlet.doDispatch(DispatcherServlet.java:1106) ~[spring-webmvc-6.1.4.jar:6.1.4]
	at org.springframework.web.servlet.DispatcherServlet.doService(DispatcherServlet.java:979) ~[spring-webmvc-6.1.4.jar:6.1.4]
	at org.springframework.web.servlet.FrameworkServlet.processRequest(FrameworkServlet.java:1014) ~[spring-webmvc-6.1.4.jar:6.1.4]
	at org.springframework.web.servlet.FrameworkServlet.doGet(FrameworkServlet.java:903) ~[spring-webmvc-6.1.4.jar:6.1.4]
	at jakarta.servlet.http.HttpServlet.service(HttpServlet.java:564) ~[tomcat-embed-core-10.1.19.jar:6.0]
	at org.springframework.web.servlet.FrameworkServlet.service(FrameworkServlet.java:885) ~[spring-webmvc-6.1.4.jar:6.1.4]
	at jakarta.servlet.http.HttpServlet.service(HttpServlet.java:658) ~[tomcat-embed-core-10.1.19.jar:6.0]
	at org.apache.catalina.core.ApplicationFilterChain.internalDoFilter(ApplicationFilterChain.java:205) ~[tomcat-embed-core-10.1.19.jar:10.1.19]
	at org.apache.catalina.core.ApplicationFilterChain.doFilter(ApplicationFilterChain.java:149) ~[tomcat-embed-core-10.1.19.jar:10.1.19]
	at org.apache.tomcat.websocket.server.WsFilter.doFilter(WsFilter.java:51) ~[tomcat-embed-websocket-10.1.19.jar:10.1.19]
	at org.apache.catalina.core.ApplicationFilterChain.internalDoFilter(ApplicationFilterChain.java:174) ~[tomcat-embed-core-10.1.19.jar:10.1.19]
	at org.apache.catalina.core.ApplicationFilterChain.doFilter(ApplicationFilterChain.java:149) ~[tomcat-embed-core-10.1.19.jar:10.1.19]
	at org.springframework.web.filter.CompositeFilter$VirtualFilterChain.doFilter(CompositeFilter.java:108) ~[spring-web-6.1.4.jar:6.1.4]
	at org.springframework.security.web.FilterChainProxy.lambda$doFilterInternal$3(FilterChainProxy.java:231) ~[spring-security-web-6.2.2.jar:6.2.2]
	at org.springframework.security.web.FilterChainProxy$VirtualFilterChain.doFilter(FilterChainProxy.java:365) ~[spring-security-web-6.2.2.jar:6.2.2]
	at org.springframework.security.web.access.intercept.AuthorizationFilter.doFilter(AuthorizationFilter.java:100) ~[spring-security-web-6.2.2.jar:6.2.2]
	at org.springframework.security.web.FilterChainProxy$VirtualFilterChain.doFilter(FilterChainProxy.java:374) ~[spring-security-web-6.2.2.jar:6.2.2]
	at org.springframework.security.web.access.ExceptionTranslationFilter.doFilter(ExceptionTranslationFilter.java:126) ~[spring-security-web-6.2.2.jar:6.2.2]
	at org.springframework.security.web.access.ExceptionTranslationFilter.doFilter(ExceptionTranslationFilter.java:120) ~[spring-security-web-6.2.2.jar:6.2.2]
	at org.springframework.security.web.FilterChainProxy$VirtualFilterChain.doFilter(FilterChainProxy.java:374) ~[spring-security-web-6.2.2.jar:6.2.2]
	at org.springframework.security.web.session.SessionManagementFilter.doFilter(SessionManagementFilter.java:131) ~[spring-security-web-6.2.2.jar:6.2.2]
	at org.springframework.security.web.session.SessionManagementFilter.doFilter(SessionManagementFilter.java:85) ~[spring-security-web-6.2.2.jar:6.2.2]
	at org.springframework.security.web.FilterChainProxy$VirtualFilterChain.doFilter(FilterChainProxy.java:374) ~[spring-security-web-6.2.2.jar:6.2.2]
	at org.springframework.security.web.authentication.AnonymousAuthenticationFilter.doFilter(AnonymousAuthenticationFilter.java:100) ~[spring-security-web-6.2.2.jar:6.2.2]
	at org.springframework.security.web.FilterChainProxy$VirtualFilterChain.doFilter(FilterChainProxy.java:374) ~[spring-security-web-6.2.2.jar:6.2.2]
	at org.springframework.security.web.servletapi.SecurityContextHolderAwareRequestFilter.doFilter(SecurityContextHolderAwareRequestFilter.java:179) ~[spring-security-web-6.2.2.jar:6.2.2]
	at org.springframework.security.web.FilterChainProxy$VirtualFilterChain.doFilter(FilterChainProxy.java:374) ~[spring-security-web-6.2.2.jar:6.2.2]
	at org.springframework.security.web.savedrequest.RequestCacheAwareFilter.doFilter(RequestCacheAwareFilter.java:63) ~[spring-security-web-6.2.2.jar:6.2.2]
	at org.springframework.security.web.FilterChainProxy$VirtualFilterChain.doFilter(FilterChainProxy.java:374) ~[spring-security-web-6.2.2.jar:6.2.2]
	at org.springframework.security.web.authentication.logout.LogoutFilter.doFilter(LogoutFilter.java:107) ~[spring-security-web-6.2.2.jar:6.2.2]
	at org.springframework.security.web.authentication.logout.LogoutFilter.doFilter(LogoutFilter.java:93) ~[spring-security-web-6.2.2.jar:6.2.2]
	at org.springframework.security.web.FilterChainProxy$VirtualFilterChain.doFilter(FilterChainProxy.java:374) ~[spring-security-web-6.2.2.jar:6.2.2]
	at org.springframework.web.filter.CorsFilter.doFilterInternal(CorsFilter.java:91) ~[spring-web-6.1.4.jar:6.1.4]
	at org.springframework.web.filter.OncePerRequestFilter.doFilter(OncePerRequestFilter.java:116) ~[spring-web-6.1.4.jar:6.1.4]
	at org.springframework.security.web.FilterChainProxy$VirtualFilterChain.doFilter(FilterChainProxy.java:374) ~[spring-security-web-6.2.2.jar:6.2.2]
	at org.springframework.security.web.header.HeaderWriterFilter.doHeadersAfter(HeaderWriterFilter.java:90) ~[spring-security-web-6.2.2.jar:6.2.2]
	at org.springframework.security.web.header.HeaderWriterFilter.doFilterInternal(HeaderWriterFilter.java:75) ~[spring-security-web-6.2.2.jar:6.2.2]
	at org.springframework.web.filter.OncePerRequestFilter.doFilter(OncePerRequestFilter.java:116) ~[spring-web-6.1.4.jar:6.1.4]
	at org.springframework.security.web.FilterChainProxy$VirtualFilterChain.doFilter(FilterChainProxy.java:374) ~[spring-security-web-6.2.2.jar:6.2.2]
	at org.springframework.security.web.context.SecurityContextHolderFilter.doFilter(SecurityContextHolderFilter.java:82) ~[spring-security-web-6.2.2.jar:6.2.2]
	at org.springframework.security.web.context.SecurityContextHolderFilter.doFilter(SecurityContextHolderFilter.java:69) ~[spring-security-web-6.2.2.jar:6.2.2]
	at org.springframework.security.web.FilterChainProxy$VirtualFilterChain.doFilter(FilterChainProxy.java:374) ~[spring-security-web-6.2.2.jar:6.2.2]
	at org.springframework.security.web.context.request.async.WebAsyncManagerIntegrationFilter.doFilterInternal(WebAsyncManagerIntegrationFilter.java:62) ~[spring-security-web-6.2.2.jar:6.2.2]
	at org.springframework.web.filter.OncePerRequestFilter.doFilter(OncePerRequestFilter.java:116) ~[spring-web-6.1.4.jar:6.1.4]
	at org.springframework.security.web.FilterChainProxy$VirtualFilterChain.doFilter(FilterChainProxy.java:374) ~[spring-security-web-6.2.2.jar:6.2.2]
	at org.springframework.security.web.session.DisableEncodeUrlFilter.doFilterInternal(DisableEncodeUrlFilter.java:42) ~[spring-security-web-6.2.2.jar:6.2.2]
	at org.springframework.web.filter.OncePerRequestFilter.doFilter(OncePerRequestFilter.java:116) ~[spring-web-6.1.4.jar:6.1.4]
	at org.springframework.security.web.FilterChainProxy$VirtualFilterChain.doFilter(FilterChainProxy.java:374) ~[spring-security-web-6.2.2.jar:6.2.2]
	at org.springframework.security.web.FilterChainProxy.doFilterInternal(FilterChainProxy.java:233) ~[spring-security-web-6.2.2.jar:6.2.2]
	at org.springframework.security.web.FilterChainProxy.doFilter(FilterChainProxy.java:191) ~[spring-security-web-6.2.2.jar:6.2.2]
	at org.springframework.web.filter.CompositeFilter$VirtualFilterChain.doFilter(CompositeFilter.java:113) ~[spring-web-6.1.4.jar:6.1.4]
	at org.springframework.web.servlet.handler.HandlerMappingIntrospector.lambda$createCacheFilter$3(HandlerMappingIntrospector.java:195) ~[spring-webmvc-6.1.4.jar:6.1.4]
	at org.springframework.web.filter.CompositeFilter$VirtualFilterChain.doFilter(CompositeFilter.java:113) ~[spring-web-6.1.4.jar:6.1.4]
	at org.springframework.web.filter.CompositeFilter.doFilter(CompositeFilter.java:74) ~[spring-web-6.1.4.jar:6.1.4]
	at org.springframework.security.config.annotation.web.configuration.WebMvcSecurityConfiguration$CompositeFilterChainProxy.doFilter(WebMvcSecurityConfiguration.java:230) ~[spring-security-config-6.2.2.jar:6.2.2]
	at org.springframework.web.filter.DelegatingFilterProxy.invokeDelegate(DelegatingFilterProxy.java:352) ~[spring-web-6.1.4.jar:6.1.4]
	at org.springframework.web.filter.DelegatingFilterProxy.doFilter(DelegatingFilterProxy.java:268) ~[spring-web-6.1.4.jar:6.1.4]
	at org.apache.catalina.core.ApplicationFilterChain.internalDoFilter(ApplicationFilterChain.java:174) ~[tomcat-embed-core-10.1.19.jar:10.1.19]
	at org.apache.catalina.core.ApplicationFilterChain.doFilter(ApplicationFilterChain.java:149) ~[tomcat-embed-core-10.1.19.jar:10.1.19]
	at org.springframework.web.filter.RequestContextFilter.doFilterInternal(RequestContextFilter.java:100) ~[spring-web-6.1.4.jar:6.1.4]
	at org.springframework.web.filter.OncePerRequestFilter.doFilter(OncePerRequestFilter.java:116) ~[spring-web-6.1.4.jar:6.1.4]
	at org.apache.catalina.core.ApplicationFilterChain.internalDoFilter(ApplicationFilterChain.java:174) ~[tomcat-embed-core-10.1.19.jar:10.1.19]
	at org.apache.catalina.core.ApplicationFilterChain.doFilter(ApplicationFilterChain.java:149) ~[tomcat-embed-core-10.1.19.jar:10.1.19]
	at org.springframework.web.filter.FormContentFilter.doFilterInternal(FormContentFilter.java:93) ~[spring-web-6.1.4.jar:6.1.4]
	at org.springframework.web.filter.OncePerRequestFilter.doFilter(OncePerRequestFilter.java:116) ~[spring-web-6.1.4.jar:6.1.4]
	at org.apache.catalina.core.ApplicationFilterChain.internalDoFilter(ApplicationFilterChain.java:174) ~[tomcat-embed-core-10.1.19.jar:10.1.19]
	at org.apache.catalina.core.ApplicationFilterChain.doFilter(ApplicationFilterChain.java:149) ~[tomcat-embed-core-10.1.19.jar:10.1.19]
	at org.springframework.web.filter.CharacterEncodingFilter.doFilterInternal(CharacterEncodingFilter.java:201) ~[spring-web-6.1.4.jar:6.1.4]
	at org.springframework.web.filter.OncePerRequestFilter.doFilter(OncePerRequestFilter.java:116) ~[spring-web-6.1.4.jar:6.1.4]
	at org.apache.catalina.core.ApplicationFilterChain.internalDoFilter(ApplicationFilterChain.java:174) ~[tomcat-embed-core-10.1.19.jar:10.1.19]
	at org.apache.catalina.core.ApplicationFilterChain.doFilter(ApplicationFilterChain.java:149) ~[tomcat-embed-core-10.1.19.jar:10.1.19]
	at org.apache.catalina.core.StandardWrapperValve.invoke(StandardWrapperValve.java:167) ~[tomcat-embed-core-10.1.19.jar:10.1.19]
	at org.apache.catalina.core.StandardContextValve.invoke(StandardContextValve.java:90) ~[tomcat-embed-core-10.1.19.jar:10.1.19]
	at org.apache.catalina.authenticator.AuthenticatorBase.invoke(AuthenticatorBase.java:482) ~[tomcat-embed-core-10.1.19.jar:10.1.19]
	at org.apache.catalina.core.StandardHostValve.invoke(StandardHostValve.java:115) ~[tomcat-embed-core-10.1.19.jar:10.1.19]
	at org.apache.catalina.valves.ErrorReportValve.invoke(ErrorReportValve.java:93) ~[tomcat-embed-core-10.1.19.jar:10.1.19]
	at org.apache.catalina.core.StandardEngineValve.invoke(StandardEngineValve.java:74) ~[tomcat-embed-core-10.1.19.jar:10.1.19]
	at org.apache.catalina.connector.CoyoteAdapter.service(CoyoteAdapter.java:344) ~[tomcat-embed-core-10.1.19.jar:10.1.19]
	at org.apache.coyote.http11.Http11Processor.service(Http11Processor.java:391) ~[tomcat-embed-core-10.1.19.jar:10.1.19]
	at org.apache.coyote.AbstractProcessorLight.process(AbstractProcessorLight.java:63) ~[tomcat-embed-core-10.1.19.jar:10.1.19]
	at org.apache.coyote.AbstractProtocol$ConnectionHandler.process(AbstractProtocol.java:896) ~[tomcat-embed-core-10.1.19.jar:10.1.19]
	at org.apache.tomcat.util.net.NioEndpoint$SocketProcessor.doRun(NioEndpoint.java:1744) ~[tomcat-embed-core-10.1.19.jar:10.1.19]
	at org.apache.tomcat.util.net.SocketProcessorBase.run(SocketProcessorBase.java:52) ~[tomcat-embed-core-10.1.19.jar:10.1.19]
	at org.apache.tomcat.util.threads.ThreadPoolExecutor.runWorker(ThreadPoolExecutor.java:1191) ~[tomcat-embed-core-10.1.19.jar:10.1.19]
	at org.apache.tomcat.util.threads.ThreadPoolExecutor$Worker.run(ThreadPoolExecutor.java:659) ~[tomcat-embed-core-10.1.19.jar:10.1.19]
	at org.apache.tomcat.util.threads.TaskThread$WrappingRunnable.run(TaskThread.java:63) ~[tomcat-embed-core-10.1.19.jar:10.1.19]
	at java.base/java.lang.Thread.run(Thread.java:1583) ~[na:na]

2026-03-16T12:44:05.122+05:30  INFO 19260 --- [http-nio-8080-exec-6] c.s.api.controller.StudentController     : Fetching all students for School ID:2 and Year ID:2
2026-03-16T12:44:05.129+05:30 ERROR 19260 --- [http-nio-8080-exec-1] c.s.a.exception.GlobalExceptionHandler   : Unexpected error: java.io.IOException: An established connection was aborted by the software in your host machine

org.apache.catalina.connector.ClientAbortException: java.io.IOException: An established connection was aborted by the software in your host machine
	at org.apache.catalina.connector.OutputBuffer.realWriteBytes(OutputBuffer.java:344) ~[tomcat-embed-core-10.1.19.jar:10.1.19]
	at org.apache.catalina.connector.OutputBuffer.flushByteBuffer(OutputBuffer.java:773) ~[tomcat-embed-core-10.1.19.jar:10.1.19]
	at org.apache.catalina.connector.OutputBuffer.append(OutputBuffer.java:676) ~[tomcat-embed-core-10.1.19.jar:10.1.19]
	at org.apache.catalina.connector.OutputBuffer.writeBytes(OutputBuffer.java:379) ~[tomcat-embed-core-10.1.19.jar:10.1.19]
	at org.apache.catalina.connector.OutputBuffer.write(OutputBuffer.java:357) ~[tomcat-embed-core-10.1.19.jar:10.1.19]
	at org.apache.catalina.connector.CoyoteOutputStream.write(CoyoteOutputStream.java:97) ~[tomcat-embed-core-10.1.19.jar:10.1.19]
	at org.springframework.security.web.util.OnCommittedResponseWrapper$SaveContextServletOutputStream.write(OnCommittedResponseWrapper.java:639) ~[spring-security-web-6.2.2.jar:6.2.2]
	at java.base/java.io.InputStream.transferTo(InputStream.java:797) ~[na:na]
	at java.base/java.io.FileInputStream.transferTo(FileInputStream.java:390) ~[na:na]
	at java.base/java.io.BufferedInputStream.implTransferTo(BufferedInputStream.java:652) ~[na:na]
	at java.base/java.io.BufferedInputStream.transferTo(BufferedInputStream.java:631) ~[na:na]
	at org.springframework.http.converter.ResourceHttpMessageConverter.writeContent(ResourceHttpMessageConverter.java:149) ~[spring-web-6.1.4.jar:6.1.4]
	at org.springframework.http.converter.ResourceHttpMessageConverter.writeInternal(ResourceHttpMessageConverter.java:138) ~[spring-web-6.1.4.jar:6.1.4]
	at org.springframework.http.converter.ResourceHttpMessageConverter.writeInternal(ResourceHttpMessageConverter.java:46) ~[spring-web-6.1.4.jar:6.1.4]
	at org.springframework.http.converter.AbstractHttpMessageConverter.write(AbstractHttpMessageConverter.java:236) ~[spring-web-6.1.4.jar:6.1.4]
	at org.springframework.web.servlet.resource.ResourceHttpRequestHandler.handleRequest(ResourceHttpRequestHandler.java:621) ~[spring-webmvc-6.1.4.jar:6.1.4]
	at org.springframework.web.servlet.mvc.HttpRequestHandlerAdapter.handle(HttpRequestHandlerAdapter.java:52) ~[spring-webmvc-6.1.4.jar:6.1.4]
	at org.springframework.web.servlet.DispatcherServlet.doDispatch(DispatcherServlet.java:1089) ~[spring-webmvc-6.1.4.jar:6.1.4]
	at org.springframework.web.servlet.DispatcherServlet.doService(DispatcherServlet.java:979) ~[spring-webmvc-6.1.4.jar:6.1.4]
	at org.springframework.web.servlet.FrameworkServlet.processRequest(FrameworkServlet.java:1014) ~[spring-webmvc-6.1.4.jar:6.1.4]
	at org.springframework.web.servlet.FrameworkServlet.doGet(FrameworkServlet.java:903) ~[spring-webmvc-6.1.4.jar:6.1.4]
	at jakarta.servlet.http.HttpServlet.service(HttpServlet.java:564) ~[tomcat-embed-core-10.1.19.jar:6.0]
	at org.springframework.web.servlet.FrameworkServlet.service(FrameworkServlet.java:885) ~[spring-webmvc-6.1.4.jar:6.1.4]
	at jakarta.servlet.http.HttpServlet.service(HttpServlet.java:658) ~[tomcat-embed-core-10.1.19.jar:6.0]
	at org.apache.catalina.core.ApplicationFilterChain.internalDoFilter(ApplicationFilterChain.java:205) ~[tomcat-embed-core-10.1.19.jar:10.1.19]
	at org.apache.catalina.core.ApplicationFilterChain.doFilter(ApplicationFilterChain.java:149) ~[tomcat-embed-core-10.1.19.jar:10.1.19]
	at org.apache.tomcat.websocket.server.WsFilter.doFilter(WsFilter.java:51) ~[tomcat-embed-websocket-10.1.19.jar:10.1.19]
	at org.apache.catalina.core.ApplicationFilterChain.internalDoFilter(ApplicationFilterChain.java:174) ~[tomcat-embed-core-10.1.19.jar:10.1.19]
	at org.apache.catalina.core.ApplicationFilterChain.doFilter(ApplicationFilterChain.java:149) ~[tomcat-embed-core-10.1.19.jar:10.1.19]
	at org.springframework.web.filter.CompositeFilter$VirtualFilterChain.doFilter(CompositeFilter.java:108) ~[spring-web-6.1.4.jar:6.1.4]
	at org.springframework.security.web.FilterChainProxy.lambda$doFilterInternal$3(FilterChainProxy.java:231) ~[spring-security-web-6.2.2.jar:6.2.2]
	at org.springframework.security.web.FilterChainProxy$VirtualFilterChain.doFilter(FilterChainProxy.java:365) ~[spring-security-web-6.2.2.jar:6.2.2]
	at org.springframework.security.web.access.intercept.AuthorizationFilter.doFilter(AuthorizationFilter.java:100) ~[spring-security-web-6.2.2.jar:6.2.2]
	at org.springframework.security.web.FilterChainProxy$VirtualFilterChain.doFilter(FilterChainProxy.java:374) ~[spring-security-web-6.2.2.jar:6.2.2]
	at org.springframework.security.web.access.ExceptionTranslationFilter.doFilter(ExceptionTranslationFilter.java:126) ~[spring-security-web-6.2.2.jar:6.2.2]
	at org.springframework.security.web.access.ExceptionTranslationFilter.doFilter(ExceptionTranslationFilter.java:120) ~[spring-security-web-6.2.2.jar:6.2.2]
	at org.springframework.security.web.FilterChainProxy$VirtualFilterChain.doFilter(FilterChainProxy.java:374) ~[spring-security-web-6.2.2.jar:6.2.2]
	at org.springframework.security.web.session.SessionManagementFilter.doFilter(SessionManagementFilter.java:131) ~[spring-security-web-6.2.2.jar:6.2.2]
	at org.springframework.security.web.session.SessionManagementFilter.doFilter(SessionManagementFilter.java:85) ~[spring-security-web-6.2.2.jar:6.2.2]
	at org.springframework.security.web.FilterChainProxy$VirtualFilterChain.doFilter(FilterChainProxy.java:374) ~[spring-security-web-6.2.2.jar:6.2.2]
	at org.springframework.security.web.authentication.AnonymousAuthenticationFilter.doFilter(AnonymousAuthenticationFilter.java:100) ~[spring-security-web-6.2.2.jar:6.2.2]
	at org.springframework.security.web.FilterChainProxy$VirtualFilterChain.doFilter(FilterChainProxy.java:374) ~[spring-security-web-6.2.2.jar:6.2.2]
	at org.springframework.security.web.servletapi.SecurityContextHolderAwareRequestFilter.doFilter(SecurityContextHolderAwareRequestFilter.java:179) ~[spring-security-web-6.2.2.jar:6.2.2]
	at org.springframework.security.web.FilterChainProxy$VirtualFilterChain.doFilter(FilterChainProxy.java:374) ~[spring-security-web-6.2.2.jar:6.2.2]
	at org.springframework.security.web.savedrequest.RequestCacheAwareFilter.doFilter(RequestCacheAwareFilter.java:63) ~[spring-security-web-6.2.2.jar:6.2.2]
	at org.springframework.security.web.FilterChainProxy$VirtualFilterChain.doFilter(FilterChainProxy.java:374) ~[spring-security-web-6.2.2.jar:6.2.2]
	at org.springframework.security.web.authentication.logout.LogoutFilter.doFilter(LogoutFilter.java:107) ~[spring-security-web-6.2.2.jar:6.2.2]
	at org.springframework.security.web.authentication.logout.LogoutFilter.doFilter(LogoutFilter.java:93) ~[spring-security-web-6.2.2.jar:6.2.2]
	at org.springframework.security.web.FilterChainProxy$VirtualFilterChain.doFilter(FilterChainProxy.java:374) ~[spring-security-web-6.2.2.jar:6.2.2]
	at org.springframework.web.filter.CorsFilter.doFilterInternal(CorsFilter.java:91) ~[spring-web-6.1.4.jar:6.1.4]
	at org.springframework.web.filter.OncePerRequestFilter.doFilter(OncePerRequestFilter.java:116) ~[spring-web-6.1.4.jar:6.1.4]
	at org.springframework.security.web.FilterChainProxy$VirtualFilterChain.doFilter(FilterChainProxy.java:374) ~[spring-security-web-6.2.2.jar:6.2.2]
	at org.springframework.security.web.header.HeaderWriterFilter.doHeadersAfter(HeaderWriterFilter.java:90) ~[spring-security-web-6.2.2.jar:6.2.2]
	at org.springframework.security.web.header.HeaderWriterFilter.doFilterInternal(HeaderWriterFilter.java:75) ~[spring-security-web-6.2.2.jar:6.2.2]
	at org.springframework.web.filter.OncePerRequestFilter.doFilter(OncePerRequestFilter.java:116) ~[spring-web-6.1.4.jar:6.1.4]
	at org.springframework.security.web.FilterChainProxy$VirtualFilterChain.doFilter(FilterChainProxy.java:374) ~[spring-security-web-6.2.2.jar:6.2.2]
	at org.springframework.security.web.context.SecurityContextHolderFilter.doFilter(SecurityContextHolderFilter.java:82) ~[spring-security-web-6.2.2.jar:6.2.2]
	at org.springframework.security.web.context.SecurityContextHolderFilter.doFilter(SecurityContextHolderFilter.java:69) ~[spring-security-web-6.2.2.jar:6.2.2]
	at org.springframework.security.web.FilterChainProxy$VirtualFilterChain.doFilter(FilterChainProxy.java:374) ~[spring-security-web-6.2.2.jar:6.2.2]
	at org.springframework.security.web.context.request.async.WebAsyncManagerIntegrationFilter.doFilterInternal(WebAsyncManagerIntegrationFilter.java:62) ~[spring-security-web-6.2.2.jar:6.2.2]
	at org.springframework.web.filter.OncePerRequestFilter.doFilter(OncePerRequestFilter.java:116) ~[spring-web-6.1.4.jar:6.1.4]
	at org.springframework.security.web.FilterChainProxy$VirtualFilterChain.doFilter(FilterChainProxy.java:374) ~[spring-security-web-6.2.2.jar:6.2.2]
	at org.springframework.security.web.session.DisableEncodeUrlFilter.doFilterInternal(DisableEncodeUrlFilter.java:42) ~[spring-security-web-6.2.2.jar:6.2.2]
	at org.springframework.web.filter.OncePerRequestFilter.doFilter(OncePerRequestFilter.java:116) ~[spring-web-6.1.4.jar:6.1.4]
	at org.springframework.security.web.FilterChainProxy$VirtualFilterChain.doFilter(FilterChainProxy.java:374) ~[spring-security-web-6.2.2.jar:6.2.2]
	at org.springframework.security.web.FilterChainProxy.doFilterInternal(FilterChainProxy.java:233) ~[spring-security-web-6.2.2.jar:6.2.2]
	at org.springframework.security.web.FilterChainProxy.doFilter(FilterChainProxy.java:191) ~[spring-security-web-6.2.2.jar:6.2.2]
	at org.springframework.web.filter.CompositeFilter$VirtualFilterChain.doFilter(CompositeFilter.java:113) ~[spring-web-6.1.4.jar:6.1.4]
	at org.springframework.web.servlet.handler.HandlerMappingIntrospector.lambda$createCacheFilter$3(HandlerMappingIntrospector.java:195) ~[spring-webmvc-6.1.4.jar:6.1.4]
	at org.springframework.web.filter.CompositeFilter$VirtualFilterChain.doFilter(CompositeFilter.java:113) ~[spring-web-6.1.4.jar:6.1.4]
	at org.springframework.web.filter.CompositeFilter.doFilter(CompositeFilter.java:74) ~[spring-web-6.1.4.jar:6.1.4]
	at org.springframework.security.config.annotation.web.configuration.WebMvcSecurityConfiguration$CompositeFilterChainProxy.doFilter(WebMvcSecurityConfiguration.java:230) ~[spring-security-config-6.2.2.jar:6.2.2]
	at org.springframework.web.filter.DelegatingFilterProxy.invokeDelegate(DelegatingFilterProxy.java:352) ~[spring-web-6.1.4.jar:6.1.4]
	at org.springframework.web.filter.DelegatingFilterProxy.doFilter(DelegatingFilterProxy.java:268) ~[spring-web-6.1.4.jar:6.1.4]
	at org.apache.catalina.core.ApplicationFilterChain.internalDoFilter(ApplicationFilterChain.java:174) ~[tomcat-embed-core-10.1.19.jar:10.1.19]
	at org.apache.catalina.core.ApplicationFilterChain.doFilter(ApplicationFilterChain.java:149) ~[tomcat-embed-core-10.1.19.jar:10.1.19]
	at org.springframework.web.filter.RequestContextFilter.doFilterInternal(RequestContextFilter.java:100) ~[spring-web-6.1.4.jar:6.1.4]
	at org.springframework.web.filter.OncePerRequestFilter.doFilter(OncePerRequestFilter.java:116) ~[spring-web-6.1.4.jar:6.1.4]
	at org.apache.catalina.core.ApplicationFilterChain.internalDoFilter(ApplicationFilterChain.java:174) ~[tomcat-embed-core-10.1.19.jar:10.1.19]
	at org.apache.catalina.core.ApplicationFilterChain.doFilter(ApplicationFilterChain.java:149) ~[tomcat-embed-core-10.1.19.jar:10.1.19]
	at org.springframework.web.filter.FormContentFilter.doFilterInternal(FormContentFilter.java:93) ~[spring-web-6.1.4.jar:6.1.4]
	at org.springframework.web.filter.OncePerRequestFilter.doFilter(OncePerRequestFilter.java:116) ~[spring-web-6.1.4.jar:6.1.4]
	at org.apache.catalina.core.ApplicationFilterChain.internalDoFilter(ApplicationFilterChain.java:174) ~[tomcat-embed-core-10.1.19.jar:10.1.19]
	at org.apache.catalina.core.ApplicationFilterChain.doFilter(ApplicationFilterChain.java:149) ~[tomcat-embed-core-10.1.19.jar:10.1.19]
	at org.springframework.web.filter.CharacterEncodingFilter.doFilterInternal(CharacterEncodingFilter.java:201) ~[spring-web-6.1.4.jar:6.1.4]
	at org.springframework.web.filter.OncePerRequestFilter.doFilter(OncePerRequestFilter.java:116) ~[spring-web-6.1.4.jar:6.1.4]
	at org.apache.catalina.core.ApplicationFilterChain.internalDoFilter(ApplicationFilterChain.java:174) ~[tomcat-embed-core-10.1.19.jar:10.1.19]
	at org.apache.catalina.core.ApplicationFilterChain.doFilter(ApplicationFilterChain.java:149) ~[tomcat-embed-core-10.1.19.jar:10.1.19]
	at org.apache.catalina.core.StandardWrapperValve.invoke(StandardWrapperValve.java:167) ~[tomcat-embed-core-10.1.19.jar:10.1.19]
	at org.apache.catalina.core.StandardContextValve.invoke(StandardContextValve.java:90) ~[tomcat-embed-core-10.1.19.jar:10.1.19]
	at org.apache.catalina.authenticator.AuthenticatorBase.invoke(AuthenticatorBase.java:482) ~[tomcat-embed-core-10.1.19.jar:10.1.19]
	at org.apache.catalina.core.StandardHostValve.invoke(StandardHostValve.java:115) ~[tomcat-embed-core-10.1.19.jar:10.1.19]
	at org.apache.catalina.valves.ErrorReportValve.invoke(ErrorReportValve.java:93) ~[tomcat-embed-core-10.1.19.jar:10.1.19]
	at org.apache.catalina.core.StandardEngineValve.invoke(StandardEngineValve.java:74) ~[tomcat-embed-core-10.1.19.jar:10.1.19]
	at org.apache.catalina.connector.CoyoteAdapter.service(CoyoteAdapter.java:344) ~[tomcat-embed-core-10.1.19.jar:10.1.19]
	at org.apache.coyote.http11.Http11Processor.service(Http11Processor.java:391) ~[tomcat-embed-core-10.1.19.jar:10.1.19]
	at org.apache.coyote.AbstractProcessorLight.process(AbstractProcessorLight.java:63) ~[tomcat-embed-core-10.1.19.jar:10.1.19]
	at org.apache.coyote.AbstractProtocol$ConnectionHandler.process(AbstractProtocol.java:896) ~[tomcat-embed-core-10.1.19.jar:10.1.19]
	at org.apache.tomcat.util.net.NioEndpoint$SocketProcessor.doRun(NioEndpoint.java:1744) ~[tomcat-embed-core-10.1.19.jar:10.1.19]
	at org.apache.tomcat.util.net.SocketProcessorBase.run(SocketProcessorBase.java:52) ~[tomcat-embed-core-10.1.19.jar:10.1.19]
	at org.apache.tomcat.util.threads.ThreadPoolExecutor.runWorker(ThreadPoolExecutor.java:1191) ~[tomcat-embed-core-10.1.19.jar:10.1.19]
	at org.apache.tomcat.util.threads.ThreadPoolExecutor$Worker.run(ThreadPoolExecutor.java:659) ~[tomcat-embed-core-10.1.19.jar:10.1.19]
	at org.apache.tomcat.util.threads.TaskThread$WrappingRunnable.run(TaskThread.java:63) ~[tomcat-embed-core-10.1.19.jar:10.1.19]
	at java.base/java.lang.Thread.run(Thread.java:1583) ~[na:na]
Caused by: java.io.IOException: An established connection was aborted by the software in your host machine
	at java.base/sun.nio.ch.SocketDispatcher.write0(Native Method) ~[na:na]
	at java.base/sun.nio.ch.SocketDispatcher.write(SocketDispatcher.java:54) ~[na:na]
	at java.base/sun.nio.ch.IOUtil.writeFromNativeBuffer(IOUtil.java:137) ~[na:na]
	at java.base/sun.nio.ch.IOUtil.write(IOUtil.java:102) ~[na:na]
	at java.base/sun.nio.ch.IOUtil.write(IOUtil.java:58) ~[na:na]
	at java.base/sun.nio.ch.SocketChannelImpl.write(SocketChannelImpl.java:542) ~[na:na]
	at org.apache.tomcat.util.net.NioChannel.write(NioChannel.java:118) ~[tomcat-embed-core-10.1.19.jar:10.1.19]
	at org.apache.tomcat.util.net.NioEndpoint$NioSocketWrapper.doWrite(NioEndpoint.java:1381) ~[tomcat-embed-core-10.1.19.jar:10.1.19]
	at org.apache.tomcat.util.net.SocketWrapperBase.doWrite(SocketWrapperBase.java:764) ~[tomcat-embed-core-10.1.19.jar:10.1.19]
	at org.apache.tomcat.util.net.SocketWrapperBase.writeBlocking(SocketWrapperBase.java:589) ~[tomcat-embed-core-10.1.19.jar:10.1.19]
	at org.apache.tomcat.util.net.SocketWrapperBase.write(SocketWrapperBase.java:533) ~[tomcat-embed-core-10.1.19.jar:10.1.19]
	at org.apache.coyote.http11.Http11OutputBuffer$SocketOutputBuffer.doWrite(Http11OutputBuffer.java:540) ~[tomcat-embed-core-10.1.19.jar:10.1.19]
	at org.apache.coyote.http11.filters.IdentityOutputFilter.doWrite(IdentityOutputFilter.java:73) ~[tomcat-embed-core-10.1.19.jar:10.1.19]
	at org.apache.coyote.http11.Http11OutputBuffer.doWrite(Http11OutputBuffer.java:193) ~[tomcat-embed-core-10.1.19.jar:10.1.19]
	at org.apache.coyote.Response.doWrite(Response.java:616) ~[tomcat-embed-core-10.1.19.jar:10.1.19]
	at org.apache.catalina.connector.OutputBuffer.realWriteBytes(OutputBuffer.java:331) ~[tomcat-embed-core-10.1.19.jar:10.1.19]
	... 103 common frames omitted

2026-03-16T12:44:05.229+05:30  WARN 19260 --- [http-nio-8080-exec-1] .m.m.a.ExceptionHandlerExceptionResolver : Failure in @ExceptionHandler com.smartschool.api.exception.GlobalExceptionHandler#handleGlobalException(Exception, HttpServletRequest)

org.springframework.http.converter.HttpMessageNotWritableException: No converter for [class com.smartschool.api.exception.ApiError] with preset Content-Type 'image/png'
	at org.springframework.web.servlet.mvc.method.annotation.AbstractMessageConverterMethodProcessor.writeWithMessageConverters(AbstractMessageConverterMethodProcessor.java:319) ~[spring-webmvc-6.1.4.jar:6.1.4]
	at org.springframework.web.servlet.mvc.method.annotation.HttpEntityMethodProcessor.handleReturnValue(HttpEntityMethodProcessor.java:245) ~[spring-webmvc-6.1.4.jar:6.1.4]
	at org.springframework.web.method.support.HandlerMethodReturnValueHandlerComposite.handleReturnValue(HandlerMethodReturnValueHandlerComposite.java:78) ~[spring-web-6.1.4.jar:6.1.4]
	at org.springframework.web.servlet.mvc.method.annotation.ServletInvocableHandlerMethod.invokeAndHandle(ServletInvocableHandlerMethod.java:136) ~[spring-webmvc-6.1.4.jar:6.1.4]
	at org.springframework.web.servlet.mvc.method.annotation.ExceptionHandlerExceptionResolver.doResolveHandlerMethodException(ExceptionHandlerExceptionResolver.java:432) ~[spring-webmvc-6.1.4.jar:6.1.4]
	at org.springframework.web.servlet.handler.AbstractHandlerMethodExceptionResolver.doResolveException(AbstractHandlerMethodExceptionResolver.java:74) ~[spring-webmvc-6.1.4.jar:6.1.4]
	at org.springframework.web.servlet.handler.AbstractHandlerExceptionResolver.resolveException(AbstractHandlerExceptionResolver.java:175) ~[spring-webmvc-6.1.4.jar:6.1.4]
	at org.springframework.web.servlet.handler.HandlerExceptionResolverComposite.resolveException(HandlerExceptionResolverComposite.java:80) ~[spring-webmvc-6.1.4.jar:6.1.4]
	at org.springframework.web.servlet.DispatcherServlet.processHandlerException(DispatcherServlet.java:1357) ~[spring-webmvc-6.1.4.jar:6.1.4]
	at org.springframework.web.servlet.DispatcherServlet.processDispatchResult(DispatcherServlet.java:1160) ~[spring-webmvc-6.1.4.jar:6.1.4]
	at org.springframework.web.servlet.DispatcherServlet.doDispatch(DispatcherServlet.java:1106) ~[spring-webmvc-6.1.4.jar:6.1.4]
	at org.springframework.web.servlet.DispatcherServlet.doService(DispatcherServlet.java:979) ~[spring-webmvc-6.1.4.jar:6.1.4]
	at org.springframework.web.servlet.FrameworkServlet.processRequest(FrameworkServlet.java:1014) ~[spring-webmvc-6.1.4.jar:6.1.4]
	at org.springframework.web.servlet.FrameworkServlet.doGet(FrameworkServlet.java:903) ~[spring-webmvc-6.1.4.jar:6.1.4]
	at jakarta.servlet.http.HttpServlet.service(HttpServlet.java:564) ~[tomcat-embed-core-10.1.19.jar:6.0]
	at org.springframework.web.servlet.FrameworkServlet.service(FrameworkServlet.java:885) ~[spring-webmvc-6.1.4.jar:6.1.4]
	at jakarta.servlet.http.HttpServlet.service(HttpServlet.java:658) ~[tomcat-embed-core-10.1.19.jar:6.0]
	at org.apache.catalina.core.ApplicationFilterChain.internalDoFilter(ApplicationFilterChain.java:205) ~[tomcat-embed-core-10.1.19.jar:10.1.19]
	at org.apache.catalina.core.ApplicationFilterChain.doFilter(ApplicationFilterChain.java:149) ~[tomcat-embed-core-10.1.19.jar:10.1.19]
	at org.apache.tomcat.websocket.server.WsFilter.doFilter(WsFilter.java:51) ~[tomcat-embed-websocket-10.1.19.jar:10.1.19]
	at org.apache.catalina.core.ApplicationFilterChain.internalDoFilter(ApplicationFilterChain.java:174) ~[tomcat-embed-core-10.1.19.jar:10.1.19]
	at org.apache.catalina.core.ApplicationFilterChain.doFilter(ApplicationFilterChain.java:149) ~[tomcat-embed-core-10.1.19.jar:10.1.19]
	at org.springframework.web.filter.CompositeFilter$VirtualFilterChain.doFilter(CompositeFilter.java:108) ~[spring-web-6.1.4.jar:6.1.4]
	at org.springframework.security.web.FilterChainProxy.lambda$doFilterInternal$3(FilterChainProxy.java:231) ~[spring-security-web-6.2.2.jar:6.2.2]
	at org.springframework.security.web.FilterChainProxy$VirtualFilterChain.doFilter(FilterChainProxy.java:365) ~[spring-security-web-6.2.2.jar:6.2.2]
	at org.springframework.security.web.access.intercept.AuthorizationFilter.doFilter(AuthorizationFilter.java:100) ~[spring-security-web-6.2.2.jar:6.2.2]
	at org.springframework.security.web.FilterChainProxy$VirtualFilterChain.doFilter(FilterChainProxy.java:374) ~[spring-security-web-6.2.2.jar:6.2.2]
	at org.springframework.security.web.access.ExceptionTranslationFilter.doFilter(ExceptionTranslationFilter.java:126) ~[spring-security-web-6.2.2.jar:6.2.2]
	at org.springframework.security.web.access.ExceptionTranslationFilter.doFilter(ExceptionTranslationFilter.java:120) ~[spring-security-web-6.2.2.jar:6.2.2]
	at org.springframework.security.web.FilterChainProxy$VirtualFilterChain.doFilter(FilterChainProxy.java:374) ~[spring-security-web-6.2.2.jar:6.2.2]
	at org.springframework.security.web.session.SessionManagementFilter.doFilter(SessionManagementFilter.java:131) ~[spring-security-web-6.2.2.jar:6.2.2]
	at org.springframework.security.web.session.SessionManagementFilter.doFilter(SessionManagementFilter.java:85) ~[spring-security-web-6.2.2.jar:6.2.2]
	at org.springframework.security.web.FilterChainProxy$VirtualFilterChain.doFilter(FilterChainProxy.java:374) ~[spring-security-web-6.2.2.jar:6.2.2]
	at org.springframework.security.web.authentication.AnonymousAuthenticationFilter.doFilter(AnonymousAuthenticationFilter.java:100) ~[spring-security-web-6.2.2.jar:6.2.2]
	at org.springframework.security.web.FilterChainProxy$VirtualFilterChain.doFilter(FilterChainProxy.java:374) ~[spring-security-web-6.2.2.jar:6.2.2]
	at org.springframework.security.web.servletapi.SecurityContextHolderAwareRequestFilter.doFilter(SecurityContextHolderAwareRequestFilter.java:179) ~[spring-security-web-6.2.2.jar:6.2.2]
	at org.springframework.security.web.FilterChainProxy$VirtualFilterChain.doFilter(FilterChainProxy.java:374) ~[spring-security-web-6.2.2.jar:6.2.2]
	at org.springframework.security.web.savedrequest.RequestCacheAwareFilter.doFilter(RequestCacheAwareFilter.java:63) ~[spring-security-web-6.2.2.jar:6.2.2]
	at org.springframework.security.web.FilterChainProxy$VirtualFilterChain.doFilter(FilterChainProxy.java:374) ~[spring-security-web-6.2.2.jar:6.2.2]
	at org.springframework.security.web.authentication.logout.LogoutFilter.doFilter(LogoutFilter.java:107) ~[spring-security-web-6.2.2.jar:6.2.2]
	at org.springframework.security.web.authentication.logout.LogoutFilter.doFilter(LogoutFilter.java:93) ~[spring-security-web-6.2.2.jar:6.2.2]
	at org.springframework.security.web.FilterChainProxy$VirtualFilterChain.doFilter(FilterChainProxy.java:374) ~[spring-security-web-6.2.2.jar:6.2.2]
	at org.springframework.web.filter.CorsFilter.doFilterInternal(CorsFilter.java:91) ~[spring-web-6.1.4.jar:6.1.4]
	at org.springframework.web.filter.OncePerRequestFilter.doFilter(OncePerRequestFilter.java:116) ~[spring-web-6.1.4.jar:6.1.4]
	at org.springframework.security.web.FilterChainProxy$VirtualFilterChain.doFilter(FilterChainProxy.java:374) ~[spring-security-web-6.2.2.jar:6.2.2]
	at org.springframework.security.web.header.HeaderWriterFilter.doHeadersAfter(HeaderWriterFilter.java:90) ~[spring-security-web-6.2.2.jar:6.2.2]
	at org.springframework.security.web.header.HeaderWriterFilter.doFilterInternal(HeaderWriterFilter.java:75) ~[spring-security-web-6.2.2.jar:6.2.2]
	at org.springframework.web.filter.OncePerRequestFilter.doFilter(OncePerRequestFilter.java:116) ~[spring-web-6.1.4.jar:6.1.4]
	at org.springframework.security.web.FilterChainProxy$VirtualFilterChain.doFilter(FilterChainProxy.java:374) ~[spring-security-web-6.2.2.jar:6.2.2]
	at org.springframework.security.web.context.SecurityContextHolderFilter.doFilter(SecurityContextHolderFilter.java:82) ~[spring-security-web-6.2.2.jar:6.2.2]
	at org.springframework.security.web.context.SecurityContextHolderFilter.doFilter(SecurityContextHolderFilter.java:69) ~[spring-security-web-6.2.2.jar:6.2.2]
	at org.springframework.security.web.FilterChainProxy$VirtualFilterChain.doFilter(FilterChainProxy.java:374) ~[spring-security-web-6.2.2.jar:6.2.2]
	at org.springframework.security.web.context.request.async.WebAsyncManagerIntegrationFilter.doFilterInternal(WebAsyncManagerIntegrationFilter.java:62) ~[spring-security-web-6.2.2.jar:6.2.2]
	at org.springframework.web.filter.OncePerRequestFilter.doFilter(OncePerRequestFilter.java:116) ~[spring-web-6.1.4.jar:6.1.4]
	at org.springframework.security.web.FilterChainProxy$VirtualFilterChain.doFilter(FilterChainProxy.java:374) ~[spring-security-web-6.2.2.jar:6.2.2]
	at org.springframework.security.web.session.DisableEncodeUrlFilter.doFilterInternal(DisableEncodeUrlFilter.java:42) ~[spring-security-web-6.2.2.jar:6.2.2]
	at org.springframework.web.filter.OncePerRequestFilter.doFilter(OncePerRequestFilter.java:116) ~[spring-web-6.1.4.jar:6.1.4]
	at org.springframework.security.web.FilterChainProxy$VirtualFilterChain.doFilter(FilterChainProxy.java:374) ~[spring-security-web-6.2.2.jar:6.2.2]
	at org.springframework.security.web.FilterChainProxy.doFilterInternal(FilterChainProxy.java:233) ~[spring-security-web-6.2.2.jar:6.2.2]
	at org.springframework.security.web.FilterChainProxy.doFilter(FilterChainProxy.java:191) ~[spring-security-web-6.2.2.jar:6.2.2]
	at org.springframework.web.filter.CompositeFilter$VirtualFilterChain.doFilter(CompositeFilter.java:113) ~[spring-web-6.1.4.jar:6.1.4]
	at org.springframework.web.servlet.handler.HandlerMappingIntrospector.lambda$createCacheFilter$3(HandlerMappingIntrospector.java:195) ~[spring-webmvc-6.1.4.jar:6.1.4]
	at org.springframework.web.filter.CompositeFilter$VirtualFilterChain.doFilter(CompositeFilter.java:113) ~[spring-web-6.1.4.jar:6.1.4]
	at org.springframework.web.filter.CompositeFilter.doFilter(CompositeFilter.java:74) ~[spring-web-6.1.4.jar:6.1.4]
	at org.springframework.security.config.annotation.web.configuration.WebMvcSecurityConfiguration$CompositeFilterChainProxy.doFilter(WebMvcSecurityConfiguration.java:230) ~[spring-security-config-6.2.2.jar:6.2.2]
	at org.springframework.web.filter.DelegatingFilterProxy.invokeDelegate(DelegatingFilterProxy.java:352) ~[spring-web-6.1.4.jar:6.1.4]
	at org.springframework.web.filter.DelegatingFilterProxy.doFilter(DelegatingFilterProxy.java:268) ~[spring-web-6.1.4.jar:6.1.4]
	at org.apache.catalina.core.ApplicationFilterChain.internalDoFilter(ApplicationFilterChain.java:174) ~[tomcat-embed-core-10.1.19.jar:10.1.19]
	at org.apache.catalina.core.ApplicationFilterChain.doFilter(ApplicationFilterChain.java:149) ~[tomcat-embed-core-10.1.19.jar:10.1.19]
	at org.springframework.web.filter.RequestContextFilter.doFilterInternal(RequestContextFilter.java:100) ~[spring-web-6.1.4.jar:6.1.4]
	at org.springframework.web.filter.OncePerRequestFilter.doFilter(OncePerRequestFilter.java:116) ~[spring-web-6.1.4.jar:6.1.4]
	at org.apache.catalina.core.ApplicationFilterChain.internalDoFilter(ApplicationFilterChain.java:174) ~[tomcat-embed-core-10.1.19.jar:10.1.19]
	at org.apache.catalina.core.ApplicationFilterChain.doFilter(ApplicationFilterChain.java:149) ~[tomcat-embed-core-10.1.19.jar:10.1.19]
	at org.springframework.web.filter.FormContentFilter.doFilterInternal(FormContentFilter.java:93) ~[spring-web-6.1.4.jar:6.1.4]
	at org.springframework.web.filter.OncePerRequestFilter.doFilter(OncePerRequestFilter.java:116) ~[spring-web-6.1.4.jar:6.1.4]
	at org.apache.catalina.core.ApplicationFilterChain.internalDoFilter(ApplicationFilterChain.java:174) ~[tomcat-embed-core-10.1.19.jar:10.1.19]
	at org.apache.catalina.core.ApplicationFilterChain.doFilter(ApplicationFilterChain.java:149) ~[tomcat-embed-core-10.1.19.jar:10.1.19]
	at org.springframework.web.filter.CharacterEncodingFilter.doFilterInternal(CharacterEncodingFilter.java:201) ~[spring-web-6.1.4.jar:6.1.4]
	at org.springframework.web.filter.OncePerRequestFilter.doFilter(OncePerRequestFilter.java:116) ~[spring-web-6.1.4.jar:6.1.4]
	at org.apache.catalina.core.ApplicationFilterChain.internalDoFilter(ApplicationFilterChain.java:174) ~[tomcat-embed-core-10.1.19.jar:10.1.19]
	at org.apache.catalina.core.ApplicationFilterChain.doFilter(ApplicationFilterChain.java:149) ~[tomcat-embed-core-10.1.19.jar:10.1.19]
	at org.apache.catalina.core.StandardWrapperValve.invoke(StandardWrapperValve.java:167) ~[tomcat-embed-core-10.1.19.jar:10.1.19]
	at org.apache.catalina.core.StandardContextValve.invoke(StandardContextValve.java:90) ~[tomcat-embed-core-10.1.19.jar:10.1.19]
	at org.apache.catalina.authenticator.AuthenticatorBase.invoke(AuthenticatorBase.java:482) ~[tomcat-embed-core-10.1.19.jar:10.1.19]
	at org.apache.catalina.core.StandardHostValve.invoke(StandardHostValve.java:115) ~[tomcat-embed-core-10.1.19.jar:10.1.19]
	at org.apache.catalina.valves.ErrorReportValve.invoke(ErrorReportValve.java:93) ~[tomcat-embed-core-10.1.19.jar:10.1.19]
	at org.apache.catalina.core.StandardEngineValve.invoke(StandardEngineValve.java:74) ~[tomcat-embed-core-10.1.19.jar:10.1.19]
	at org.apache.catalina.connector.CoyoteAdapter.service(CoyoteAdapter.java:344) ~[tomcat-embed-core-10.1.19.jar:10.1.19]
	at org.apache.coyote.http11.Http11Processor.service(Http11Processor.java:391) ~[tomcat-embed-core-10.1.19.jar:10.1.19]
	at org.apache.coyote.AbstractProcessorLight.process(AbstractProcessorLight.java:63) ~[tomcat-embed-core-10.1.19.jar:10.1.19]
	at org.apache.coyote.AbstractProtocol$ConnectionHandler.process(AbstractProtocol.java:896) ~[tomcat-embed-core-10.1.19.jar:10.1.19]
	at org.apache.tomcat.util.net.NioEndpoint$SocketProcessor.doRun(NioEndpoint.java:1744) ~[tomcat-embed-core-10.1.19.jar:10.1.19]
	at org.apache.tomcat.util.net.SocketProcessorBase.run(SocketProcessorBase.java:52) ~[tomcat-embed-core-10.1.19.jar:10.1.19]
	at org.apache.tomcat.util.threads.ThreadPoolExecutor.runWorker(ThreadPoolExecutor.java:1191) ~[tomcat-embed-core-10.1.19.jar:10.1.19]
	at org.apache.tomcat.util.threads.ThreadPoolExecutor$Worker.run(ThreadPoolExecutor.java:659) ~[tomcat-embed-core-10.1.19.jar:10.1.19]
	at org.apache.tomcat.util.threads.TaskThread$WrappingRunnable.run(TaskThread.java:63) ~[tomcat-embed-core-10.1.19.jar:10.1.19]
	at java.base/java.lang.Thread.run(Thread.java:1583) ~[na:na]

2026-03-16T12:44:05.297+05:30  INFO 19260 --- [http-nio-8080-exec-8] c.s.api.controller.StudentController     : Fetching all students for School ID:2 and Year ID:2
2026-03-16T12:44:39.876+05:30  INFO 19260 --- [http-nio-8080-exec-6] c.s.api.controller.StudentController     : Fetching all students for School ID:2 and Year ID:2
2026-03-16T12:45:02.087+05:30  INFO 19260 --- [http-nio-8080-exec-5] c.s.api.controller.AuthController        : Login attempt for username: nikunjpatidar6611@gmail.com
2026-03-16T12:45:02.542+05:30  INFO 19260 --- [http-nio-8080-exec-5] c.s.api.serviceImpl.AuthServiceImpl      : Principal logged in for school: mvm with Year: 2027-28
2026-03-16T12:45:02.544+05:30  INFO 19260 --- [http-nio-8080-exec-5] c.s.api.controller.AuthController        : Login successful for username: nikunjpatidar6611@gmail.com, role: ROLE_ADMIN
2026-03-16T12:45:02.682+05:30  INFO 19260 --- [http-nio-8080-exec-10] c.s.api.controller.StudentController     : Fetching all students for School ID:1 and Year ID:4
2026-03-16T12:45:07.633+05:30  INFO 19260 --- [http-nio-8080-exec-9] c.s.api.controller.StudentController     : Fetching all students for School ID:1 and Year ID:4
2026-03-16T12:45:07.679+05:30  INFO 19260 --- [http-nio-8080-exec-5] c.s.api.controller.StudentController     : Fetching all students for School ID:1 and Year ID:4
2026-03-16T12:48:24.351+05:30  INFO 19260 --- [http-nio-8080-exec-8] c.s.api.controller.StudentController     : Fetching all students for School ID:1 and Year ID:4
2026-03-16T12:50:05.245+05:30  INFO 19260 --- [http-nio-8080-exec-3] c.s.api.controller.StudentController     : Fetching all students for School ID:1 and Year ID:4
2026-03-16T12:50:05.284+05:30  INFO 19260 --- [http-nio-8080-exec-6] c.s.api.controller.StudentController     : Fetching all students for School ID:1 and Year ID:4
2026-03-16T12:58:02.852+05:30  WARN 19260 --- [SmartSchoolHikariPool housekeeper] com.zaxxer.hikari.pool.HikariPool        : SmartSchoolHikariPool - Thread starvation or clock leap detected (housekeeper delta=4m7s859ms650µs500ns).
2026-03-16T13:02:04.040+05:30  INFO 19260 --- [http-nio-8080-exec-9] c.s.api.controller.StudentController     : Fetching all students for School ID:1 and Year ID:4
2026-03-16T13:02:04.458+05:30  INFO 19260 --- [http-nio-8080-exec-10] c.s.api.controller.StudentController     : Fetching all students for School ID:1 and Year ID:4
2026-03-16T13:02:14.235+05:30  INFO 19260 --- [http-nio-8080-exec-9] c.s.api.controller.StudentController     : Fetching all students for School ID:1 and Year ID:4
2026-03-16T13:02:14.261+05:30  INFO 19260 --- [http-nio-8080-exec-10] c.s.api.controller.StudentController     : Fetching all students for School ID:1 and Year ID:4
2026-03-16T13:19:12.270+05:30  INFO 19260 --- [http-nio-8080-exec-1] c.s.api.controller.StudentController     : Fetching all students for School ID:1 and Year ID:4
2026-03-16T13:19:12.478+05:30  INFO 19260 --- [http-nio-8080-exec-5] c.s.api.controller.StudentController     : Fetching all students for School ID:1 and Year ID:4
2026-03-16T13:19:24.659+05:30  INFO 19260 --- [http-nio-8080-exec-3] c.s.api.controller.StudentController     : Fetching all students for School ID:1 and Year ID:4
2026-03-16T13:19:24.704+05:30  INFO 19260 --- [http-nio-8080-exec-3] c.s.api.controller.StudentController     : Fetching all students for School ID:1 and Year ID:4
2026-03-16T13:19:24.794+05:30  INFO 19260 --- [http-nio-8080-exec-4] c.s.api.controller.StudentController     : Fetching all students for School ID:1 and Year ID:4
2026-03-16T13:19:24.815+05:30  INFO 19260 --- [http-nio-8080-exec-2] c.s.api.controller.StudentController     : Fetching all students for School ID:1 and Year ID:4
2026-03-16T13:19:28.338+05:30  INFO 19260 --- [http-nio-8080-exec-7] c.s.api.controller.StudentController     : Fetching all students for School ID:1 and Year ID:4
2026-03-16T13:20:23.811+05:30  INFO 19260 --- [http-nio-8080-exec-3] c.s.api.controller.StudentController     : Onboarding student for schoolId:1 with Year ID:4
2026-03-16T13:20:24.330+05:30  WARN 19260 --- [http-nio-8080-exec-3] o.h.engine.jdbc.spi.SqlExceptionHelper   : SQL Error: 1062, SQLState: 23000
2026-03-16T13:20:24.330+05:30 ERROR 19260 --- [http-nio-8080-exec-3] o.h.engine.jdbc.spi.SqlExceptionHelper   : Duplicate entry 'APPAR123456' for key 'students.UK_h56tdcm2xuw2iakmf8cu7cjci'
2026-03-16T13:20:24.389+05:30 ERROR 19260 --- [http-nio-8080-exec-3] c.s.api.controller.StudentController     : Error onboarding student: could not execute statement [Duplicate entry 'APPAR123456' for key 'students.UK_h56tdcm2xuw2iakmf8cu7cjci'] [insert into students (aadhar_card_image,aadhar_card_no,academic_year_id,address,apaar_card_image,apaar_id,bank_passbook_image,caste,created_at,dob,email,father_contact_number,father_name,gender,is_active,last_class_marksheet,mother_name,name,password,phone_no,roll_number,samagra_id,samagra_id_image,school_id,class_id,section_id,student_photo,tc_image,user_id) values (?,?,?,?,?,?,?,?,?,?,?,?,?,?,?,?,?,?,?,?,?,?,?,?,?,?,?,?,?)]; SQL [insert into students (aadhar_card_image,aadhar_card_no,academic_year_id,address,apaar_card_image,apaar_id,bank_passbook_image,caste,created_at,dob,email,father_contact_number,father_name,gender,is_active,last_class_marksheet,mother_name,name,password,phone_no,roll_number,samagra_id,samagra_id_image,school_id,class_id,section_id,student_photo,tc_image,user_id) values (?,?,?,?,?,?,?,?,?,?,?,?,?,?,?,?,?,?,?,?,?,?,?,?,?,?,?,?,?)]; constraint [students.UK_h56tdcm2xuw2iakmf8cu7cjci]
2026-03-16T13:20:24.431+05:30  INFO 19260 --- [http-nio-8080-exec-8] c.s.api.controller.StudentController     : Fetching all students for School ID:1 and Year ID:4
2026-03-16T13:20:27.946+05:30  INFO 19260 --- [http-nio-8080-exec-2] c.s.api.controller.StudentController     : Fetching all students for School ID:1 and Year ID:4
2026-03-16T13:20:47.812+05:30  INFO 19260 --- [SpringApplicationShutdownHook] j.LocalContainerEntityManagerFactoryBean : Closing JPA EntityManagerFactory for persistence unit 'default'
2026-03-16T13:20:47.827+05:30  INFO 19260 --- [SpringApplicationShutdownHook] com.zaxxer.hikari.HikariDataSource       : SmartSchoolHikariPool - Shutdown initiated...
2026-03-16T13:20:47.843+05:30  INFO 19260 --- [SpringApplicationShutdownHook] com.zaxxer.hikari.HikariDataSource       : SmartSchoolHikariPool - Shutdown completed.
2026-03-16T13:20:51.237+05:30  INFO 26464 --- [main] c.smartschool.api.SmsBackendApplication  : Starting SmsBackendApplication using Java 21.0.9 with PID 26464 (C:\smart-school-pro\sms-backend\sms-backend\target\classes started by nikun in C:\smart-school-pro\sms-backend)
2026-03-16T13:20:51.239+05:30  INFO 26464 --- [main] c.smartschool.api.SmsBackendApplication  : No active profile set, falling back to 1 default profile: "default"
2026-03-16T13:20:52.257+05:30  INFO 26464 --- [main] .s.d.r.c.RepositoryConfigurationDelegate : Bootstrapping Spring Data JPA repositories in DEFAULT mode.
2026-03-16T13:20:52.382+05:30  INFO 26464 --- [main] .s.d.r.c.RepositoryConfigurationDelegate : Finished Spring Data repository scanning in 116 ms. Found 18 JPA repository interfaces.
2026-03-16T13:20:52.951+05:30  INFO 26464 --- [main] o.s.b.w.embedded.tomcat.TomcatWebServer  : Tomcat initialized with port 8080 (http)
2026-03-16T13:20:52.960+05:30  INFO 26464 --- [main] o.apache.catalina.core.StandardService   : Starting service [Tomcat]
2026-03-16T13:20:52.967+05:30  INFO 26464 --- [main] o.apache.catalina.core.StandardEngine    : Starting Servlet engine: [Apache Tomcat/10.1.19]
2026-03-16T13:20:53.025+05:30  INFO 26464 --- [main] o.a.c.c.C.[Tomcat].[localhost].[/]       : Initializing Spring embedded WebApplicationContext
2026-03-16T13:20:53.027+05:30  INFO 26464 --- [main] w.s.c.ServletWebServerApplicationContext : Root WebApplicationContext: initialization completed in 1730 ms
2026-03-16T13:20:53.216+05:30  INFO 26464 --- [main] o.hibernate.jpa.internal.util.LogHelper  : HHH000204: Processing PersistenceUnitInfo [name: default]
2026-03-16T13:20:53.281+05:30  INFO 26464 --- [main] org.hibernate.Version                    : HHH000412: Hibernate ORM core version 6.4.4.Final
2026-03-16T13:20:53.313+05:30  INFO 26464 --- [main] o.h.c.internal.RegionFactoryInitiator    : HHH000026: Second-level cache disabled
2026-03-16T13:20:53.601+05:30  INFO 26464 --- [main] o.s.o.j.p.SpringPersistenceUnitInfo      : No LoadTimeWeaver setup: ignoring JPA class transformer
2026-03-16T13:20:53.632+05:30  INFO 26464 --- [main] com.zaxxer.hikari.HikariDataSource       : SmartSchoolHikariPool - Starting...
2026-03-16T13:20:53.797+05:30  INFO 26464 --- [main] com.zaxxer.hikari.pool.HikariPool        : SmartSchoolHikariPool - Added connection com.mysql.cj.jdbc.ConnectionImpl@27d73d22
2026-03-16T13:20:53.797+05:30  INFO 26464 --- [main] com.zaxxer.hikari.HikariDataSource       : SmartSchoolHikariPool - Start completed.
2026-03-16T13:20:53.911+05:30  WARN 26464 --- [main] org.hibernate.orm.deprecation            : HHH90000025: MySQL8Dialect does not need to be specified explicitly using 'hibernate.dialect' (remove the property setting and it will be selected by default)
2026-03-16T13:20:53.913+05:30  WARN 26464 --- [main] org.hibernate.orm.deprecation            : HHH90000026: MySQL8Dialect has been deprecated; use org.hibernate.dialect.MySQLDialect instead
2026-03-16T13:20:55.138+05:30  INFO 26464 --- [main] o.h.e.t.j.p.i.JtaPlatformInitiator       : HHH000489: No JTA platform available (set 'hibernate.transaction.jta.platform' to enable JTA platform integration)
2026-03-16T13:20:55.456+05:30  INFO 26464 --- [main] j.LocalContainerEntityManagerFactoryBean : Initialized JPA EntityManagerFactory for persistence unit 'default'
2026-03-16T13:20:55.835+05:30  INFO 26464 --- [main] o.s.d.j.r.query.QueryEnhancerFactory     : Hibernate is in classpath; If applicable, HQL parser will be used.
2026-03-16T13:20:56.989+05:30  WARN 26464 --- [main] JpaBaseConfiguration$JpaWebConfiguration : spring.jpa.open-in-view is enabled by default. Therefore, database queries may be performed during view rendering. Explicitly configure spring.jpa.open-in-view to disable this warning
2026-03-16T13:20:57.004+05:30  WARN 26464 --- [main] .s.s.UserDetailsServiceAutoConfiguration : 

Using generated security password: 441a96c0-a5ac-4ab0-be0e-5ae815eca8ca

This generated password is for development use only. Your security configuration must be updated before running your application in production.

2026-03-16T13:20:57.382+05:30  INFO 26464 --- [main] o.s.s.web.DefaultSecurityFilterChain     : Will secure any request with [org.springframework.security.web.session.DisableEncodeUrlFilter@63b187f, org.springframework.security.web.context.request.async.WebAsyncManagerIntegrationFilter@7d3987a6, org.springframework.security.web.context.SecurityContextHolderFilter@16f52d68, org.springframework.security.web.header.HeaderWriterFilter@4a6198a7, org.springframework.web.filter.CorsFilter@4cf2bf26, org.springframework.security.web.authentication.logout.LogoutFilter@1aaf110c, org.springframework.security.web.savedrequest.RequestCacheAwareFilter@6ab35ce3, org.springframework.security.web.servletapi.SecurityContextHolderAwareRequestFilter@410308ff, org.springframework.security.web.authentication.AnonymousAuthenticationFilter@721fda59, org.springframework.security.web.session.SessionManagementFilter@3c799d53, org.springframework.security.web.access.ExceptionTranslationFilter@2a8ff32, org.springframework.security.web.access.intercept.AuthorizationFilter@2a4a3668]
2026-03-16T13:20:57.563+05:30  INFO 26464 --- [main] o.s.b.w.embedded.tomcat.TomcatWebServer  : Tomcat started on port 8080 (http) with context path ''
2026-03-16T13:20:57.569+05:30  INFO 26464 --- [main] c.smartschool.api.SmsBackendApplication  : Started SmsBackendApplication in 6.855 seconds (process running for 7.524)
2026-03-16T13:21:01.620+05:30  INFO 26464 --- [http-nio-8080-exec-1] o.a.c.c.C.[Tomcat].[localhost].[/]       : Initializing Spring DispatcherServlet 'dispatcherServlet'
2026-03-16T13:21:01.620+05:30  INFO 26464 --- [http-nio-8080-exec-1] o.s.web.servlet.DispatcherServlet        : Initializing Servlet 'dispatcherServlet'
2026-03-16T13:21:01.620+05:30  INFO 26464 --- [http-nio-8080-exec-1] o.s.web.servlet.DispatcherServlet        : Completed initialization in 0 ms
2026-03-16T13:21:01.780+05:30  INFO 26464 --- [http-nio-8080-exec-2] c.s.api.controller.StudentController     : Onboarding student for schoolId:1 with Year ID:4
2026-03-16T13:21:02.230+05:30  WARN 26464 --- [http-nio-8080-exec-2] o.h.engine.jdbc.spi.SqlExceptionHelper   : SQL Error: 1062, SQLState: 23000
2026-03-16T13:21:02.232+05:30 ERROR 26464 --- [http-nio-8080-exec-2] o.h.engine.jdbc.spi.SqlExceptionHelper   : Duplicate entry 'APPAR123456' for key 'students.UK_h56tdcm2xuw2iakmf8cu7cjci'
2026-03-16T13:21:02.239+05:30 ERROR 26464 --- [http-nio-8080-exec-2] c.s.api.controller.StudentController     : Error onboarding student: could not execute statement [Duplicate entry 'APPAR123456' for key 'students.UK_h56tdcm2xuw2iakmf8cu7cjci'] [insert into students (aadhar_card_image,aadhar_card_no,academic_year_id,address,apaar_card_image,apaar_id,bank_passbook_image,caste,created_at,dob,email,father_contact_number,father_name,gender,is_active,last_class_marksheet,mother_name,name,password,phone_no,roll_number,samagra_id,samagra_id_image,school_id,class_id,section_id,student_photo,tc_image,user_id) values (?,?,?,?,?,?,?,?,?,?,?,?,?,?,?,?,?,?,?,?,?,?,?,?,?,?,?,?,?)]; SQL [insert into students (aadhar_card_image,aadhar_card_no,academic_year_id,address,apaar_card_image,apaar_id,bank_passbook_image,caste,created_at,dob,email,father_contact_number,father_name,gender,is_active,last_class_marksheet,mother_name,name,password,phone_no,roll_number,samagra_id,samagra_id_image,school_id,class_id,section_id,student_photo,tc_image,user_id) values (?,?,?,?,?,?,?,?,?,?,?,?,?,?,?,?,?,?,?,?,?,?,?,?,?,?,?,?,?)]; constraint [students.UK_h56tdcm2xuw2iakmf8cu7cjci]
2026-03-16T13:21:02.301+05:30  INFO 26464 --- [http-nio-8080-exec-4] c.s.api.controller.StudentController     : Fetching all students for School ID:1 and Year ID:4
2026-03-16T13:21:06.471+05:30  INFO 26464 --- [http-nio-8080-exec-5] c.s.api.controller.StudentController     : Fetching all students for School ID:1 and Year ID:4
2026-03-16T13:21:24.395+05:30  INFO 26464 --- [http-nio-8080-exec-7] c.s.api.controller.StudentController     : Onboarding student for schoolId:1 with Year ID:4
2026-03-16T13:21:24.738+05:30  INFO 26464 --- [http-nio-8080-exec-4] c.s.api.controller.StudentController     : Fetching all students for School ID:1 and Year ID:4
2026-03-16T13:21:24.821+05:30  INFO 26464 --- [http-nio-8080-exec-6] c.s.api.controller.StudentController     : Fetching all students for School ID:1 and Year ID:4
2026-03-16T13:21:24.852+05:30  INFO 26464 --- [http-nio-8080-exec-7] c.s.api.controller.StudentController     : Fetching all students for School ID:1 and Year ID:4
2026-03-16T13:21:24.873+05:30  INFO 26464 --- [http-nio-8080-exec-8] c.s.api.controller.StudentController     : Fetching all students for School ID:1 and Year ID:4
2026-03-16T13:21:28.376+05:30  INFO 26464 --- [http-nio-8080-exec-10] c.s.api.controller.StudentController     : Fetching all students for School ID:1 and Year ID:4
2026-03-16T13:21:37.123+05:30  INFO 26464 --- [http-nio-8080-exec-4] c.s.api.controller.StudentController     : Fetching all students for School ID:1 and Year ID:4
2026-03-16T13:21:37.156+05:30  INFO 26464 --- [http-nio-8080-exec-3] c.s.api.controller.StudentController     : Fetching all students for School ID:1 and Year ID:4
2026-03-16T13:22:53.896+05:30  INFO 26464 --- [http-nio-8080-exec-5] c.s.api.controller.AuthController        : Login attempt for username: nikunjpatidar8888@gmail.com
2026-03-16T13:22:54.032+05:30  WARN 26464 --- [http-nio-8080-exec-5] c.s.api.serviceImpl.AuthServiceImpl      : Wrong password attempt for user: nikunjpatidar8888@gmail.com
2026-03-16T13:22:54.032+05:30  WARN 26464 --- [http-nio-8080-exec-5] c.s.api.controller.AuthController        : Login FAILED for username: nikunjpatidar8888@gmail.com | Reason: Invalid Credentials!
2026-03-16T13:23:13.223+05:30  INFO 26464 --- [http-nio-8080-exec-6] c.s.api.controller.AuthController        : Login attempt for username: nikunjpatidar88888@gmail.com
2026-03-16T13:23:13.223+05:30 ERROR 26464 --- [http-nio-8080-exec-6] c.s.api.serviceImpl.AuthServiceImpl      : User NOT FOUND in DB: nikunjpatidar88888@gmail.com
2026-03-16T13:23:13.223+05:30  WARN 26464 --- [http-nio-8080-exec-6] c.s.api.controller.AuthController        : Login FAILED for username: nikunjpatidar88888@gmail.com | Reason: User not found!
2026-03-16T13:23:49.448+05:30  INFO 26464 --- [http-nio-8080-exec-10] c.s.api.controller.AuthController        : Login attempt for username: nikunjpatidar8888@gmail.com
2026-03-16T13:23:49.612+05:30  INFO 26464 --- [http-nio-8080-exec-10] c.s.api.serviceImpl.AuthServiceImpl      : Super Admin logged in.
2026-03-16T13:23:49.614+05:30  INFO 26464 --- [http-nio-8080-exec-10] c.s.api.controller.AuthController        : Login successful for username: nikunjpatidar8888@gmail.com, role: ROLE_SUPER_ADMIN
2026-03-16T13:24:14.092+05:30  WARN 26464 --- [http-nio-8080-exec-3] c.s.a.controller.AcademicYearController  : Year change API called. School ID: 1 | New Year: 2028-29
2026-03-16T13:24:14.092+05:30  WARN 26464 --- [http-nio-8080-exec-3] c.s.a.s.AcademicYearServiceImpl          : Year Change START — School ID: 1 | New Year: 2028-29
2026-03-16T13:24:15.239+05:30  INFO 26464 --- [http-nio-8080-exec-3] c.s.a.s.AcademicYearServiceImpl          : Backup saved for download at: C:\smart-school-pro\sms-backend\uploads\backups\mvm_Attendance_2027_28.xlsx
2026-03-16T13:24:15.239+05:30  INFO 26464 --- [http-nio-8080-exec-3] c.s.a.s.AcademicYearServiceImpl          : Backup saved for download at: C:\smart-school-pro\sms-backend\uploads\backups\mvm_Fees_2027_28.xlsx
2026-03-16T13:24:15.241+05:30  INFO 26464 --- [http-nio-8080-exec-3] c.s.a.s.AcademicYearServiceImpl          : Backup saved for download at: C:\smart-school-pro\sms-backend\uploads\backups\mvm_Expenses_2027_28.xlsx
2026-03-16T13:24:15.241+05:30  INFO 26464 --- [http-nio-8080-exec-3] c.s.a.s.AcademicYearServiceImpl          : Backup saved for download at: C:\smart-school-pro\sms-backend\uploads\backups\mvm_Students_2027_28.xlsx
2026-03-16T13:24:20.584+05:30  INFO 26464 --- [http-nio-8080-exec-3] c.s.api.serviceImpl.EmailServiceImpl     : Year-end email sent to: nikunjpatidar6611@gmail.com
2026-03-16T13:24:20.621+05:30  INFO 26464 --- [http-nio-8080-exec-3] c.s.a.s.AcademicYearServiceImpl          : Due of 5000.0 saved for student Nikunj Patidar
2026-03-16T13:24:20.691+05:30  INFO 26464 --- [http-nio-8080-exec-3] c.s.a.s.AcademicYearServiceImpl          : Year Change COMPLETE — All students moved to 2028-29
2026-03-16T13:24:40.999+05:30  INFO 26464 --- [http-nio-8080-exec-6] c.s.api.controller.AuthController        : Login attempt for username: nikunjpatidar6611@gmail.com
2026-03-16T13:24:41.111+05:30  INFO 26464 --- [http-nio-8080-exec-6] c.s.api.serviceImpl.AuthServiceImpl      : Principal logged in for school: mvm with Year: 2028-29
2026-03-16T13:24:41.111+05:30  INFO 26464 --- [http-nio-8080-exec-6] c.s.api.controller.AuthController        : Login successful for username: nikunjpatidar6611@gmail.com, role: ROLE_ADMIN
2026-03-16T13:24:41.208+05:30  INFO 26464 --- [http-nio-8080-exec-1] c.s.api.controller.StudentController     : Fetching all students for School ID:1 and Year ID:5
2026-03-16T13:24:43.957+05:30  INFO 26464 --- [http-nio-8080-exec-9] c.s.api.controller.StudentController     : Fetching all students for School ID:1 and Year ID:5
2026-03-16T13:24:43.987+05:30  INFO 26464 --- [http-nio-8080-exec-5] c.s.api.controller.StudentController     : Fetching all students for School ID:1 and Year ID:5
2026-03-16T13:24:54.795+05:30  INFO 26464 --- [http-nio-8080-exec-1] c.s.api.controller.StudentController     : Fetching all students for School ID:1 and Year ID:5
2026-03-16T13:24:54.811+05:30  INFO 26464 --- [http-nio-8080-exec-7] c.s.api.controller.StudentController     : Fetching all students for School ID:1 and Year ID:5
2026-03-16T13:27:31.689+05:30  INFO 26464 --- [http-nio-8080-exec-1] c.s.api.controller.StudentController     : Fetching all students for School ID:1 and Year ID:5
2026-03-16T13:45:43.704+05:30  INFO 26464 --- [SpringApplicationShutdownHook] j.LocalContainerEntityManagerFactoryBean : Closing JPA EntityManagerFactory for persistence unit 'default'
2026-03-16T13:45:43.861+05:30  INFO 26464 --- [SpringApplicationShutdownHook] com.zaxxer.hikari.HikariDataSource       : SmartSchoolHikariPool - Shutdown initiated...
2026-03-16T13:45:43.999+05:30  INFO 26464 --- [SpringApplicationShutdownHook] com.zaxxer.hikari.HikariDataSource       : SmartSchoolHikariPool - Shutdown completed.
2026-03-16T13:45:52.878+05:30  INFO 13556 --- [main] c.smartschool.api.SmsBackendApplication  : Starting SmsBackendApplication using Java 21.0.9 with PID 13556 (C:\smart-school-pro\sms-backend\sms-backend\target\classes started by nikun in C:\smart-school-pro\sms-backend)
2026-03-16T13:45:52.880+05:30  INFO 13556 --- [main] c.smartschool.api.SmsBackendApplication  : No active profile set, falling back to 1 default profile: "default"
2026-03-16T13:45:54.027+05:30  INFO 13556 --- [main] .s.d.r.c.RepositoryConfigurationDelegate : Bootstrapping Spring Data JPA repositories in DEFAULT mode.
2026-03-16T13:45:54.175+05:30  INFO 13556 --- [main] .s.d.r.c.RepositoryConfigurationDelegate : Finished Spring Data repository scanning in 136 ms. Found 18 JPA repository interfaces.
2026-03-16T13:45:54.949+05:30  INFO 13556 --- [main] o.s.b.w.embedded.tomcat.TomcatWebServer  : Tomcat initialized with port 8080 (http)
2026-03-16T13:45:54.967+05:30  INFO 13556 --- [main] o.apache.catalina.core.StandardService   : Starting service [Tomcat]
2026-03-16T13:45:54.967+05:30  INFO 13556 --- [main] o.apache.catalina.core.StandardEngine    : Starting Servlet engine: [Apache Tomcat/10.1.19]
2026-03-16T13:45:55.068+05:30  INFO 13556 --- [main] o.a.c.c.C.[Tomcat].[localhost].[/]       : Initializing Spring embedded WebApplicationContext
2026-03-16T13:45:55.069+05:30  INFO 13556 --- [main] w.s.c.ServletWebServerApplicationContext : Root WebApplicationContext: initialization completed in 2134 ms
2026-03-16T13:45:55.343+05:30  INFO 13556 --- [main] o.hibernate.jpa.internal.util.LogHelper  : HHH000204: Processing PersistenceUnitInfo [name: default]
2026-03-16T13:45:55.463+05:30  INFO 13556 --- [main] org.hibernate.Version                    : HHH000412: Hibernate ORM core version 6.4.4.Final
2026-03-16T13:45:55.508+05:30  INFO 13556 --- [main] o.h.c.internal.RegionFactoryInitiator    : HHH000026: Second-level cache disabled
2026-03-16T13:45:55.785+05:30  INFO 13556 --- [main] o.s.o.j.p.SpringPersistenceUnitInfo      : No LoadTimeWeaver setup: ignoring JPA class transformer
2026-03-16T13:45:55.832+05:30  INFO 13556 --- [main] com.zaxxer.hikari.HikariDataSource       : SmartSchoolHikariPool - Starting...
2026-03-16T13:45:56.070+05:30  INFO 13556 --- [main] com.zaxxer.hikari.pool.HikariPool        : SmartSchoolHikariPool - Added connection com.mysql.cj.jdbc.ConnectionImpl@6a51ae7c
2026-03-16T13:45:56.076+05:30  INFO 13556 --- [main] com.zaxxer.hikari.HikariDataSource       : SmartSchoolHikariPool - Start completed.
2026-03-16T13:45:56.153+05:30  WARN 13556 --- [main] org.hibernate.orm.deprecation            : HHH90000025: MySQL8Dialect does not need to be specified explicitly using 'hibernate.dialect' (remove the property setting and it will be selected by default)
2026-03-16T13:45:56.153+05:30  WARN 13556 --- [main] org.hibernate.orm.deprecation            : HHH90000026: MySQL8Dialect has been deprecated; use org.hibernate.dialect.MySQLDialect instead
2026-03-16T13:45:57.364+05:30  INFO 13556 --- [main] o.h.e.t.j.p.i.JtaPlatformInitiator       : HHH000489: No JTA platform available (set 'hibernate.transaction.jta.platform' to enable JTA platform integration)
2026-03-16T13:45:57.701+05:30  INFO 13556 --- [main] j.LocalContainerEntityManagerFactoryBean : Initialized JPA EntityManagerFactory for persistence unit 'default'
2026-03-16T13:45:58.101+05:30  INFO 13556 --- [main] o.s.d.j.r.query.QueryEnhancerFactory     : Hibernate is in classpath; If applicable, HQL parser will be used.
2026-03-16T13:45:59.239+05:30  WARN 13556 --- [main] JpaBaseConfiguration$JpaWebConfiguration : spring.jpa.open-in-view is enabled by default. Therefore, database queries may be performed during view rendering. Explicitly configure spring.jpa.open-in-view to disable this warning
2026-03-16T13:45:59.252+05:30  WARN 13556 --- [main] .s.s.UserDetailsServiceAutoConfiguration : 

Using generated security password: 0cdfdab0-5ce8-455b-9170-b33f523e10a8

This generated password is for development use only. Your security configuration must be updated before running your application in production.

2026-03-16T13:45:59.558+05:30  INFO 13556 --- [main] o.s.s.web.DefaultSecurityFilterChain     : Will secure any request with [org.springframework.security.web.session.DisableEncodeUrlFilter@3610b408, org.springframework.security.web.context.request.async.WebAsyncManagerIntegrationFilter@5fb99e3d, org.springframework.security.web.context.SecurityContextHolderFilter@3f02095, org.springframework.security.web.header.HeaderWriterFilter@1a5247c8, org.springframework.web.filter.CorsFilter@61f18402, org.springframework.security.web.authentication.logout.LogoutFilter@8afd00e, org.springframework.security.web.savedrequest.RequestCacheAwareFilter@7db99d41, org.springframework.security.web.servletapi.SecurityContextHolderAwareRequestFilter@3e0fe68f, org.springframework.security.web.authentication.AnonymousAuthenticationFilter@194971bd, org.springframework.security.web.session.SessionManagementFilter@57e9dd1f, org.springframework.security.web.access.ExceptionTranslationFilter@4f4a0e4, org.springframework.security.web.access.intercept.AuthorizationFilter@6860341b]
2026-03-16T13:45:59.748+05:30  INFO 13556 --- [main] o.s.b.w.embedded.tomcat.TomcatWebServer  : Tomcat started on port 8080 (http) with context path ''
2026-03-16T13:45:59.748+05:30  INFO 13556 --- [main] c.smartschool.api.SmsBackendApplication  : Started SmsBackendApplication in 7.371 seconds (process running for 7.918)
2026-03-16T13:46:05.665+05:30  INFO 13556 --- [http-nio-8080-exec-7] o.a.c.c.C.[Tomcat].[localhost].[/]       : Initializing Spring DispatcherServlet 'dispatcherServlet'
2026-03-16T13:46:05.665+05:30  INFO 13556 --- [http-nio-8080-exec-7] o.s.web.servlet.DispatcherServlet        : Initializing Servlet 'dispatcherServlet'
2026-03-16T13:46:05.669+05:30  INFO 13556 --- [http-nio-8080-exec-7] o.s.web.servlet.DispatcherServlet        : Completed initialization in 4 ms
2026-03-16T13:46:05.854+05:30  INFO 13556 --- [http-nio-8080-exec-6] c.s.api.controller.StudentController     : Fetching all students for School ID:1 and Year ID:5
2026-03-16T13:46:54.102+05:30  INFO 13556 --- [http-nio-8080-exec-6] c.s.api.controller.StudentController     : Fetching all students for School ID:1 and Year ID:5
2026-03-16T13:46:54.141+05:30  INFO 13556 --- [http-nio-8080-exec-10] c.s.api.controller.StudentController     : Fetching all students for School ID:1 and Year ID:5
2026-03-16T13:46:57.612+05:30  INFO 13556 --- [http-nio-8080-exec-2] c.s.api.controller.StudentController     : Fetching all students for School ID:1 and Year ID:5
2026-03-16T13:47:31.783+05:30  INFO 13556 --- [http-nio-8080-exec-4] c.s.api.controller.StudentController     : Fetching all students for School ID:1 and Year ID:5
2026-03-16T13:47:31.804+05:30  INFO 13556 --- [http-nio-8080-exec-4] c.s.api.controller.StudentController     : Fetching all students for School ID:1 and Year ID:5
2026-03-16T13:47:44.305+05:30  INFO 13556 --- [http-nio-8080-exec-10] c.s.api.controller.StudentController     : Fetching all students for School ID:1 and Year ID:5
2026-03-16T13:47:44.327+05:30  INFO 13556 --- [http-nio-8080-exec-6] c.s.api.controller.StudentController     : Fetching all students for School ID:1 and Year ID:5
2026-03-16T13:47:53.412+05:30  INFO 13556 --- [http-nio-8080-exec-2] o.apache.coyote.http11.Http11Processor   : Error parsing HTTP request header
 Note: further occurrences of HTTP request parsing errors will be logged at DEBUG level.

java.lang.IllegalArgumentException: Invalid character found in the request target [/api/admin/students/update/roll/STU-2026-002/1/2?academicYearId=[object%20Object] ]. The valid characters are defined in RFC 7230 and RFC 3986
	at org.apache.coyote.http11.Http11InputBuffer.parseRequestLine(Http11InputBuffer.java:482) ~[tomcat-embed-core-10.1.19.jar:10.1.19]
	at org.apache.coyote.http11.Http11Processor.service(Http11Processor.java:264) ~[tomcat-embed-core-10.1.19.jar:10.1.19]
	at org.apache.coyote.AbstractProcessorLight.process(AbstractProcessorLight.java:63) ~[tomcat-embed-core-10.1.19.jar:10.1.19]
	at org.apache.coyote.AbstractProtocol$ConnectionHandler.process(AbstractProtocol.java:896) ~[tomcat-embed-core-10.1.19.jar:10.1.19]
	at org.apache.tomcat.util.net.NioEndpoint$SocketProcessor.doRun(NioEndpoint.java:1744) ~[tomcat-embed-core-10.1.19.jar:10.1.19]
	at org.apache.tomcat.util.net.SocketProcessorBase.run(SocketProcessorBase.java:52) ~[tomcat-embed-core-10.1.19.jar:10.1.19]
	at org.apache.tomcat.util.threads.ThreadPoolExecutor.runWorker(ThreadPoolExecutor.java:1191) ~[tomcat-embed-core-10.1.19.jar:10.1.19]
	at org.apache.tomcat.util.threads.ThreadPoolExecutor$Worker.run(ThreadPoolExecutor.java:659) ~[tomcat-embed-core-10.1.19.jar:10.1.19]
	at org.apache.tomcat.util.threads.TaskThread$WrappingRunnable.run(TaskThread.java:63) ~[tomcat-embed-core-10.1.19.jar:10.1.19]
	at java.base/java.lang.Thread.run(Thread.java:1583) ~[na:na]

2026-03-16T13:47:53.474+05:30  INFO 13556 --- [http-nio-8080-exec-3] c.s.api.controller.StudentController     : Fetching all students for School ID:1 and Year ID:5
2026-03-16T13:47:56.624+05:30  INFO 13556 --- [http-nio-8080-exec-9] c.s.api.controller.StudentController     : Fetching all students for School ID:1 and Year ID:5
2026-03-16T13:48:00.214+05:30  INFO 13556 --- [http-nio-8080-exec-7] c.s.api.controller.StudentController     : Fetching all students for School ID:1 and Year ID:5
2026-03-16T13:48:28.578+05:30  INFO 13556 --- [http-nio-8080-exec-6] c.s.api.controller.StudentController     : Fetching all students for School ID:1 and Year ID:5
2026-03-16T13:48:32.106+05:30  INFO 13556 --- [http-nio-8080-exec-2] c.s.api.controller.StudentController     : Fetching all students for School ID:1 and Year ID:5
2026-03-16T13:48:39.142+05:30  INFO 13556 --- [http-nio-8080-exec-3] c.s.api.controller.StudentController     : Fetching all students for School ID:1 and Year ID:5
2026-03-16T13:48:42.668+05:30  INFO 13556 --- [http-nio-8080-exec-8] c.s.api.controller.StudentController     : Fetching all students for School ID:1 and Year ID:5
2026-03-16T13:49:19.994+05:30  INFO 13556 --- [http-nio-8080-exec-4] c.s.api.controller.ClassController       : Creating class for schoolId: 1
2026-03-16T13:49:20.028+05:30  INFO 13556 --- [http-nio-8080-exec-4] c.s.api.controller.ClassController       : Class 'class 2' created with ID: 2
2026-03-16T13:49:20.063+05:30  INFO 13556 --- [http-nio-8080-exec-8] c.s.api.controller.StudentController     : Fetching all students for School ID:1 and Year ID:5
2026-03-16T13:49:30.952+05:30  INFO 13556 --- [http-nio-8080-exec-10] c.s.api.controller.ClassController       : Adding section for classId:2 schoolId:1
2026-03-16T13:49:30.979+05:30  INFO 13556 --- [http-nio-8080-exec-10] c.s.api.controller.ClassController       : Section 'Section A' created with ID: 3
2026-03-16T13:49:31.019+05:30  INFO 13556 --- [http-nio-8080-exec-7] c.s.api.controller.StudentController     : Fetching all students for School ID:1 and Year ID:5
2026-03-16T13:49:34.388+05:30  INFO 13556 --- [http-nio-8080-exec-1] c.s.api.controller.StudentController     : Fetching all students for School ID:1 and Year ID:5
2026-03-16T13:49:34.412+05:30  INFO 13556 --- [http-nio-8080-exec-5] c.s.api.controller.StudentController     : Fetching all students for School ID:1 and Year ID:5
2026-03-16T13:49:37.916+05:30  INFO 13556 --- [http-nio-8080-exec-9] c.s.api.controller.StudentController     : Fetching all students for School ID:1 and Year ID:5
2026-03-16T13:49:41.880+05:30  INFO 13556 --- [http-nio-8080-exec-8] o.apache.coyote.http11.Http11Processor   : Error parsing HTTP request header
 Note: further occurrences of HTTP request parsing errors will be logged at DEBUG level.

java.lang.IllegalArgumentException: Invalid character found in the request target [/api/admin/students/update/roll/STU-2026-002/2/3?academicYearId=[object%20Object] ]. The valid characters are defined in RFC 7230 and RFC 3986
	at org.apache.coyote.http11.Http11InputBuffer.parseRequestLine(Http11InputBuffer.java:482) ~[tomcat-embed-core-10.1.19.jar:10.1.19]
	at org.apache.coyote.http11.Http11Processor.service(Http11Processor.java:264) ~[tomcat-embed-core-10.1.19.jar:10.1.19]
	at org.apache.coyote.AbstractProcessorLight.process(AbstractProcessorLight.java:63) ~[tomcat-embed-core-10.1.19.jar:10.1.19]
	at org.apache.coyote.AbstractProtocol$ConnectionHandler.process(AbstractProtocol.java:896) ~[tomcat-embed-core-10.1.19.jar:10.1.19]
	at org.apache.tomcat.util.net.NioEndpoint$SocketProcessor.doRun(NioEndpoint.java:1744) ~[tomcat-embed-core-10.1.19.jar:10.1.19]
	at org.apache.tomcat.util.net.SocketProcessorBase.run(SocketProcessorBase.java:52) ~[tomcat-embed-core-10.1.19.jar:10.1.19]
	at org.apache.tomcat.util.threads.ThreadPoolExecutor.runWorker(ThreadPoolExecutor.java:1191) ~[tomcat-embed-core-10.1.19.jar:10.1.19]
	at org.apache.tomcat.util.threads.ThreadPoolExecutor$Worker.run(ThreadPoolExecutor.java:659) ~[tomcat-embed-core-10.1.19.jar:10.1.19]
	at org.apache.tomcat.util.threads.TaskThread$WrappingRunnable.run(TaskThread.java:63) ~[tomcat-embed-core-10.1.19.jar:10.1.19]
	at java.base/java.lang.Thread.run(Thread.java:1583) ~[na:na]

2026-03-16T13:49:41.909+05:30  INFO 13556 --- [http-nio-8080-exec-10] c.s.api.controller.StudentController     : Fetching all students for School ID:1 and Year ID:5
2026-03-16T13:49:45.461+05:30  INFO 13556 --- [http-nio-8080-exec-4] c.s.api.controller.StudentController     : Fetching all students for School ID:1 and Year ID:5
2026-03-16T13:50:53.217+05:30  INFO 13556 --- [http-nio-8080-exec-8] c.s.api.controller.AuthController        : Login attempt for username: nikunjpatidar8888@gmail.com
2026-03-16T13:50:53.346+05:30  INFO 13556 --- [http-nio-8080-exec-8] c.s.api.serviceImpl.AuthServiceImpl      : Super Admin logged in.
2026-03-16T13:50:53.346+05:30  INFO 13556 --- [http-nio-8080-exec-8] c.s.api.controller.AuthController        : Login successful for username: nikunjpatidar8888@gmail.com, role: ROLE_SUPER_ADMIN
2026-03-16T13:51:25.108+05:30  INFO 13556 --- [http-nio-8080-exec-3] c.s.api.controller.StudentController     : Fetching all students for School ID:1 and Year ID:5
2026-03-16T13:51:28.619+05:30  INFO 13556 --- [http-nio-8080-exec-6] c.s.api.controller.StudentController     : Fetching all students for School ID:1 and Year ID:5
2026-03-16T13:51:29.740+05:30  INFO 13556 --- [http-nio-8080-exec-4] c.s.api.controller.StudentController     : Fetching all students for School ID:1 and Year ID:5
2026-03-16T13:51:33.661+05:30  INFO 13556 --- [http-nio-8080-exec-5] c.s.api.controller.StudentController     : Fetching all students for School ID:1 and Year ID:5
2026-03-16T13:51:33.676+05:30  INFO 13556 --- [http-nio-8080-exec-10] c.s.api.controller.StudentController     : Fetching all students for School ID:1 and Year ID:5
2026-03-16T13:51:45.838+05:30  INFO 13556 --- [http-nio-8080-exec-3] o.apache.coyote.http11.Http11Processor   : Error parsing HTTP request header
 Note: further occurrences of HTTP request parsing errors will be logged at DEBUG level.

java.lang.IllegalArgumentException: Invalid character found in the request target [/api/admin/students/update/roll/STU-2026-002/2/3?academicYearId=[object%20Object] ]. The valid characters are defined in RFC 7230 and RFC 3986
	at org.apache.coyote.http11.Http11InputBuffer.parseRequestLine(Http11InputBuffer.java:482) ~[tomcat-embed-core-10.1.19.jar:10.1.19]
	at org.apache.coyote.http11.Http11Processor.service(Http11Processor.java:264) ~[tomcat-embed-core-10.1.19.jar:10.1.19]
	at org.apache.coyote.AbstractProcessorLight.process(AbstractProcessorLight.java:63) ~[tomcat-embed-core-10.1.19.jar:10.1.19]
	at org.apache.coyote.AbstractProtocol$ConnectionHandler.process(AbstractProtocol.java:896) ~[tomcat-embed-core-10.1.19.jar:10.1.19]
	at org.apache.tomcat.util.net.NioEndpoint$SocketProcessor.doRun(NioEndpoint.java:1744) ~[tomcat-embed-core-10.1.19.jar:10.1.19]
	at org.apache.tomcat.util.net.SocketProcessorBase.run(SocketProcessorBase.java:52) ~[tomcat-embed-core-10.1.19.jar:10.1.19]
	at org.apache.tomcat.util.threads.ThreadPoolExecutor.runWorker(ThreadPoolExecutor.java:1191) ~[tomcat-embed-core-10.1.19.jar:10.1.19]
	at org.apache.tomcat.util.threads.ThreadPoolExecutor$Worker.run(ThreadPoolExecutor.java:659) ~[tomcat-embed-core-10.1.19.jar:10.1.19]
	at org.apache.tomcat.util.threads.TaskThread$WrappingRunnable.run(TaskThread.java:63) ~[tomcat-embed-core-10.1.19.jar:10.1.19]
	at java.base/java.lang.Thread.run(Thread.java:1583) ~[na:na]

2026-03-16T13:51:45.873+05:30  INFO 13556 --- [http-nio-8080-exec-8] c.s.api.controller.StudentController     : Fetching all students for School ID:1 and Year ID:5
2026-03-16T13:51:49.384+05:30  INFO 13556 --- [http-nio-8080-exec-2] c.s.api.controller.StudentController     : Fetching all students for School ID:1 and Year ID:5
2026-03-16T13:52:27.759+05:30  INFO 13556 --- [http-nio-8080-exec-2] c.s.api.controller.AuthController        : Login attempt for username: nikunjpatidar6611@gmail.com
2026-03-16T13:52:27.856+05:30  INFO 13556 --- [http-nio-8080-exec-2] c.s.api.serviceImpl.AuthServiceImpl      : Principal logged in for school: mvm with Year: 2028-29
2026-03-16T13:52:27.856+05:30  INFO 13556 --- [http-nio-8080-exec-2] c.s.api.controller.AuthController        : Login successful for username: nikunjpatidar6611@gmail.com, role: ROLE_ADMIN
2026-03-16T13:52:29.091+05:30  INFO 13556 --- [http-nio-8080-exec-4] c.s.api.controller.StudentController     : Fetching all students for School ID:1 and Year ID:5
2026-03-16T14:07:23.812+05:30  WARN 13556 --- [SmartSchoolHikariPool housekeeper] com.zaxxer.hikari.pool.HikariPool        : SmartSchoolHikariPool - Thread starvation or clock leap detected (housekeeper delta=12m27s268ms733µs300ns).
2026-03-16T14:07:31.473+05:30 ERROR 13556 --- [http-nio-8080-exec-1] c.s.a.exception.GlobalExceptionHandler   : Unexpected error: java.nio.channels.ClosedChannelException

org.apache.catalina.connector.ClientAbortException: java.nio.channels.ClosedChannelException
	at org.apache.catalina.connector.OutputBuffer.realWriteBytes(OutputBuffer.java:344) ~[tomcat-embed-core-10.1.19.jar:10.1.19]
	at org.apache.catalina.connector.OutputBuffer.appendByteArray(OutputBuffer.java:743) ~[tomcat-embed-core-10.1.19.jar:10.1.19]
	at org.apache.catalina.connector.OutputBuffer.append(OutputBuffer.java:677) ~[tomcat-embed-core-10.1.19.jar:10.1.19]
	at org.apache.catalina.connector.OutputBuffer.writeBytes(OutputBuffer.java:379) ~[tomcat-embed-core-10.1.19.jar:10.1.19]
	at org.apache.catalina.connector.OutputBuffer.write(OutputBuffer.java:357) ~[tomcat-embed-core-10.1.19.jar:10.1.19]
	at org.apache.catalina.connector.CoyoteOutputStream.write(CoyoteOutputStream.java:97) ~[tomcat-embed-core-10.1.19.jar:10.1.19]
	at org.springframework.security.web.util.OnCommittedResponseWrapper$SaveContextServletOutputStream.write(OnCommittedResponseWrapper.java:639) ~[spring-security-web-6.2.2.jar:6.2.2]
	at java.base/java.io.InputStream.transferTo(InputStream.java:797) ~[na:na]
	at java.base/java.io.FileInputStream.transferTo(FileInputStream.java:390) ~[na:na]
	at java.base/java.io.BufferedInputStream.implTransferTo(BufferedInputStream.java:652) ~[na:na]
	at java.base/java.io.BufferedInputStream.transferTo(BufferedInputStream.java:631) ~[na:na]
	at org.springframework.http.converter.ResourceHttpMessageConverter.writeContent(ResourceHttpMessageConverter.java:149) ~[spring-web-6.1.4.jar:6.1.4]
	at org.springframework.http.converter.ResourceHttpMessageConverter.writeInternal(ResourceHttpMessageConverter.java:138) ~[spring-web-6.1.4.jar:6.1.4]
	at org.springframework.http.converter.ResourceHttpMessageConverter.writeInternal(ResourceHttpMessageConverter.java:46) ~[spring-web-6.1.4.jar:6.1.4]
	at org.springframework.http.converter.AbstractHttpMessageConverter.write(AbstractHttpMessageConverter.java:236) ~[spring-web-6.1.4.jar:6.1.4]
	at org.springframework.web.servlet.resource.ResourceHttpRequestHandler.handleRequest(ResourceHttpRequestHandler.java:621) ~[spring-webmvc-6.1.4.jar:6.1.4]
	at org.springframework.web.servlet.mvc.HttpRequestHandlerAdapter.handle(HttpRequestHandlerAdapter.java:52) ~[spring-webmvc-6.1.4.jar:6.1.4]
	at org.springframework.web.servlet.DispatcherServlet.doDispatch(DispatcherServlet.java:1089) ~[spring-webmvc-6.1.4.jar:6.1.4]
	at org.springframework.web.servlet.DispatcherServlet.doService(DispatcherServlet.java:979) ~[spring-webmvc-6.1.4.jar:6.1.4]
	at org.springframework.web.servlet.FrameworkServlet.processRequest(FrameworkServlet.java:1014) ~[spring-webmvc-6.1.4.jar:6.1.4]
	at org.springframework.web.servlet.FrameworkServlet.doGet(FrameworkServlet.java:903) ~[spring-webmvc-6.1.4.jar:6.1.4]
	at jakarta.servlet.http.HttpServlet.service(HttpServlet.java:564) ~[tomcat-embed-core-10.1.19.jar:6.0]
	at org.springframework.web.servlet.FrameworkServlet.service(FrameworkServlet.java:885) ~[spring-webmvc-6.1.4.jar:6.1.4]
	at jakarta.servlet.http.HttpServlet.service(HttpServlet.java:658) ~[tomcat-embed-core-10.1.19.jar:6.0]
	at org.apache.catalina.core.ApplicationFilterChain.internalDoFilter(ApplicationFilterChain.java:205) ~[tomcat-embed-core-10.1.19.jar:10.1.19]
	at org.apache.catalina.core.ApplicationFilterChain.doFilter(ApplicationFilterChain.java:149) ~[tomcat-embed-core-10.1.19.jar:10.1.19]
	at org.apache.tomcat.websocket.server.WsFilter.doFilter(WsFilter.java:51) ~[tomcat-embed-websocket-10.1.19.jar:10.1.19]
	at org.apache.catalina.core.ApplicationFilterChain.internalDoFilter(ApplicationFilterChain.java:174) ~[tomcat-embed-core-10.1.19.jar:10.1.19]
	at org.apache.catalina.core.ApplicationFilterChain.doFilter(ApplicationFilterChain.java:149) ~[tomcat-embed-core-10.1.19.jar:10.1.19]
	at org.springframework.web.filter.CompositeFilter$VirtualFilterChain.doFilter(CompositeFilter.java:108) ~[spring-web-6.1.4.jar:6.1.4]
	at org.springframework.security.web.FilterChainProxy.lambda$doFilterInternal$3(FilterChainProxy.java:231) ~[spring-security-web-6.2.2.jar:6.2.2]
	at org.springframework.security.web.FilterChainProxy$VirtualFilterChain.doFilter(FilterChainProxy.java:365) ~[spring-security-web-6.2.2.jar:6.2.2]
	at org.springframework.security.web.access.intercept.AuthorizationFilter.doFilter(AuthorizationFilter.java:100) ~[spring-security-web-6.2.2.jar:6.2.2]
	at org.springframework.security.web.FilterChainProxy$VirtualFilterChain.doFilter(FilterChainProxy.java:374) ~[spring-security-web-6.2.2.jar:6.2.2]
	at org.springframework.security.web.access.ExceptionTranslationFilter.doFilter(ExceptionTranslationFilter.java:126) ~[spring-security-web-6.2.2.jar:6.2.2]
	at org.springframework.security.web.access.ExceptionTranslationFilter.doFilter(ExceptionTranslationFilter.java:120) ~[spring-security-web-6.2.2.jar:6.2.2]
	at org.springframework.security.web.FilterChainProxy$VirtualFilterChain.doFilter(FilterChainProxy.java:374) ~[spring-security-web-6.2.2.jar:6.2.2]
	at org.springframework.security.web.session.SessionManagementFilter.doFilter(SessionManagementFilter.java:131) ~[spring-security-web-6.2.2.jar:6.2.2]
	at org.springframework.security.web.session.SessionManagementFilter.doFilter(SessionManagementFilter.java:85) ~[spring-security-web-6.2.2.jar:6.2.2]
	at org.springframework.security.web.FilterChainProxy$VirtualFilterChain.doFilter(FilterChainProxy.java:374) ~[spring-security-web-6.2.2.jar:6.2.2]
	at org.springframework.security.web.authentication.AnonymousAuthenticationFilter.doFilter(AnonymousAuthenticationFilter.java:100) ~[spring-security-web-6.2.2.jar:6.2.2]
	at org.springframework.security.web.FilterChainProxy$VirtualFilterChain.doFilter(FilterChainProxy.java:374) ~[spring-security-web-6.2.2.jar:6.2.2]
	at org.springframework.security.web.servletapi.SecurityContextHolderAwareRequestFilter.doFilter(SecurityContextHolderAwareRequestFilter.java:179) ~[spring-security-web-6.2.2.jar:6.2.2]
	at org.springframework.security.web.FilterChainProxy$VirtualFilterChain.doFilter(FilterChainProxy.java:374) ~[spring-security-web-6.2.2.jar:6.2.2]
	at org.springframework.security.web.savedrequest.RequestCacheAwareFilter.doFilter(RequestCacheAwareFilter.java:63) ~[spring-security-web-6.2.2.jar:6.2.2]
	at org.springframework.security.web.FilterChainProxy$VirtualFilterChain.doFilter(FilterChainProxy.java:374) ~[spring-security-web-6.2.2.jar:6.2.2]
	at org.springframework.security.web.authentication.logout.LogoutFilter.doFilter(LogoutFilter.java:107) ~[spring-security-web-6.2.2.jar:6.2.2]
	at org.springframework.security.web.authentication.logout.LogoutFilter.doFilter(LogoutFilter.java:93) ~[spring-security-web-6.2.2.jar:6.2.2]
	at org.springframework.security.web.FilterChainProxy$VirtualFilterChain.doFilter(FilterChainProxy.java:374) ~[spring-security-web-6.2.2.jar:6.2.2]
	at org.springframework.web.filter.CorsFilter.doFilterInternal(CorsFilter.java:91) ~[spring-web-6.1.4.jar:6.1.4]
	at org.springframework.web.filter.OncePerRequestFilter.doFilter(OncePerRequestFilter.java:116) ~[spring-web-6.1.4.jar:6.1.4]
	at org.springframework.security.web.FilterChainProxy$VirtualFilterChain.doFilter(FilterChainProxy.java:374) ~[spring-security-web-6.2.2.jar:6.2.2]
	at org.springframework.security.web.header.HeaderWriterFilter.doHeadersAfter(HeaderWriterFilter.java:90) ~[spring-security-web-6.2.2.jar:6.2.2]
	at org.springframework.security.web.header.HeaderWriterFilter.doFilterInternal(HeaderWriterFilter.java:75) ~[spring-security-web-6.2.2.jar:6.2.2]
	at org.springframework.web.filter.OncePerRequestFilter.doFilter(OncePerRequestFilter.java:116) ~[spring-web-6.1.4.jar:6.1.4]
	at org.springframework.security.web.FilterChainProxy$VirtualFilterChain.doFilter(FilterChainProxy.java:374) ~[spring-security-web-6.2.2.jar:6.2.2]
	at org.springframework.security.web.context.SecurityContextHolderFilter.doFilter(SecurityContextHolderFilter.java:82) ~[spring-security-web-6.2.2.jar:6.2.2]
	at org.springframework.security.web.context.SecurityContextHolderFilter.doFilter(SecurityContextHolderFilter.java:69) ~[spring-security-web-6.2.2.jar:6.2.2]
	at org.springframework.security.web.FilterChainProxy$VirtualFilterChain.doFilter(FilterChainProxy.java:374) ~[spring-security-web-6.2.2.jar:6.2.2]
	at org.springframework.security.web.context.request.async.WebAsyncManagerIntegrationFilter.doFilterInternal(WebAsyncManagerIntegrationFilter.java:62) ~[spring-security-web-6.2.2.jar:6.2.2]
	at org.springframework.web.filter.OncePerRequestFilter.doFilter(OncePerRequestFilter.java:116) ~[spring-web-6.1.4.jar:6.1.4]
	at org.springframework.security.web.FilterChainProxy$VirtualFilterChain.doFilter(FilterChainProxy.java:374) ~[spring-security-web-6.2.2.jar:6.2.2]
	at org.springframework.security.web.session.DisableEncodeUrlFilter.doFilterInternal(DisableEncodeUrlFilter.java:42) ~[spring-security-web-6.2.2.jar:6.2.2]
	at org.springframework.web.filter.OncePerRequestFilter.doFilter(OncePerRequestFilter.java:116) ~[spring-web-6.1.4.jar:6.1.4]
	at org.springframework.security.web.FilterChainProxy$VirtualFilterChain.doFilter(FilterChainProxy.java:374) ~[spring-security-web-6.2.2.jar:6.2.2]
	at org.springframework.security.web.FilterChainProxy.doFilterInternal(FilterChainProxy.java:233) ~[spring-security-web-6.2.2.jar:6.2.2]
	at org.springframework.security.web.FilterChainProxy.doFilter(FilterChainProxy.java:191) ~[spring-security-web-6.2.2.jar:6.2.2]
	at org.springframework.web.filter.CompositeFilter$VirtualFilterChain.doFilter(CompositeFilter.java:113) ~[spring-web-6.1.4.jar:6.1.4]
	at org.springframework.web.servlet.handler.HandlerMappingIntrospector.lambda$createCacheFilter$3(HandlerMappingIntrospector.java:195) ~[spring-webmvc-6.1.4.jar:6.1.4]
	at org.springframework.web.filter.CompositeFilter$VirtualFilterChain.doFilter(CompositeFilter.java:113) ~[spring-web-6.1.4.jar:6.1.4]
	at org.springframework.web.filter.CompositeFilter.doFilter(CompositeFilter.java:74) ~[spring-web-6.1.4.jar:6.1.4]
	at org.springframework.security.config.annotation.web.configuration.WebMvcSecurityConfiguration$CompositeFilterChainProxy.doFilter(WebMvcSecurityConfiguration.java:230) ~[spring-security-config-6.2.2.jar:6.2.2]
	at org.springframework.web.filter.DelegatingFilterProxy.invokeDelegate(DelegatingFilterProxy.java:352) ~[spring-web-6.1.4.jar:6.1.4]
	at org.springframework.web.filter.DelegatingFilterProxy.doFilter(DelegatingFilterProxy.java:268) ~[spring-web-6.1.4.jar:6.1.4]
	at org.apache.catalina.core.ApplicationFilterChain.internalDoFilter(ApplicationFilterChain.java:174) ~[tomcat-embed-core-10.1.19.jar:10.1.19]
	at org.apache.catalina.core.ApplicationFilterChain.doFilter(ApplicationFilterChain.java:149) ~[tomcat-embed-core-10.1.19.jar:10.1.19]
	at org.springframework.web.filter.RequestContextFilter.doFilterInternal(RequestContextFilter.java:100) ~[spring-web-6.1.4.jar:6.1.4]
	at org.springframework.web.filter.OncePerRequestFilter.doFilter(OncePerRequestFilter.java:116) ~[spring-web-6.1.4.jar:6.1.4]
	at org.apache.catalina.core.ApplicationFilterChain.internalDoFilter(ApplicationFilterChain.java:174) ~[tomcat-embed-core-10.1.19.jar:10.1.19]
	at org.apache.catalina.core.ApplicationFilterChain.doFilter(ApplicationFilterChain.java:149) ~[tomcat-embed-core-10.1.19.jar:10.1.19]
	at org.springframework.web.filter.FormContentFilter.doFilterInternal(FormContentFilter.java:93) ~[spring-web-6.1.4.jar:6.1.4]
	at org.springframework.web.filter.OncePerRequestFilter.doFilter(OncePerRequestFilter.java:116) ~[spring-web-6.1.4.jar:6.1.4]
	at org.apache.catalina.core.ApplicationFilterChain.internalDoFilter(ApplicationFilterChain.java:174) ~[tomcat-embed-core-10.1.19.jar:10.1.19]
	at org.apache.catalina.core.ApplicationFilterChain.doFilter(ApplicationFilterChain.java:149) ~[tomcat-embed-core-10.1.19.jar:10.1.19]
	at org.springframework.web.filter.CharacterEncodingFilter.doFilterInternal(CharacterEncodingFilter.java:201) ~[spring-web-6.1.4.jar:6.1.4]
	at org.springframework.web.filter.OncePerRequestFilter.doFilter(OncePerRequestFilter.java:116) ~[spring-web-6.1.4.jar:6.1.4]
	at org.apache.catalina.core.ApplicationFilterChain.internalDoFilter(ApplicationFilterChain.java:174) ~[tomcat-embed-core-10.1.19.jar:10.1.19]
	at org.apache.catalina.core.ApplicationFilterChain.doFilter(ApplicationFilterChain.java:149) ~[tomcat-embed-core-10.1.19.jar:10.1.19]
	at org.apache.catalina.core.StandardWrapperValve.invoke(StandardWrapperValve.java:167) ~[tomcat-embed-core-10.1.19.jar:10.1.19]
	at org.apache.catalina.core.StandardContextValve.invoke(StandardContextValve.java:90) ~[tomcat-embed-core-10.1.19.jar:10.1.19]
	at org.apache.catalina.authenticator.AuthenticatorBase.invoke(AuthenticatorBase.java:482) ~[tomcat-embed-core-10.1.19.jar:10.1.19]
	at org.apache.catalina.core.StandardHostValve.invoke(StandardHostValve.java:115) ~[tomcat-embed-core-10.1.19.jar:10.1.19]
	at org.apache.catalina.valves.ErrorReportValve.invoke(ErrorReportValve.java:93) ~[tomcat-embed-core-10.1.19.jar:10.1.19]
	at org.apache.catalina.core.StandardEngineValve.invoke(StandardEngineValve.java:74) ~[tomcat-embed-core-10.1.19.jar:10.1.19]
	at org.apache.catalina.connector.CoyoteAdapter.service(CoyoteAdapter.java:344) ~[tomcat-embed-core-10.1.19.jar:10.1.19]
	at org.apache.coyote.http11.Http11Processor.service(Http11Processor.java:391) ~[tomcat-embed-core-10.1.19.jar:10.1.19]
	at org.apache.coyote.AbstractProcessorLight.process(AbstractProcessorLight.java:63) ~[tomcat-embed-core-10.1.19.jar:10.1.19]
	at org.apache.coyote.AbstractProtocol$ConnectionHandler.process(AbstractProtocol.java:896) ~[tomcat-embed-core-10.1.19.jar:10.1.19]
	at org.apache.tomcat.util.net.NioEndpoint$SocketProcessor.doRun(NioEndpoint.java:1744) ~[tomcat-embed-core-10.1.19.jar:10.1.19]
	at org.apache.tomcat.util.net.SocketProcessorBase.run(SocketProcessorBase.java:52) ~[tomcat-embed-core-10.1.19.jar:10.1.19]
	at org.apache.tomcat.util.threads.ThreadPoolExecutor.runWorker(ThreadPoolExecutor.java:1191) ~[tomcat-embed-core-10.1.19.jar:10.1.19]
	at org.apache.tomcat.util.threads.ThreadPoolExecutor$Worker.run(ThreadPoolExecutor.java:659) ~[tomcat-embed-core-10.1.19.jar:10.1.19]
	at org.apache.tomcat.util.threads.TaskThread$WrappingRunnable.run(TaskThread.java:63) ~[tomcat-embed-core-10.1.19.jar:10.1.19]
	at java.base/java.lang.Thread.run(Thread.java:1583) ~[na:na]
Caused by: java.nio.channels.ClosedChannelException: null
	at org.apache.tomcat.util.net.NioChannel$1.write(NioChannel.java:264) ~[tomcat-embed-core-10.1.19.jar:10.1.19]
	at org.apache.tomcat.util.net.NioEndpoint$NioSocketWrapper.doWrite(NioEndpoint.java:1381) ~[tomcat-embed-core-10.1.19.jar:10.1.19]
	at org.apache.tomcat.util.net.SocketWrapperBase.doWrite(SocketWrapperBase.java:764) ~[tomcat-embed-core-10.1.19.jar:10.1.19]
	at org.apache.tomcat.util.net.SocketWrapperBase.writeBlocking(SocketWrapperBase.java:589) ~[tomcat-embed-core-10.1.19.jar:10.1.19]
	at org.apache.tomcat.util.net.SocketWrapperBase.write(SocketWrapperBase.java:533) ~[tomcat-embed-core-10.1.19.jar:10.1.19]
	at org.apache.coyote.http11.Http11OutputBuffer$SocketOutputBuffer.doWrite(Http11OutputBuffer.java:540) ~[tomcat-embed-core-10.1.19.jar:10.1.19]
	at org.apache.coyote.http11.filters.IdentityOutputFilter.doWrite(IdentityOutputFilter.java:73) ~[tomcat-embed-core-10.1.19.jar:10.1.19]
	at org.apache.coyote.http11.Http11OutputBuffer.doWrite(Http11OutputBuffer.java:193) ~[tomcat-embed-core-10.1.19.jar:10.1.19]
	at org.apache.coyote.Response.doWrite(Response.java:616) ~[tomcat-embed-core-10.1.19.jar:10.1.19]
	at org.apache.catalina.connector.OutputBuffer.realWriteBytes(OutputBuffer.java:331) ~[tomcat-embed-core-10.1.19.jar:10.1.19]
	... 103 common frames omitted

2026-03-16T14:07:31.560+05:30  WARN 13556 --- [http-nio-8080-exec-1] .m.m.a.ExceptionHandlerExceptionResolver : Failure in @ExceptionHandler com.smartschool.api.exception.GlobalExceptionHandler#handleGlobalException(Exception, HttpServletRequest)

org.springframework.http.converter.HttpMessageNotWritableException: No converter for [class com.smartschool.api.exception.ApiError] with preset Content-Type 'image/png'
	at org.springframework.web.servlet.mvc.method.annotation.AbstractMessageConverterMethodProcessor.writeWithMessageConverters(AbstractMessageConverterMethodProcessor.java:319) ~[spring-webmvc-6.1.4.jar:6.1.4]
	at org.springframework.web.servlet.mvc.method.annotation.HttpEntityMethodProcessor.handleReturnValue(HttpEntityMethodProcessor.java:245) ~[spring-webmvc-6.1.4.jar:6.1.4]
	at org.springframework.web.method.support.HandlerMethodReturnValueHandlerComposite.handleReturnValue(HandlerMethodReturnValueHandlerComposite.java:78) ~[spring-web-6.1.4.jar:6.1.4]
	at org.springframework.web.servlet.mvc.method.annotation.ServletInvocableHandlerMethod.invokeAndHandle(ServletInvocableHandlerMethod.java:136) ~[spring-webmvc-6.1.4.jar:6.1.4]
	at org.springframework.web.servlet.mvc.method.annotation.ExceptionHandlerExceptionResolver.doResolveHandlerMethodException(ExceptionHandlerExceptionResolver.java:432) ~[spring-webmvc-6.1.4.jar:6.1.4]
	at org.springframework.web.servlet.handler.AbstractHandlerMethodExceptionResolver.doResolveException(AbstractHandlerMethodExceptionResolver.java:74) ~[spring-webmvc-6.1.4.jar:6.1.4]
	at org.springframework.web.servlet.handler.AbstractHandlerExceptionResolver.resolveException(AbstractHandlerExceptionResolver.java:175) ~[spring-webmvc-6.1.4.jar:6.1.4]
	at org.springframework.web.servlet.handler.HandlerExceptionResolverComposite.resolveException(HandlerExceptionResolverComposite.java:80) ~[spring-webmvc-6.1.4.jar:6.1.4]
	at org.springframework.web.servlet.DispatcherServlet.processHandlerException(DispatcherServlet.java:1357) ~[spring-webmvc-6.1.4.jar:6.1.4]
	at org.springframework.web.servlet.DispatcherServlet.processDispatchResult(DispatcherServlet.java:1160) ~[spring-webmvc-6.1.4.jar:6.1.4]
	at org.springframework.web.servlet.DispatcherServlet.doDispatch(DispatcherServlet.java:1106) ~[spring-webmvc-6.1.4.jar:6.1.4]
	at org.springframework.web.servlet.DispatcherServlet.doService(DispatcherServlet.java:979) ~[spring-webmvc-6.1.4.jar:6.1.4]
	at org.springframework.web.servlet.FrameworkServlet.processRequest(FrameworkServlet.java:1014) ~[spring-webmvc-6.1.4.jar:6.1.4]
	at org.springframework.web.servlet.FrameworkServlet.doGet(FrameworkServlet.java:903) ~[spring-webmvc-6.1.4.jar:6.1.4]
	at jakarta.servlet.http.HttpServlet.service(HttpServlet.java:564) ~[tomcat-embed-core-10.1.19.jar:6.0]
	at org.springframework.web.servlet.FrameworkServlet.service(FrameworkServlet.java:885) ~[spring-webmvc-6.1.4.jar:6.1.4]
	at jakarta.servlet.http.HttpServlet.service(HttpServlet.java:658) ~[tomcat-embed-core-10.1.19.jar:6.0]
	at org.apache.catalina.core.ApplicationFilterChain.internalDoFilter(ApplicationFilterChain.java:205) ~[tomcat-embed-core-10.1.19.jar:10.1.19]
	at org.apache.catalina.core.ApplicationFilterChain.doFilter(ApplicationFilterChain.java:149) ~[tomcat-embed-core-10.1.19.jar:10.1.19]
	at org.apache.tomcat.websocket.server.WsFilter.doFilter(WsFilter.java:51) ~[tomcat-embed-websocket-10.1.19.jar:10.1.19]
	at org.apache.catalina.core.ApplicationFilterChain.internalDoFilter(ApplicationFilterChain.java:174) ~[tomcat-embed-core-10.1.19.jar:10.1.19]
	at org.apache.catalina.core.ApplicationFilterChain.doFilter(ApplicationFilterChain.java:149) ~[tomcat-embed-core-10.1.19.jar:10.1.19]
	at org.springframework.web.filter.CompositeFilter$VirtualFilterChain.doFilter(CompositeFilter.java:108) ~[spring-web-6.1.4.jar:6.1.4]
	at org.springframework.security.web.FilterChainProxy.lambda$doFilterInternal$3(FilterChainProxy.java:231) ~[spring-security-web-6.2.2.jar:6.2.2]
	at org.springframework.security.web.FilterChainProxy$VirtualFilterChain.doFilter(FilterChainProxy.java:365) ~[spring-security-web-6.2.2.jar:6.2.2]
	at org.springframework.security.web.access.intercept.AuthorizationFilter.doFilter(AuthorizationFilter.java:100) ~[spring-security-web-6.2.2.jar:6.2.2]
	at org.springframework.security.web.FilterChainProxy$VirtualFilterChain.doFilter(FilterChainProxy.java:374) ~[spring-security-web-6.2.2.jar:6.2.2]
	at org.springframework.security.web.access.ExceptionTranslationFilter.doFilter(ExceptionTranslationFilter.java:126) ~[spring-security-web-6.2.2.jar:6.2.2]
	at org.springframework.security.web.access.ExceptionTranslationFilter.doFilter(ExceptionTranslationFilter.java:120) ~[spring-security-web-6.2.2.jar:6.2.2]
	at org.springframework.security.web.FilterChainProxy$VirtualFilterChain.doFilter(FilterChainProxy.java:374) ~[spring-security-web-6.2.2.jar:6.2.2]
	at org.springframework.security.web.session.SessionManagementFilter.doFilter(SessionManagementFilter.java:131) ~[spring-security-web-6.2.2.jar:6.2.2]
	at org.springframework.security.web.session.SessionManagementFilter.doFilter(SessionManagementFilter.java:85) ~[spring-security-web-6.2.2.jar:6.2.2]
	at org.springframework.security.web.FilterChainProxy$VirtualFilterChain.doFilter(FilterChainProxy.java:374) ~[spring-security-web-6.2.2.jar:6.2.2]
	at org.springframework.security.web.authentication.AnonymousAuthenticationFilter.doFilter(AnonymousAuthenticationFilter.java:100) ~[spring-security-web-6.2.2.jar:6.2.2]
	at org.springframework.security.web.FilterChainProxy$VirtualFilterChain.doFilter(FilterChainProxy.java:374) ~[spring-security-web-6.2.2.jar:6.2.2]
	at org.springframework.security.web.servletapi.SecurityContextHolderAwareRequestFilter.doFilter(SecurityContextHolderAwareRequestFilter.java:179) ~[spring-security-web-6.2.2.jar:6.2.2]
	at org.springframework.security.web.FilterChainProxy$VirtualFilterChain.doFilter(FilterChainProxy.java:374) ~[spring-security-web-6.2.2.jar:6.2.2]
	at org.springframework.security.web.savedrequest.RequestCacheAwareFilter.doFilter(RequestCacheAwareFilter.java:63) ~[spring-security-web-6.2.2.jar:6.2.2]
	at org.springframework.security.web.FilterChainProxy$VirtualFilterChain.doFilter(FilterChainProxy.java:374) ~[spring-security-web-6.2.2.jar:6.2.2]
	at org.springframework.security.web.authentication.logout.LogoutFilter.doFilter(LogoutFilter.java:107) ~[spring-security-web-6.2.2.jar:6.2.2]
	at org.springframework.security.web.authentication.logout.LogoutFilter.doFilter(LogoutFilter.java:93) ~[spring-security-web-6.2.2.jar:6.2.2]
	at org.springframework.security.web.FilterChainProxy$VirtualFilterChain.doFilter(FilterChainProxy.java:374) ~[spring-security-web-6.2.2.jar:6.2.2]
	at org.springframework.web.filter.CorsFilter.doFilterInternal(CorsFilter.java:91) ~[spring-web-6.1.4.jar:6.1.4]
	at org.springframework.web.filter.OncePerRequestFilter.doFilter(OncePerRequestFilter.java:116) ~[spring-web-6.1.4.jar:6.1.4]
	at org.springframework.security.web.FilterChainProxy$VirtualFilterChain.doFilter(FilterChainProxy.java:374) ~[spring-security-web-6.2.2.jar:6.2.2]
	at org.springframework.security.web.header.HeaderWriterFilter.doHeadersAfter(HeaderWriterFilter.java:90) ~[spring-security-web-6.2.2.jar:6.2.2]
	at org.springframework.security.web.header.HeaderWriterFilter.doFilterInternal(HeaderWriterFilter.java:75) ~[spring-security-web-6.2.2.jar:6.2.2]
	at org.springframework.web.filter.OncePerRequestFilter.doFilter(OncePerRequestFilter.java:116) ~[spring-web-6.1.4.jar:6.1.4]
	at org.springframework.security.web.FilterChainProxy$VirtualFilterChain.doFilter(FilterChainProxy.java:374) ~[spring-security-web-6.2.2.jar:6.2.2]
	at org.springframework.security.web.context.SecurityContextHolderFilter.doFilter(SecurityContextHolderFilter.java:82) ~[spring-security-web-6.2.2.jar:6.2.2]
	at org.springframework.security.web.context.SecurityContextHolderFilter.doFilter(SecurityContextHolderFilter.java:69) ~[spring-security-web-6.2.2.jar:6.2.2]
	at org.springframework.security.web.FilterChainProxy$VirtualFilterChain.doFilter(FilterChainProxy.java:374) ~[spring-security-web-6.2.2.jar:6.2.2]
	at org.springframework.security.web.context.request.async.WebAsyncManagerIntegrationFilter.doFilterInternal(WebAsyncManagerIntegrationFilter.java:62) ~[spring-security-web-6.2.2.jar:6.2.2]
	at org.springframework.web.filter.OncePerRequestFilter.doFilter(OncePerRequestFilter.java:116) ~[spring-web-6.1.4.jar:6.1.4]
	at org.springframework.security.web.FilterChainProxy$VirtualFilterChain.doFilter(FilterChainProxy.java:374) ~[spring-security-web-6.2.2.jar:6.2.2]
	at org.springframework.security.web.session.DisableEncodeUrlFilter.doFilterInternal(DisableEncodeUrlFilter.java:42) ~[spring-security-web-6.2.2.jar:6.2.2]
	at org.springframework.web.filter.OncePerRequestFilter.doFilter(OncePerRequestFilter.java:116) ~[spring-web-6.1.4.jar:6.1.4]
	at org.springframework.security.web.FilterChainProxy$VirtualFilterChain.doFilter(FilterChainProxy.java:374) ~[spring-security-web-6.2.2.jar:6.2.2]
	at org.springframework.security.web.FilterChainProxy.doFilterInternal(FilterChainProxy.java:233) ~[spring-security-web-6.2.2.jar:6.2.2]
	at org.springframework.security.web.FilterChainProxy.doFilter(FilterChainProxy.java:191) ~[spring-security-web-6.2.2.jar:6.2.2]
	at org.springframework.web.filter.CompositeFilter$VirtualFilterChain.doFilter(CompositeFilter.java:113) ~[spring-web-6.1.4.jar:6.1.4]
	at org.springframework.web.servlet.handler.HandlerMappingIntrospector.lambda$createCacheFilter$3(HandlerMappingIntrospector.java:195) ~[spring-webmvc-6.1.4.jar:6.1.4]
	at org.springframework.web.filter.CompositeFilter$VirtualFilterChain.doFilter(CompositeFilter.java:113) ~[spring-web-6.1.4.jar:6.1.4]
	at org.springframework.web.filter.CompositeFilter.doFilter(CompositeFilter.java:74) ~[spring-web-6.1.4.jar:6.1.4]
	at org.springframework.security.config.annotation.web.configuration.WebMvcSecurityConfiguration$CompositeFilterChainProxy.doFilter(WebMvcSecurityConfiguration.java:230) ~[spring-security-config-6.2.2.jar:6.2.2]
	at org.springframework.web.filter.DelegatingFilterProxy.invokeDelegate(DelegatingFilterProxy.java:352) ~[spring-web-6.1.4.jar:6.1.4]
	at org.springframework.web.filter.DelegatingFilterProxy.doFilter(DelegatingFilterProxy.java:268) ~[spring-web-6.1.4.jar:6.1.4]
	at org.apache.catalina.core.ApplicationFilterChain.internalDoFilter(ApplicationFilterChain.java:174) ~[tomcat-embed-core-10.1.19.jar:10.1.19]
	at org.apache.catalina.core.ApplicationFilterChain.doFilter(ApplicationFilterChain.java:149) ~[tomcat-embed-core-10.1.19.jar:10.1.19]
	at org.springframework.web.filter.RequestContextFilter.doFilterInternal(RequestContextFilter.java:100) ~[spring-web-6.1.4.jar:6.1.4]
	at org.springframework.web.filter.OncePerRequestFilter.doFilter(OncePerRequestFilter.java:116) ~[spring-web-6.1.4.jar:6.1.4]
	at org.apache.catalina.core.ApplicationFilterChain.internalDoFilter(ApplicationFilterChain.java:174) ~[tomcat-embed-core-10.1.19.jar:10.1.19]
	at org.apache.catalina.core.ApplicationFilterChain.doFilter(ApplicationFilterChain.java:149) ~[tomcat-embed-core-10.1.19.jar:10.1.19]
	at org.springframework.web.filter.FormContentFilter.doFilterInternal(FormContentFilter.java:93) ~[spring-web-6.1.4.jar:6.1.4]
	at org.springframework.web.filter.OncePerRequestFilter.doFilter(OncePerRequestFilter.java:116) ~[spring-web-6.1.4.jar:6.1.4]
	at org.apache.catalina.core.ApplicationFilterChain.internalDoFilter(ApplicationFilterChain.java:174) ~[tomcat-embed-core-10.1.19.jar:10.1.19]
	at org.apache.catalina.core.ApplicationFilterChain.doFilter(ApplicationFilterChain.java:149) ~[tomcat-embed-core-10.1.19.jar:10.1.19]
	at org.springframework.web.filter.CharacterEncodingFilter.doFilterInternal(CharacterEncodingFilter.java:201) ~[spring-web-6.1.4.jar:6.1.4]
	at org.springframework.web.filter.OncePerRequestFilter.doFilter(OncePerRequestFilter.java:116) ~[spring-web-6.1.4.jar:6.1.4]
	at org.apache.catalina.core.ApplicationFilterChain.internalDoFilter(ApplicationFilterChain.java:174) ~[tomcat-embed-core-10.1.19.jar:10.1.19]
	at org.apache.catalina.core.ApplicationFilterChain.doFilter(ApplicationFilterChain.java:149) ~[tomcat-embed-core-10.1.19.jar:10.1.19]
	at org.apache.catalina.core.StandardWrapperValve.invoke(StandardWrapperValve.java:167) ~[tomcat-embed-core-10.1.19.jar:10.1.19]
	at org.apache.catalina.core.StandardContextValve.invoke(StandardContextValve.java:90) ~[tomcat-embed-core-10.1.19.jar:10.1.19]
	at org.apache.catalina.authenticator.AuthenticatorBase.invoke(AuthenticatorBase.java:482) ~[tomcat-embed-core-10.1.19.jar:10.1.19]
	at org.apache.catalina.core.StandardHostValve.invoke(StandardHostValve.java:115) ~[tomcat-embed-core-10.1.19.jar:10.1.19]
	at org.apache.catalina.valves.ErrorReportValve.invoke(ErrorReportValve.java:93) ~[tomcat-embed-core-10.1.19.jar:10.1.19]
	at org.apache.catalina.core.StandardEngineValve.invoke(StandardEngineValve.java:74) ~[tomcat-embed-core-10.1.19.jar:10.1.19]
	at org.apache.catalina.connector.CoyoteAdapter.service(CoyoteAdapter.java:344) ~[tomcat-embed-core-10.1.19.jar:10.1.19]
	at org.apache.coyote.http11.Http11Processor.service(Http11Processor.java:391) ~[tomcat-embed-core-10.1.19.jar:10.1.19]
	at org.apache.coyote.AbstractProcessorLight.process(AbstractProcessorLight.java:63) ~[tomcat-embed-core-10.1.19.jar:10.1.19]
	at org.apache.coyote.AbstractProtocol$ConnectionHandler.process(AbstractProtocol.java:896) ~[tomcat-embed-core-10.1.19.jar:10.1.19]
	at org.apache.tomcat.util.net.NioEndpoint$SocketProcessor.doRun(NioEndpoint.java:1744) ~[tomcat-embed-core-10.1.19.jar:10.1.19]
	at org.apache.tomcat.util.net.SocketProcessorBase.run(SocketProcessorBase.java:52) ~[tomcat-embed-core-10.1.19.jar:10.1.19]
	at org.apache.tomcat.util.threads.ThreadPoolExecutor.runWorker(ThreadPoolExecutor.java:1191) ~[tomcat-embed-core-10.1.19.jar:10.1.19]
	at org.apache.tomcat.util.threads.ThreadPoolExecutor$Worker.run(ThreadPoolExecutor.java:659) ~[tomcat-embed-core-10.1.19.jar:10.1.19]
	at org.apache.tomcat.util.threads.TaskThread$WrappingRunnable.run(TaskThread.java:63) ~[tomcat-embed-core-10.1.19.jar:10.1.19]
	at java.base/java.lang.Thread.run(Thread.java:1583) ~[na:na]

2026-03-16T14:07:31.593+05:30  INFO 13556 --- [SpringApplicationShutdownHook] j.LocalContainerEntityManagerFactoryBean : Closing JPA EntityManagerFactory for persistence unit 'default'
2026-03-16T14:07:31.630+05:30  INFO 13556 --- [SpringApplicationShutdownHook] com.zaxxer.hikari.HikariDataSource       : SmartSchoolHikariPool - Shutdown initiated...
2026-03-16T14:07:31.710+05:30  INFO 13556 --- [SpringApplicationShutdownHook] com.zaxxer.hikari.HikariDataSource       : SmartSchoolHikariPool - Shutdown completed.
2026-03-16T14:07:41.478+05:30  INFO 27344 --- [main] c.smartschool.api.SmsBackendApplication  : Starting SmsBackendApplication using Java 21.0.9 with PID 27344 (C:\smart-school-pro\sms-backend\sms-backend\target\classes started by nikun in C:\smart-school-pro\sms-backend)
2026-03-16T14:07:41.480+05:30  INFO 27344 --- [main] c.smartschool.api.SmsBackendApplication  : No active profile set, falling back to 1 default profile: "default"
2026-03-16T14:07:42.688+05:30  INFO 27344 --- [main] .s.d.r.c.RepositoryConfigurationDelegate : Bootstrapping Spring Data JPA repositories in DEFAULT mode.
2026-03-16T14:07:42.837+05:30  INFO 27344 --- [main] .s.d.r.c.RepositoryConfigurationDelegate : Finished Spring Data repository scanning in 138 ms. Found 18 JPA repository interfaces.
2026-03-16T14:07:43.600+05:30  INFO 27344 --- [main] o.s.b.w.embedded.tomcat.TomcatWebServer  : Tomcat initialized with port 8080 (http)
2026-03-16T14:07:43.618+05:30  INFO 27344 --- [main] o.apache.catalina.core.StandardService   : Starting service [Tomcat]
2026-03-16T14:07:43.618+05:30  INFO 27344 --- [main] o.apache.catalina.core.StandardEngine    : Starting Servlet engine: [Apache Tomcat/10.1.19]
2026-03-16T14:07:43.702+05:30  INFO 27344 --- [main] o.a.c.c.C.[Tomcat].[localhost].[/]       : Initializing Spring embedded WebApplicationContext
2026-03-16T14:07:43.702+05:30  INFO 27344 --- [main] w.s.c.ServletWebServerApplicationContext : Root WebApplicationContext: initialization completed in 2172 ms
2026-03-16T14:07:43.954+05:30  INFO 27344 --- [main] o.hibernate.jpa.internal.util.LogHelper  : HHH000204: Processing PersistenceUnitInfo [name: default]
2026-03-16T14:07:44.047+05:30  INFO 27344 --- [main] org.hibernate.Version                    : HHH000412: Hibernate ORM core version 6.4.4.Final
2026-03-16T14:07:44.095+05:30  INFO 27344 --- [main] o.h.c.internal.RegionFactoryInitiator    : HHH000026: Second-level cache disabled
2026-03-16T14:07:44.453+05:30  INFO 27344 --- [main] o.s.o.j.p.SpringPersistenceUnitInfo      : No LoadTimeWeaver setup: ignoring JPA class transformer
2026-03-16T14:07:44.524+05:30  INFO 27344 --- [main] com.zaxxer.hikari.HikariDataSource       : SmartSchoolHikariPool - Starting...
2026-03-16T14:07:44.835+05:30  INFO 27344 --- [main] com.zaxxer.hikari.pool.HikariPool        : SmartSchoolHikariPool - Added connection com.mysql.cj.jdbc.ConnectionImpl@49e479da
2026-03-16T14:07:44.839+05:30  INFO 27344 --- [main] com.zaxxer.hikari.HikariDataSource       : SmartSchoolHikariPool - Start completed.
2026-03-16T14:07:44.927+05:30  WARN 27344 --- [main] org.hibernate.orm.deprecation            : HHH90000025: MySQL8Dialect does not need to be specified explicitly using 'hibernate.dialect' (remove the property setting and it will be selected by default)
2026-03-16T14:07:44.930+05:30  WARN 27344 --- [main] org.hibernate.orm.deprecation            : HHH90000026: MySQL8Dialect has been deprecated; use org.hibernate.dialect.MySQLDialect instead
2026-03-16T14:07:46.162+05:30  INFO 27344 --- [main] o.h.e.t.j.p.i.JtaPlatformInitiator       : HHH000489: No JTA platform available (set 'hibernate.transaction.jta.platform' to enable JTA platform integration)
2026-03-16T14:07:46.483+05:30  INFO 27344 --- [main] j.LocalContainerEntityManagerFactoryBean : Initialized JPA EntityManagerFactory for persistence unit 'default'
2026-03-16T14:07:46.883+05:30  INFO 27344 --- [main] o.s.d.j.r.query.QueryEnhancerFactory     : Hibernate is in classpath; If applicable, HQL parser will be used.
2026-03-16T14:07:48.157+05:30  WARN 27344 --- [main] JpaBaseConfiguration$JpaWebConfiguration : spring.jpa.open-in-view is enabled by default. Therefore, database queries may be performed during view rendering. Explicitly configure spring.jpa.open-in-view to disable this warning
2026-03-16T14:07:48.172+05:30  WARN 27344 --- [main] .s.s.UserDetailsServiceAutoConfiguration : 

Using generated security password: c64ff3c7-9d1d-4821-9a48-c477b749fb90

This generated password is for development use only. Your security configuration must be updated before running your application in production.

2026-03-16T14:07:48.510+05:30  INFO 27344 --- [main] o.s.s.web.DefaultSecurityFilterChain     : Will secure any request with [org.springframework.security.web.session.DisableEncodeUrlFilter@2a4a3668, org.springframework.security.web.context.request.async.WebAsyncManagerIntegrationFilter@39911d6a, org.springframework.security.web.context.SecurityContextHolderFilter@3c799d53, org.springframework.security.web.header.HeaderWriterFilter@37aa752a, org.springframework.web.filter.CorsFilter@54ad5fce, org.springframework.security.web.authentication.logout.LogoutFilter@58178c5e, org.springframework.security.web.savedrequest.RequestCacheAwareFilter@578f8288, org.springframework.security.web.servletapi.SecurityContextHolderAwareRequestFilter@16f52d68, org.springframework.security.web.authentication.AnonymousAuthenticationFilter@63b187f, org.springframework.security.web.session.SessionManagementFilter@1a6804d1, org.springframework.security.web.access.ExceptionTranslationFilter@58bbe78f, org.springframework.security.web.access.intercept.AuthorizationFilter@5fb99e3d]
2026-03-16T14:07:48.751+05:30  INFO 27344 --- [main] o.s.b.w.embedded.tomcat.TomcatWebServer  : Tomcat started on port 8080 (http) with context path ''
2026-03-16T14:07:48.758+05:30  INFO 27344 --- [main] c.smartschool.api.SmsBackendApplication  : Started SmsBackendApplication in 7.921 seconds (process running for 8.44)
2026-03-16T14:08:45.689+05:30  INFO 27344 --- [http-nio-8080-exec-1] o.a.c.c.C.[Tomcat].[localhost].[/]       : Initializing Spring DispatcherServlet 'dispatcherServlet'
2026-03-16T14:08:45.691+05:30  INFO 27344 --- [http-nio-8080-exec-1] o.s.web.servlet.DispatcherServlet        : Initializing Servlet 'dispatcherServlet'
2026-03-16T14:08:45.707+05:30  INFO 27344 --- [http-nio-8080-exec-1] o.s.web.servlet.DispatcherServlet        : Completed initialization in 16 ms
2026-03-16T14:08:45.995+05:30  INFO 27344 --- [http-nio-8080-exec-2] c.s.api.controller.AuthController        : Login attempt for username: nikunjpatidar6611@gmail.com
2026-03-16T14:08:46.249+05:30  INFO 27344 --- [http-nio-8080-exec-2] c.s.api.serviceImpl.AuthServiceImpl      : Principal logged in for school: mvm with Year: 2028-29
2026-03-16T14:08:46.249+05:30  INFO 27344 --- [http-nio-8080-exec-2] c.s.api.controller.AuthController        : Login successful for username: nikunjpatidar6611@gmail.com, role: ROLE_ADMIN
2026-03-16T14:08:47.085+05:30  INFO 27344 --- [http-nio-8080-exec-5] c.s.api.controller.StudentController     : Fetching all students for School ID:1 and Year ID:5
2026-03-16T14:08:50.335+05:30  INFO 27344 --- [http-nio-8080-exec-2] c.s.api.controller.StudentController     : Fetching all students for School ID:1 and Year ID:5
2026-03-16T14:08:50.390+05:30  INFO 27344 --- [http-nio-8080-exec-4] c.s.api.controller.StudentController     : Fetching all students for School ID:1 and Year ID:5
2026-03-16T14:08:59.003+05:30  INFO 27344 --- [http-nio-8080-exec-8] o.apache.coyote.http11.Http11Processor   : Error parsing HTTP request header
 Note: further occurrences of HTTP request parsing errors will be logged at DEBUG level.

java.lang.IllegalArgumentException: Invalid character found in the request target [/api/admin/students/update/roll/STU-2026-002/2/3?academicYearId=[object%20Object] ]. The valid characters are defined in RFC 7230 and RFC 3986
	at org.apache.coyote.http11.Http11InputBuffer.parseRequestLine(Http11InputBuffer.java:482) ~[tomcat-embed-core-10.1.19.jar:10.1.19]
	at org.apache.coyote.http11.Http11Processor.service(Http11Processor.java:264) ~[tomcat-embed-core-10.1.19.jar:10.1.19]
	at org.apache.coyote.AbstractProcessorLight.process(AbstractProcessorLight.java:63) ~[tomcat-embed-core-10.1.19.jar:10.1.19]
	at org.apache.coyote.AbstractProtocol$ConnectionHandler.process(AbstractProtocol.java:896) ~[tomcat-embed-core-10.1.19.jar:10.1.19]
	at org.apache.tomcat.util.net.NioEndpoint$SocketProcessor.doRun(NioEndpoint.java:1744) ~[tomcat-embed-core-10.1.19.jar:10.1.19]
	at org.apache.tomcat.util.net.SocketProcessorBase.run(SocketProcessorBase.java:52) ~[tomcat-embed-core-10.1.19.jar:10.1.19]
	at org.apache.tomcat.util.threads.ThreadPoolExecutor.runWorker(ThreadPoolExecutor.java:1191) ~[tomcat-embed-core-10.1.19.jar:10.1.19]
	at org.apache.tomcat.util.threads.ThreadPoolExecutor$Worker.run(ThreadPoolExecutor.java:659) ~[tomcat-embed-core-10.1.19.jar:10.1.19]
	at org.apache.tomcat.util.threads.TaskThread$WrappingRunnable.run(TaskThread.java:63) ~[tomcat-embed-core-10.1.19.jar:10.1.19]
	at java.base/java.lang.Thread.run(Thread.java:1583) ~[na:na]

2026-03-16T14:08:59.082+05:30  INFO 27344 --- [http-nio-8080-exec-9] c.s.api.controller.StudentController     : Fetching all students for School ID:1 and Year ID:5
2026-03-16T14:09:03.531+05:30  INFO 27344 --- [http-nio-8080-exec-10] c.s.api.controller.StudentController     : Fetching all students for School ID:1 and Year ID:5
2026-03-16T14:09:44.270+05:30  INFO 27344 --- [http-nio-8080-exec-2] c.s.api.controller.StudentController     : Fetching all students for School ID:1 and Year ID:5
2026-03-16T14:09:47.718+05:30  INFO 27344 --- [http-nio-8080-exec-9] c.s.api.controller.StudentController     : Fetching all students for School ID:1 and Year ID:5
2026-03-16T14:09:50.455+05:30  INFO 27344 --- [http-nio-8080-exec-2] c.s.api.controller.StudentController     : Fetching all students for School ID:1 and Year ID:5
2026-03-16T14:09:52.179+05:30  INFO 27344 --- [http-nio-8080-exec-1] c.s.api.controller.StudentController     : Fetching all students for School ID:1 and Year ID:5
2026-03-16T14:09:52.209+05:30  INFO 27344 --- [http-nio-8080-exec-5] c.s.api.controller.StudentController     : Fetching all students for School ID:1 and Year ID:5
2026-03-16T14:10:00.576+05:30  INFO 27344 --- [http-nio-8080-exec-3] o.apache.coyote.http11.Http11Processor   : Error parsing HTTP request header
 Note: further occurrences of HTTP request parsing errors will be logged at DEBUG level.

java.lang.IllegalArgumentException: Invalid character found in the request target [/api/admin/students/update/roll/STU-2026-002/2/3?academicYearId=[object%20Object] ]. The valid characters are defined in RFC 7230 and RFC 3986
	at org.apache.coyote.http11.Http11InputBuffer.parseRequestLine(Http11InputBuffer.java:482) ~[tomcat-embed-core-10.1.19.jar:10.1.19]
	at org.apache.coyote.http11.Http11Processor.service(Http11Processor.java:264) ~[tomcat-embed-core-10.1.19.jar:10.1.19]
	at org.apache.coyote.AbstractProcessorLight.process(AbstractProcessorLight.java:63) ~[tomcat-embed-core-10.1.19.jar:10.1.19]
	at org.apache.coyote.AbstractProtocol$ConnectionHandler.process(AbstractProtocol.java:896) ~[tomcat-embed-core-10.1.19.jar:10.1.19]
	at org.apache.tomcat.util.net.NioEndpoint$SocketProcessor.doRun(NioEndpoint.java:1744) ~[tomcat-embed-core-10.1.19.jar:10.1.19]
	at org.apache.tomcat.util.net.SocketProcessorBase.run(SocketProcessorBase.java:52) ~[tomcat-embed-core-10.1.19.jar:10.1.19]
	at org.apache.tomcat.util.threads.ThreadPoolExecutor.runWorker(ThreadPoolExecutor.java:1191) ~[tomcat-embed-core-10.1.19.jar:10.1.19]
	at org.apache.tomcat.util.threads.ThreadPoolExecutor$Worker.run(ThreadPoolExecutor.java:659) ~[tomcat-embed-core-10.1.19.jar:10.1.19]
	at org.apache.tomcat.util.threads.TaskThread$WrappingRunnable.run(TaskThread.java:63) ~[tomcat-embed-core-10.1.19.jar:10.1.19]
	at java.base/java.lang.Thread.run(Thread.java:1583) ~[na:na]

2026-03-16T14:10:00.627+05:30  INFO 27344 --- [http-nio-8080-exec-2] c.s.api.controller.StudentController     : Fetching all students for School ID:1 and Year ID:5
2026-03-16T14:10:04.518+05:30  INFO 27344 --- [http-nio-8080-exec-10] c.s.api.controller.StudentController     : Fetching all students for School ID:1 and Year ID:5
2026-03-16T14:10:36.121+05:30  INFO 27344 --- [http-nio-8080-exec-9] c.s.api.controller.StudentController     : Fetching all students for School ID:1 and Year ID:5
2026-03-16T14:10:39.767+05:30  INFO 27344 --- [http-nio-8080-exec-8] c.s.api.controller.StudentController     : Fetching all students for School ID:1 and Year ID:5
2026-03-16T14:10:56.312+05:30  INFO 27344 --- [http-nio-8080-exec-1] c.s.api.controller.StudentController     : Fetching all students for School ID:1 and Year ID:5
2026-03-16T14:10:57.927+05:30  INFO 27344 --- [http-nio-8080-exec-10] c.s.api.controller.StudentController     : Fetching all students for School ID:1 and Year ID:5
2026-03-16T14:10:57.980+05:30  INFO 27344 --- [http-nio-8080-exec-7] c.s.api.controller.StudentController     : Fetching all students for School ID:1 and Year ID:5
2026-03-16T14:11:08.850+05:30  INFO 27344 --- [http-nio-8080-exec-5] c.s.api.controller.StudentController     : Fetching all students for School ID:1 and Year ID:5
2026-03-16T14:11:12.434+05:30  INFO 27344 --- [http-nio-8080-exec-3] c.s.api.controller.StudentController     : Fetching all students for School ID:1 and Year ID:5
2026-03-16T14:12:18.480+05:30  INFO 27344 --- [http-nio-8080-exec-6] c.s.api.controller.StudentController     : Fetching all students for School ID:1 and Year ID:5
2026-03-16T14:12:36.584+05:30  INFO 27344 --- [http-nio-8080-exec-2] c.s.api.controller.AuthController        : Login attempt for username: nikunjpatidar8888@gmail.com
2026-03-16T14:12:36.722+05:30  INFO 27344 --- [http-nio-8080-exec-2] c.s.api.serviceImpl.AuthServiceImpl      : Super Admin logged in.
2026-03-16T14:12:36.722+05:30  INFO 27344 --- [http-nio-8080-exec-2] c.s.api.controller.AuthController        : Login successful for username: nikunjpatidar8888@gmail.com, role: ROLE_SUPER_ADMIN
2026-03-16T14:13:10.745+05:30  INFO 27344 --- [http-nio-8080-exec-2] c.s.api.controller.AuthController        : Login attempt for username: nikunjpatidar6611@gmail.com
2026-03-16T14:13:10.866+05:30  INFO 27344 --- [http-nio-8080-exec-2] c.s.api.serviceImpl.AuthServiceImpl      : Principal logged in for school: mvm with Year: 2028-29
2026-03-16T14:13:10.866+05:30  INFO 27344 --- [http-nio-8080-exec-2] c.s.api.controller.AuthController        : Login successful for username: nikunjpatidar6611@gmail.com, role: ROLE_ADMIN
2026-03-16T14:13:10.953+05:30  INFO 27344 --- [http-nio-8080-exec-1] c.s.api.controller.StudentController     : Fetching all students for School ID:1 and Year ID:5
2026-03-16T14:13:12.756+05:30  INFO 27344 --- [http-nio-8080-exec-3] c.s.api.controller.StudentController     : Fetching all students for School ID:1 and Year ID:5
2026-03-16T14:13:12.788+05:30  INFO 27344 --- [http-nio-8080-exec-7] c.s.api.controller.StudentController     : Fetching all students for School ID:1 and Year ID:5
2026-03-16T14:13:24.470+05:30  INFO 27344 --- [http-nio-8080-exec-10] o.apache.coyote.http11.Http11Processor   : Error parsing HTTP request header
 Note: further occurrences of HTTP request parsing errors will be logged at DEBUG level.

java.lang.IllegalArgumentException: Invalid character found in the request target [/api/admin/students/update/roll/STU-2026-002/2/3?academicYearId=[object%20Object] ]. The valid characters are defined in RFC 7230 and RFC 3986
	at org.apache.coyote.http11.Http11InputBuffer.parseRequestLine(Http11InputBuffer.java:482) ~[tomcat-embed-core-10.1.19.jar:10.1.19]
	at org.apache.coyote.http11.Http11Processor.service(Http11Processor.java:264) ~[tomcat-embed-core-10.1.19.jar:10.1.19]
	at org.apache.coyote.AbstractProcessorLight.process(AbstractProcessorLight.java:63) ~[tomcat-embed-core-10.1.19.jar:10.1.19]
	at org.apache.coyote.AbstractProtocol$ConnectionHandler.process(AbstractProtocol.java:896) ~[tomcat-embed-core-10.1.19.jar:10.1.19]
	at org.apache.tomcat.util.net.NioEndpoint$SocketProcessor.doRun(NioEndpoint.java:1744) ~[tomcat-embed-core-10.1.19.jar:10.1.19]
	at org.apache.tomcat.util.net.SocketProcessorBase.run(SocketProcessorBase.java:52) ~[tomcat-embed-core-10.1.19.jar:10.1.19]
	at org.apache.tomcat.util.threads.ThreadPoolExecutor.runWorker(ThreadPoolExecutor.java:1191) ~[tomcat-embed-core-10.1.19.jar:10.1.19]
	at org.apache.tomcat.util.threads.ThreadPoolExecutor$Worker.run(ThreadPoolExecutor.java:659) ~[tomcat-embed-core-10.1.19.jar:10.1.19]
	at org.apache.tomcat.util.threads.TaskThread$WrappingRunnable.run(TaskThread.java:63) ~[tomcat-embed-core-10.1.19.jar:10.1.19]
	at java.base/java.lang.Thread.run(Thread.java:1583) ~[na:na]

2026-03-16T14:13:24.605+05:30  INFO 27344 --- [http-nio-8080-exec-1] c.s.api.controller.StudentController     : Fetching all students for School ID:1 and Year ID:5
2026-03-16T14:13:28.121+05:30  INFO 27344 --- [http-nio-8080-exec-9] c.s.api.controller.StudentController     : Fetching all students for School ID:1 and Year ID:5
2026-03-16T14:16:26.591+05:30  INFO 27344 --- [SpringApplicationShutdownHook] j.LocalContainerEntityManagerFactoryBean : Closing JPA EntityManagerFactory for persistence unit 'default'
2026-03-16T14:16:26.697+05:30  INFO 27344 --- [SpringApplicationShutdownHook] com.zaxxer.hikari.HikariDataSource       : SmartSchoolHikariPool - Shutdown initiated...
2026-03-16T14:16:26.953+05:30  INFO 27344 --- [SpringApplicationShutdownHook] com.zaxxer.hikari.HikariDataSource       : SmartSchoolHikariPool - Shutdown completed.
2026-03-16T14:16:34.845+05:30  INFO 16920 --- [main] c.smartschool.api.SmsBackendApplication  : Starting SmsBackendApplication using Java 21.0.9 with PID 16920 (C:\smart-school-pro\sms-backend\sms-backend\target\classes started by nikun in C:\smart-school-pro\sms-backend)
2026-03-16T14:16:34.848+05:30  INFO 16920 --- [main] c.smartschool.api.SmsBackendApplication  : No active profile set, falling back to 1 default profile: "default"
2026-03-16T14:16:35.878+05:30  INFO 16920 --- [main] .s.d.r.c.RepositoryConfigurationDelegate : Bootstrapping Spring Data JPA repositories in DEFAULT mode.
2026-03-16T14:16:36.036+05:30  INFO 16920 --- [main] .s.d.r.c.RepositoryConfigurationDelegate : Finished Spring Data repository scanning in 145 ms. Found 18 JPA repository interfaces.
2026-03-16T14:16:37.052+05:30  INFO 16920 --- [main] o.s.b.w.embedded.tomcat.TomcatWebServer  : Tomcat initialized with port 8080 (http)
2026-03-16T14:16:37.071+05:30  INFO 16920 --- [main] o.apache.catalina.core.StandardService   : Starting service [Tomcat]
2026-03-16T14:16:37.071+05:30  INFO 16920 --- [main] o.apache.catalina.core.StandardEngine    : Starting Servlet engine: [Apache Tomcat/10.1.19]
2026-03-16T14:16:37.166+05:30  INFO 16920 --- [main] o.a.c.c.C.[Tomcat].[localhost].[/]       : Initializing Spring embedded WebApplicationContext
2026-03-16T14:16:37.167+05:30  INFO 16920 --- [main] w.s.c.ServletWebServerApplicationContext : Root WebApplicationContext: initialization completed in 2259 ms
2026-03-16T14:16:37.393+05:30  INFO 16920 --- [main] o.hibernate.jpa.internal.util.LogHelper  : HHH000204: Processing PersistenceUnitInfo [name: default]
2026-03-16T14:16:37.484+05:30  INFO 16920 --- [main] org.hibernate.Version                    : HHH000412: Hibernate ORM core version 6.4.4.Final
2026-03-16T14:16:37.532+05:30  INFO 16920 --- [main] o.h.c.internal.RegionFactoryInitiator    : HHH000026: Second-level cache disabled
2026-03-16T14:16:37.847+05:30  INFO 16920 --- [main] o.s.o.j.p.SpringPersistenceUnitInfo      : No LoadTimeWeaver setup: ignoring JPA class transformer
2026-03-16T14:16:37.880+05:30  INFO 16920 --- [main] com.zaxxer.hikari.HikariDataSource       : SmartSchoolHikariPool - Starting...
2026-03-16T14:16:38.120+05:30  INFO 16920 --- [main] com.zaxxer.hikari.pool.HikariPool        : SmartSchoolHikariPool - Added connection com.mysql.cj.jdbc.ConnectionImpl@2499b971
2026-03-16T14:16:38.123+05:30  INFO 16920 --- [main] com.zaxxer.hikari.HikariDataSource       : SmartSchoolHikariPool - Start completed.
2026-03-16T14:16:38.210+05:30  WARN 16920 --- [main] org.hibernate.orm.deprecation            : HHH90000025: MySQL8Dialect does not need to be specified explicitly using 'hibernate.dialect' (remove the property setting and it will be selected by default)
2026-03-16T14:16:38.210+05:30  WARN 16920 --- [main] org.hibernate.orm.deprecation            : HHH90000026: MySQL8Dialect has been deprecated; use org.hibernate.dialect.MySQLDialect instead
2026-03-16T14:16:39.599+05:30  INFO 16920 --- [main] o.h.e.t.j.p.i.JtaPlatformInitiator       : HHH000489: No JTA platform available (set 'hibernate.transaction.jta.platform' to enable JTA platform integration)
2026-03-16T14:16:39.938+05:30  INFO 16920 --- [main] j.LocalContainerEntityManagerFactoryBean : Initialized JPA EntityManagerFactory for persistence unit 'default'
2026-03-16T14:16:40.376+05:30  INFO 16920 --- [main] o.s.d.j.r.query.QueryEnhancerFactory     : Hibernate is in classpath; If applicable, HQL parser will be used.
2026-03-16T14:16:41.791+05:30  WARN 16920 --- [main] JpaBaseConfiguration$JpaWebConfiguration : spring.jpa.open-in-view is enabled by default. Therefore, database queries may be performed during view rendering. Explicitly configure spring.jpa.open-in-view to disable this warning
2026-03-16T14:16:41.813+05:30  WARN 16920 --- [main] .s.s.UserDetailsServiceAutoConfiguration : 

Using generated security password: 0f202346-0b7d-4978-afaf-88847b63a5ea

This generated password is for development use only. Your security configuration must be updated before running your application in production.

2026-03-16T14:16:42.196+05:30  INFO 16920 --- [main] o.s.s.web.DefaultSecurityFilterChain     : Will secure any request with [org.springframework.security.web.session.DisableEncodeUrlFilter@3fd9c5db, org.springframework.security.web.context.request.async.WebAsyncManagerIntegrationFilter@a256322, org.springframework.security.web.context.SecurityContextHolderFilter@5db05003, org.springframework.security.web.header.HeaderWriterFilter@3e024667, org.springframework.web.filter.CorsFilter@6860341b, org.springframework.security.web.authentication.logout.LogoutFilter@61e8fbfc, org.springframework.security.web.savedrequest.RequestCacheAwareFilter@57e9dd1f, org.springframework.security.web.servletapi.SecurityContextHolderAwareRequestFilter@6e1134e1, org.springframework.security.web.authentication.AnonymousAuthenticationFilter@668b1faf, org.springframework.security.web.session.SessionManagementFilter@74037f9b, org.springframework.security.web.access.ExceptionTranslationFilter@50db0b17, org.springframework.security.web.access.intercept.AuthorizationFilter@440e28fa]
2026-03-16T14:16:42.439+05:30  INFO 16920 --- [main] o.s.b.w.embedded.tomcat.TomcatWebServer  : Tomcat started on port 8080 (http) with context path ''
2026-03-16T14:16:42.443+05:30  INFO 16920 --- [main] c.smartschool.api.SmsBackendApplication  : Started SmsBackendApplication in 8.469 seconds (process running for 9.478)
2026-03-16T14:18:37.659+05:30  INFO 16920 --- [http-nio-8080-exec-3] o.a.c.c.C.[Tomcat].[localhost].[/]       : Initializing Spring DispatcherServlet 'dispatcherServlet'
2026-03-16T14:18:37.671+05:30  INFO 16920 --- [http-nio-8080-exec-3] o.s.web.servlet.DispatcherServlet        : Initializing Servlet 'dispatcherServlet'
2026-03-16T14:18:37.714+05:30  INFO 16920 --- [http-nio-8080-exec-3] o.s.web.servlet.DispatcherServlet        : Completed initialization in 43 ms
2026-03-16T14:18:37.946+05:30  INFO 16920 --- [http-nio-8080-exec-8] c.s.api.controller.StudentController     : Fetching all students for School ID:1 and Year ID:5
2026-03-16T14:18:40.477+05:30  INFO 16920 --- [http-nio-8080-exec-5] c.s.api.controller.StudentController     : Fetching all students for School ID:1 and Year ID:5
2026-03-16T14:18:40.508+05:30  INFO 16920 --- [http-nio-8080-exec-7] c.s.api.controller.StudentController     : Fetching all students for School ID:1 and Year ID:5
2026-03-16T14:18:57.161+05:30  INFO 16920 --- [http-nio-8080-exec-3] c.s.api.controller.StudentController     : Promoting Student Roll: STU-2026-002 to Class: 5 Section: 2
2026-03-16T14:18:57.214+05:30 ERROR 16920 --- [http-nio-8080-exec-3] c.s.api.controller.StudentController     : Error promoting student: Class not found with ID: 5
2026-03-16T14:20:25.748+05:30  INFO 16920 --- [http-nio-8080-exec-4] c.s.api.controller.StudentController     : Promoting Student Roll: STU-2026-002 to Class: 2 Section: 3
2026-03-16T14:20:54.583+05:30  INFO 16920 --- [http-nio-8080-exec-7] c.s.api.controller.StudentController     : Fetching all students for School ID:1 and Year ID:5
2026-03-16T14:20:55.387+05:30  INFO 16920 --- [http-nio-8080-exec-9] c.s.api.controller.StudentController     : Fetching all students for School ID:1 and Year ID:5
2026-03-16T14:20:55.405+05:30  INFO 16920 --- [http-nio-8080-exec-1] c.s.api.controller.StudentController     : Fetching all students for School ID:1 and Year ID:5
2026-03-16T14:21:31.838+05:30 ERROR 16920 --- [http-nio-8080-exec-5] c.s.a.exception.GlobalExceptionHandler   : Unexpected error: Fee Structure not defined for this class

java.lang.RuntimeException: Fee Structure not defined for this class
	at com.smartschool.api.controller.FeeController.lambda$getStudentFeeDetails$2(FeeController.java:80) ~[classes/:na]
	at java.base/java.util.Optional.orElseThrow(Optional.java:403) ~[na:na]
	at com.smartschool.api.controller.FeeController.lambda$getStudentFeeDetails$3(FeeController.java:80) ~[classes/:na]
	at java.base/java.util.Optional.orElseGet(Optional.java:364) ~[na:na]
	at com.smartschool.api.controller.FeeController.getStudentFeeDetails(FeeController.java:77) ~[classes/:na]
	at java.base/jdk.internal.reflect.DirectMethodHandleAccessor.invoke(DirectMethodHandleAccessor.java:103) ~[na:na]
	at java.base/java.lang.reflect.Method.invoke(Method.java:580) ~[na:na]
	at org.springframework.aop.support.AopUtils.invokeJoinpointUsingReflection(AopUtils.java:351) ~[spring-aop-6.1.4.jar:6.1.4]
	at org.springframework.aop.framework.CglibAopProxy$DynamicAdvisedInterceptor.intercept(CglibAopProxy.java:713) ~[spring-aop-6.1.4.jar:6.1.4]
	at com.smartschool.api.controller.FeeController$$SpringCGLIB$$0.getStudentFeeDetails(<generated>) ~[classes/:na]
	at java.base/jdk.internal.reflect.DirectMethodHandleAccessor.invoke(DirectMethodHandleAccessor.java:103) ~[na:na]
	at java.base/java.lang.reflect.Method.invoke(Method.java:580) ~[na:na]
	at org.springframework.web.method.support.InvocableHandlerMethod.doInvoke(InvocableHandlerMethod.java:259) ~[spring-web-6.1.4.jar:6.1.4]
	at org.springframework.web.method.support.InvocableHandlerMethod.invokeForRequest(InvocableHandlerMethod.java:192) ~[spring-web-6.1.4.jar:6.1.4]
	at org.springframework.web.servlet.mvc.method.annotation.ServletInvocableHandlerMethod.invokeAndHandle(ServletInvocableHandlerMethod.java:118) ~[spring-webmvc-6.1.4.jar:6.1.4]
	at org.springframework.web.servlet.mvc.method.annotation.RequestMappingHandlerAdapter.invokeHandlerMethod(RequestMappingHandlerAdapter.java:920) ~[spring-webmvc-6.1.4.jar:6.1.4]
	at org.springframework.web.servlet.mvc.method.annotation.RequestMappingHandlerAdapter.handleInternal(RequestMappingHandlerAdapter.java:830) ~[spring-webmvc-6.1.4.jar:6.1.4]
	at org.springframework.web.servlet.mvc.method.AbstractHandlerMethodAdapter.handle(AbstractHandlerMethodAdapter.java:87) ~[spring-webmvc-6.1.4.jar:6.1.4]
	at org.springframework.web.servlet.DispatcherServlet.doDispatch(DispatcherServlet.java:1089) ~[spring-webmvc-6.1.4.jar:6.1.4]
	at org.springframework.web.servlet.DispatcherServlet.doService(DispatcherServlet.java:979) ~[spring-webmvc-6.1.4.jar:6.1.4]
	at org.springframework.web.servlet.FrameworkServlet.processRequest(FrameworkServlet.java:1014) ~[spring-webmvc-6.1.4.jar:6.1.4]
	at org.springframework.web.servlet.FrameworkServlet.doGet(FrameworkServlet.java:903) ~[spring-webmvc-6.1.4.jar:6.1.4]
	at jakarta.servlet.http.HttpServlet.service(HttpServlet.java:564) ~[tomcat-embed-core-10.1.19.jar:6.0]
	at org.springframework.web.servlet.FrameworkServlet.service(FrameworkServlet.java:885) ~[spring-webmvc-6.1.4.jar:6.1.4]
	at jakarta.servlet.http.HttpServlet.service(HttpServlet.java:658) ~[tomcat-embed-core-10.1.19.jar:6.0]
	at org.apache.catalina.core.ApplicationFilterChain.internalDoFilter(ApplicationFilterChain.java:205) ~[tomcat-embed-core-10.1.19.jar:10.1.19]
	at org.apache.catalina.core.ApplicationFilterChain.doFilter(ApplicationFilterChain.java:149) ~[tomcat-embed-core-10.1.19.jar:10.1.19]
	at org.apache.tomcat.websocket.server.WsFilter.doFilter(WsFilter.java:51) ~[tomcat-embed-websocket-10.1.19.jar:10.1.19]
	at org.apache.catalina.core.ApplicationFilterChain.internalDoFilter(ApplicationFilterChain.java:174) ~[tomcat-embed-core-10.1.19.jar:10.1.19]
	at org.apache.catalina.core.ApplicationFilterChain.doFilter(ApplicationFilterChain.java:149) ~[tomcat-embed-core-10.1.19.jar:10.1.19]
	at org.springframework.web.filter.CompositeFilter$VirtualFilterChain.doFilter(CompositeFilter.java:108) ~[spring-web-6.1.4.jar:6.1.4]
	at org.springframework.security.web.FilterChainProxy.lambda$doFilterInternal$3(FilterChainProxy.java:231) ~[spring-security-web-6.2.2.jar:6.2.2]
	at org.springframework.security.web.FilterChainProxy$VirtualFilterChain.doFilter(FilterChainProxy.java:365) ~[spring-security-web-6.2.2.jar:6.2.2]
	at org.springframework.security.web.access.intercept.AuthorizationFilter.doFilter(AuthorizationFilter.java:100) ~[spring-security-web-6.2.2.jar:6.2.2]
	at org.springframework.security.web.FilterChainProxy$VirtualFilterChain.doFilter(FilterChainProxy.java:374) ~[spring-security-web-6.2.2.jar:6.2.2]
	at org.springframework.security.web.access.ExceptionTranslationFilter.doFilter(ExceptionTranslationFilter.java:126) ~[spring-security-web-6.2.2.jar:6.2.2]
	at org.springframework.security.web.access.ExceptionTranslationFilter.doFilter(ExceptionTranslationFilter.java:120) ~[spring-security-web-6.2.2.jar:6.2.2]
	at org.springframework.security.web.FilterChainProxy$VirtualFilterChain.doFilter(FilterChainProxy.java:374) ~[spring-security-web-6.2.2.jar:6.2.2]
	at org.springframework.security.web.session.SessionManagementFilter.doFilter(SessionManagementFilter.java:131) ~[spring-security-web-6.2.2.jar:6.2.2]
	at org.springframework.security.web.session.SessionManagementFilter.doFilter(SessionManagementFilter.java:85) ~[spring-security-web-6.2.2.jar:6.2.2]
	at org.springframework.security.web.FilterChainProxy$VirtualFilterChain.doFilter(FilterChainProxy.java:374) ~[spring-security-web-6.2.2.jar:6.2.2]
	at org.springframework.security.web.authentication.AnonymousAuthenticationFilter.doFilter(AnonymousAuthenticationFilter.java:100) ~[spring-security-web-6.2.2.jar:6.2.2]
	at org.springframework.security.web.FilterChainProxy$VirtualFilterChain.doFilter(FilterChainProxy.java:374) ~[spring-security-web-6.2.2.jar:6.2.2]
	at org.springframework.security.web.servletapi.SecurityContextHolderAwareRequestFilter.doFilter(SecurityContextHolderAwareRequestFilter.java:179) ~[spring-security-web-6.2.2.jar:6.2.2]
	at org.springframework.security.web.FilterChainProxy$VirtualFilterChain.doFilter(FilterChainProxy.java:374) ~[spring-security-web-6.2.2.jar:6.2.2]
	at org.springframework.security.web.savedrequest.RequestCacheAwareFilter.doFilter(RequestCacheAwareFilter.java:63) ~[spring-security-web-6.2.2.jar:6.2.2]
	at org.springframework.security.web.FilterChainProxy$VirtualFilterChain.doFilter(FilterChainProxy.java:374) ~[spring-security-web-6.2.2.jar:6.2.2]
	at org.springframework.security.web.authentication.logout.LogoutFilter.doFilter(LogoutFilter.java:107) ~[spring-security-web-6.2.2.jar:6.2.2]
	at org.springframework.security.web.authentication.logout.LogoutFilter.doFilter(LogoutFilter.java:93) ~[spring-security-web-6.2.2.jar:6.2.2]
	at org.springframework.security.web.FilterChainProxy$VirtualFilterChain.doFilter(FilterChainProxy.java:374) ~[spring-security-web-6.2.2.jar:6.2.2]
	at org.springframework.web.filter.CorsFilter.doFilterInternal(CorsFilter.java:91) ~[spring-web-6.1.4.jar:6.1.4]
	at org.springframework.web.filter.OncePerRequestFilter.doFilter(OncePerRequestFilter.java:116) ~[spring-web-6.1.4.jar:6.1.4]
	at org.springframework.security.web.FilterChainProxy$VirtualFilterChain.doFilter(FilterChainProxy.java:374) ~[spring-security-web-6.2.2.jar:6.2.2]
	at org.springframework.security.web.header.HeaderWriterFilter.doHeadersAfter(HeaderWriterFilter.java:90) ~[spring-security-web-6.2.2.jar:6.2.2]
	at org.springframework.security.web.header.HeaderWriterFilter.doFilterInternal(HeaderWriterFilter.java:75) ~[spring-security-web-6.2.2.jar:6.2.2]
	at org.springframework.web.filter.OncePerRequestFilter.doFilter(OncePerRequestFilter.java:116) ~[spring-web-6.1.4.jar:6.1.4]
	at org.springframework.security.web.FilterChainProxy$VirtualFilterChain.doFilter(FilterChainProxy.java:374) ~[spring-security-web-6.2.2.jar:6.2.2]
	at org.springframework.security.web.context.SecurityContextHolderFilter.doFilter(SecurityContextHolderFilter.java:82) ~[spring-security-web-6.2.2.jar:6.2.2]
	at org.springframework.security.web.context.SecurityContextHolderFilter.doFilter(SecurityContextHolderFilter.java:69) ~[spring-security-web-6.2.2.jar:6.2.2]
	at org.springframework.security.web.FilterChainProxy$VirtualFilterChain.doFilter(FilterChainProxy.java:374) ~[spring-security-web-6.2.2.jar:6.2.2]
	at org.springframework.security.web.context.request.async.WebAsyncManagerIntegrationFilter.doFilterInternal(WebAsyncManagerIntegrationFilter.java:62) ~[spring-security-web-6.2.2.jar:6.2.2]
	at org.springframework.web.filter.OncePerRequestFilter.doFilter(OncePerRequestFilter.java:116) ~[spring-web-6.1.4.jar:6.1.4]
	at org.springframework.security.web.FilterChainProxy$VirtualFilterChain.doFilter(FilterChainProxy.java:374) ~[spring-security-web-6.2.2.jar:6.2.2]
	at org.springframework.security.web.session.DisableEncodeUrlFilter.doFilterInternal(DisableEncodeUrlFilter.java:42) ~[spring-security-web-6.2.2.jar:6.2.2]
	at org.springframework.web.filter.OncePerRequestFilter.doFilter(OncePerRequestFilter.java:116) ~[spring-web-6.1.4.jar:6.1.4]
	at org.springframework.security.web.FilterChainProxy$VirtualFilterChain.doFilter(FilterChainProxy.java:374) ~[spring-security-web-6.2.2.jar:6.2.2]
	at org.springframework.security.web.FilterChainProxy.doFilterInternal(FilterChainProxy.java:233) ~[spring-security-web-6.2.2.jar:6.2.2]
	at org.springframework.security.web.FilterChainProxy.doFilter(FilterChainProxy.java:191) ~[spring-security-web-6.2.2.jar:6.2.2]
	at org.springframework.web.filter.CompositeFilter$VirtualFilterChain.doFilter(CompositeFilter.java:113) ~[spring-web-6.1.4.jar:6.1.4]
	at org.springframework.web.servlet.handler.HandlerMappingIntrospector.lambda$createCacheFilter$3(HandlerMappingIntrospector.java:195) ~[spring-webmvc-6.1.4.jar:6.1.4]
	at org.springframework.web.filter.CompositeFilter$VirtualFilterChain.doFilter(CompositeFilter.java:113) ~[spring-web-6.1.4.jar:6.1.4]
	at org.springframework.web.filter.CompositeFilter.doFilter(CompositeFilter.java:74) ~[spring-web-6.1.4.jar:6.1.4]
	at org.springframework.security.config.annotation.web.configuration.WebMvcSecurityConfiguration$CompositeFilterChainProxy.doFilter(WebMvcSecurityConfiguration.java:230) ~[spring-security-config-6.2.2.jar:6.2.2]
	at org.springframework.web.filter.DelegatingFilterProxy.invokeDelegate(DelegatingFilterProxy.java:352) ~[spring-web-6.1.4.jar:6.1.4]
	at org.springframework.web.filter.DelegatingFilterProxy.doFilter(DelegatingFilterProxy.java:268) ~[spring-web-6.1.4.jar:6.1.4]
	at org.apache.catalina.core.ApplicationFilterChain.internalDoFilter(ApplicationFilterChain.java:174) ~[tomcat-embed-core-10.1.19.jar:10.1.19]
	at org.apache.catalina.core.ApplicationFilterChain.doFilter(ApplicationFilterChain.java:149) ~[tomcat-embed-core-10.1.19.jar:10.1.19]
	at org.springframework.web.filter.RequestContextFilter.doFilterInternal(RequestContextFilter.java:100) ~[spring-web-6.1.4.jar:6.1.4]
	at org.springframework.web.filter.OncePerRequestFilter.doFilter(OncePerRequestFilter.java:116) ~[spring-web-6.1.4.jar:6.1.4]
	at org.apache.catalina.core.ApplicationFilterChain.internalDoFilter(ApplicationFilterChain.java:174) ~[tomcat-embed-core-10.1.19.jar:10.1.19]
	at org.apache.catalina.core.ApplicationFilterChain.doFilter(ApplicationFilterChain.java:149) ~[tomcat-embed-core-10.1.19.jar:10.1.19]
	at org.springframework.web.filter.FormContentFilter.doFilterInternal(FormContentFilter.java:93) ~[spring-web-6.1.4.jar:6.1.4]
	at org.springframework.web.filter.OncePerRequestFilter.doFilter(OncePerRequestFilter.java:116) ~[spring-web-6.1.4.jar:6.1.4]
	at org.apache.catalina.core.ApplicationFilterChain.internalDoFilter(ApplicationFilterChain.java:174) ~[tomcat-embed-core-10.1.19.jar:10.1.19]
	at org.apache.catalina.core.ApplicationFilterChain.doFilter(ApplicationFilterChain.java:149) ~[tomcat-embed-core-10.1.19.jar:10.1.19]
	at org.springframework.web.filter.CharacterEncodingFilter.doFilterInternal(CharacterEncodingFilter.java:201) ~[spring-web-6.1.4.jar:6.1.4]
	at org.springframework.web.filter.OncePerRequestFilter.doFilter(OncePerRequestFilter.java:116) ~[spring-web-6.1.4.jar:6.1.4]
	at org.apache.catalina.core.ApplicationFilterChain.internalDoFilter(ApplicationFilterChain.java:174) ~[tomcat-embed-core-10.1.19.jar:10.1.19]
	at org.apache.catalina.core.ApplicationFilterChain.doFilter(ApplicationFilterChain.java:149) ~[tomcat-embed-core-10.1.19.jar:10.1.19]
	at org.apache.catalina.core.StandardWrapperValve.invoke(StandardWrapperValve.java:167) ~[tomcat-embed-core-10.1.19.jar:10.1.19]
	at org.apache.catalina.core.StandardContextValve.invoke(StandardContextValve.java:90) ~[tomcat-embed-core-10.1.19.jar:10.1.19]
	at org.apache.catalina.authenticator.AuthenticatorBase.invoke(AuthenticatorBase.java:482) ~[tomcat-embed-core-10.1.19.jar:10.1.19]
	at org.apache.catalina.core.StandardHostValve.invoke(StandardHostValve.java:115) ~[tomcat-embed-core-10.1.19.jar:10.1.19]
	at org.apache.catalina.valves.ErrorReportValve.invoke(ErrorReportValve.java:93) ~[tomcat-embed-core-10.1.19.jar:10.1.19]
	at org.apache.catalina.core.StandardEngineValve.invoke(StandardEngineValve.java:74) ~[tomcat-embed-core-10.1.19.jar:10.1.19]
	at org.apache.catalina.connector.CoyoteAdapter.service(CoyoteAdapter.java:344) ~[tomcat-embed-core-10.1.19.jar:10.1.19]
	at org.apache.coyote.http11.Http11Processor.service(Http11Processor.java:391) ~[tomcat-embed-core-10.1.19.jar:10.1.19]
	at org.apache.coyote.AbstractProcessorLight.process(AbstractProcessorLight.java:63) ~[tomcat-embed-core-10.1.19.jar:10.1.19]
	at org.apache.coyote.AbstractProtocol$ConnectionHandler.process(AbstractProtocol.java:896) ~[tomcat-embed-core-10.1.19.jar:10.1.19]
	at org.apache.tomcat.util.net.NioEndpoint$SocketProcessor.doRun(NioEndpoint.java:1744) ~[tomcat-embed-core-10.1.19.jar:10.1.19]
	at org.apache.tomcat.util.net.SocketProcessorBase.run(SocketProcessorBase.java:52) ~[tomcat-embed-core-10.1.19.jar:10.1.19]
	at org.apache.tomcat.util.threads.ThreadPoolExecutor.runWorker(ThreadPoolExecutor.java:1191) ~[tomcat-embed-core-10.1.19.jar:10.1.19]
	at org.apache.tomcat.util.threads.ThreadPoolExecutor$Worker.run(ThreadPoolExecutor.java:659) ~[tomcat-embed-core-10.1.19.jar:10.1.19]
	at org.apache.tomcat.util.threads.TaskThread$WrappingRunnable.run(TaskThread.java:63) ~[tomcat-embed-core-10.1.19.jar:10.1.19]
	at java.base/java.lang.Thread.run(Thread.java:1583) ~[na:na]

2026-03-16T14:22:57.762+05:30  INFO 16920 --- [http-nio-8080-exec-9] c.s.api.controller.StudentController     : Fetching all students for School ID:1 and Year ID:5
2026-03-16T14:22:59.202+05:30  INFO 16920 --- [http-nio-8080-exec-7] c.s.api.controller.StudentController     : Fetching all students for School ID:1 and Year ID:5
2026-03-16T14:22:59.226+05:30  INFO 16920 --- [http-nio-8080-exec-5] c.s.api.controller.StudentController     : Fetching all students for School ID:1 and Year ID:5
2026-03-16T14:23:54.723+05:30  INFO 16920 --- [SpringApplicationShutdownHook] j.LocalContainerEntityManagerFactoryBean : Closing JPA EntityManagerFactory for persistence unit 'default'
2026-03-16T14:23:54.740+05:30  INFO 16920 --- [SpringApplicationShutdownHook] com.zaxxer.hikari.HikariDataSource       : SmartSchoolHikariPool - Shutdown initiated...
2026-03-16T14:23:54.789+05:30  INFO 16920 --- [SpringApplicationShutdownHook] com.zaxxer.hikari.HikariDataSource       : SmartSchoolHikariPool - Shutdown completed.
2026-03-16T14:24:02.391+05:30  INFO 18188 --- [main] c.smartschool.api.SmsBackendApplication  : Starting SmsBackendApplication using Java 21.0.9 with PID 18188 (C:\smart-school-pro\sms-backend\sms-backend\target\classes started by nikun in C:\smart-school-pro\sms-backend)
2026-03-16T14:24:02.393+05:30  INFO 18188 --- [main] c.smartschool.api.SmsBackendApplication  : No active profile set, falling back to 1 default profile: "default"
2026-03-16T14:24:03.395+05:30  INFO 18188 --- [main] .s.d.r.c.RepositoryConfigurationDelegate : Bootstrapping Spring Data JPA repositories in DEFAULT mode.
2026-03-16T14:24:03.541+05:30  INFO 18188 --- [main] .s.d.r.c.RepositoryConfigurationDelegate : Finished Spring Data repository scanning in 131 ms. Found 18 JPA repository interfaces.
2026-03-16T14:24:04.273+05:30  INFO 18188 --- [main] o.s.b.w.embedded.tomcat.TomcatWebServer  : Tomcat initialized with port 8080 (http)
2026-03-16T14:24:04.291+05:30  INFO 18188 --- [main] o.apache.catalina.core.StandardService   : Starting service [Tomcat]
2026-03-16T14:24:04.291+05:30  INFO 18188 --- [main] o.apache.catalina.core.StandardEngine    : Starting Servlet engine: [Apache Tomcat/10.1.19]
2026-03-16T14:24:04.372+05:30  INFO 18188 --- [main] o.a.c.c.C.[Tomcat].[localhost].[/]       : Initializing Spring embedded WebApplicationContext
2026-03-16T14:24:04.372+05:30  INFO 18188 --- [main] w.s.c.ServletWebServerApplicationContext : Root WebApplicationContext: initialization completed in 1926 ms
2026-03-16T14:24:04.537+05:30  INFO 18188 --- [main] o.hibernate.jpa.internal.util.LogHelper  : HHH000204: Processing PersistenceUnitInfo [name: default]
2026-03-16T14:24:04.599+05:30  INFO 18188 --- [main] org.hibernate.Version                    : HHH000412: Hibernate ORM core version 6.4.4.Final
2026-03-16T14:24:04.639+05:30  INFO 18188 --- [main] o.h.c.internal.RegionFactoryInitiator    : HHH000026: Second-level cache disabled
2026-03-16T14:24:04.918+05:30  INFO 18188 --- [main] o.s.o.j.p.SpringPersistenceUnitInfo      : No LoadTimeWeaver setup: ignoring JPA class transformer
2026-03-16T14:24:04.949+05:30  INFO 18188 --- [main] com.zaxxer.hikari.HikariDataSource       : SmartSchoolHikariPool - Starting...
2026-03-16T14:24:05.127+05:30  INFO 18188 --- [main] com.zaxxer.hikari.pool.HikariPool        : SmartSchoolHikariPool - Added connection com.mysql.cj.jdbc.ConnectionImpl@75e0a54c
2026-03-16T14:24:05.129+05:30  INFO 18188 --- [main] com.zaxxer.hikari.HikariDataSource       : SmartSchoolHikariPool - Start completed.
2026-03-16T14:24:05.201+05:30  WARN 18188 --- [main] org.hibernate.orm.deprecation            : HHH90000025: MySQL8Dialect does not need to be specified explicitly using 'hibernate.dialect' (remove the property setting and it will be selected by default)
2026-03-16T14:24:05.201+05:30  WARN 18188 --- [main] org.hibernate.orm.deprecation            : HHH90000026: MySQL8Dialect has been deprecated; use org.hibernate.dialect.MySQLDialect instead
2026-03-16T14:24:06.399+05:30  INFO 18188 --- [main] o.h.e.t.j.p.i.JtaPlatformInitiator       : HHH000489: No JTA platform available (set 'hibernate.transaction.jta.platform' to enable JTA platform integration)
2026-03-16T14:24:06.715+05:30  INFO 18188 --- [main] j.LocalContainerEntityManagerFactoryBean : Initialized JPA EntityManagerFactory for persistence unit 'default'
2026-03-16T14:24:07.098+05:30  INFO 18188 --- [main] o.s.d.j.r.query.QueryEnhancerFactory     : Hibernate is in classpath; If applicable, HQL parser will be used.
2026-03-16T14:24:08.291+05:30  WARN 18188 --- [main] JpaBaseConfiguration$JpaWebConfiguration : spring.jpa.open-in-view is enabled by default. Therefore, database queries may be performed during view rendering. Explicitly configure spring.jpa.open-in-view to disable this warning
2026-03-16T14:24:08.307+05:30  WARN 18188 --- [main] .s.s.UserDetailsServiceAutoConfiguration : 

Using generated security password: 04a9fbc8-ab5f-4018-a0f1-12359a7c8708

This generated password is for development use only. Your security configuration must be updated before running your application in production.

2026-03-16T14:24:08.602+05:30  INFO 18188 --- [main] o.s.s.web.DefaultSecurityFilterChain     : Will secure any request with [org.springframework.security.web.session.DisableEncodeUrlFilter@4cf2bf26, org.springframework.security.web.context.request.async.WebAsyncManagerIntegrationFilter@721fda59, org.springframework.security.web.context.SecurityContextHolderFilter@6ab35ce3, org.springframework.security.web.header.HeaderWriterFilter@6b928c79, org.springframework.web.filter.CorsFilter@2cb9cc85, org.springframework.security.web.authentication.logout.LogoutFilter@3fd9c5db, org.springframework.security.web.savedrequest.RequestCacheAwareFilter@7e22f3da, org.springframework.security.web.servletapi.SecurityContextHolderAwareRequestFilter@2d288c47, org.springframework.security.web.authentication.AnonymousAuthenticationFilter@1d0c7a03, org.springframework.security.web.session.SessionManagementFilter@578f8288, org.springframework.security.web.access.ExceptionTranslationFilter@4a6198a7, org.springframework.security.web.access.intercept.AuthorizationFilter@54ad5fce]
2026-03-16T14:24:08.817+05:30  INFO 18188 --- [main] o.s.b.w.embedded.tomcat.TomcatWebServer  : Tomcat started on port 8080 (http) with context path ''
2026-03-16T14:24:08.827+05:30  INFO 18188 --- [main] c.smartschool.api.SmsBackendApplication  : Started SmsBackendApplication in 7.036 seconds (process running for 7.795)
2026-03-16T14:28:16.376+05:30  INFO 18188 --- [http-nio-8080-exec-1] o.apache.coyote.http11.Http11Processor   : Error parsing HTTP request header
 Note: further occurrences of HTTP request parsing errors will be logged at DEBUG level.

java.lang.IllegalArgumentException: Invalid character found in method name [0x160x030x010x060xc00x010x000x060xbc0x030x030xcd0xc00xfb0x9d60x880x7f0x07^0xb70x850x9d0x8f0xa0\0xf90xc50xfc0xc8M)0xbaX0x06%0xf1-0xa10x81"0x97= ]. HTTP method names must be tokens
	at org.apache.coyote.http11.Http11InputBuffer.parseRequestLine(Http11InputBuffer.java:407) ~[tomcat-embed-core-10.1.19.jar:10.1.19]
	at org.apache.coyote.http11.Http11Processor.service(Http11Processor.java:264) ~[tomcat-embed-core-10.1.19.jar:10.1.19]
	at org.apache.coyote.AbstractProcessorLight.process(AbstractProcessorLight.java:63) ~[tomcat-embed-core-10.1.19.jar:10.1.19]
	at org.apache.coyote.AbstractProtocol$ConnectionHandler.process(AbstractProtocol.java:896) ~[tomcat-embed-core-10.1.19.jar:10.1.19]
	at org.apache.tomcat.util.net.NioEndpoint$SocketProcessor.doRun(NioEndpoint.java:1744) ~[tomcat-embed-core-10.1.19.jar:10.1.19]
	at org.apache.tomcat.util.net.SocketProcessorBase.run(SocketProcessorBase.java:52) ~[tomcat-embed-core-10.1.19.jar:10.1.19]
	at org.apache.tomcat.util.threads.ThreadPoolExecutor.runWorker(ThreadPoolExecutor.java:1191) ~[tomcat-embed-core-10.1.19.jar:10.1.19]
	at org.apache.tomcat.util.threads.ThreadPoolExecutor$Worker.run(ThreadPoolExecutor.java:659) ~[tomcat-embed-core-10.1.19.jar:10.1.19]
	at org.apache.tomcat.util.threads.TaskThread$WrappingRunnable.run(TaskThread.java:63) ~[tomcat-embed-core-10.1.19.jar:10.1.19]
	at java.base/java.lang.Thread.run(Thread.java:1583) ~[na:na]

2026-03-16T14:29:37.909+05:30  INFO 18188 --- [http-nio-8080-exec-7] o.a.c.c.C.[Tomcat].[localhost].[/]       : Initializing Spring DispatcherServlet 'dispatcherServlet'
2026-03-16T14:29:37.910+05:30  INFO 18188 --- [http-nio-8080-exec-7] o.s.web.servlet.DispatcherServlet        : Initializing Servlet 'dispatcherServlet'
2026-03-16T14:29:37.925+05:30  INFO 18188 --- [http-nio-8080-exec-7] o.s.web.servlet.DispatcherServlet        : Completed initialization in 15 ms
2026-03-16T14:29:38.200+05:30  INFO 18188 --- [http-nio-8080-exec-8] c.s.api.controller.AuthController        : Login attempt for username: nikunjpatidar8888@gmail.com
2026-03-16T14:29:38.403+05:30  INFO 18188 --- [http-nio-8080-exec-8] c.s.api.serviceImpl.AuthServiceImpl      : Super Admin logged in.
2026-03-16T14:29:38.403+05:30  INFO 18188 --- [http-nio-8080-exec-8] c.s.api.controller.AuthController        : Login successful for username: nikunjpatidar8888@gmail.com, role: ROLE_SUPER_ADMIN
2026-03-16T14:29:52.927+05:30  INFO 18188 --- [http-nio-8080-exec-4] c.s.api.controller.AuthController        : Login attempt for username: nikunjpatidar6611@gmail.com
2026-03-16T14:29:53.027+05:30  INFO 18188 --- [http-nio-8080-exec-4] c.s.api.serviceImpl.AuthServiceImpl      : Principal logged in for school: mvm with Year: 2028-29
2026-03-16T14:29:53.027+05:30  INFO 18188 --- [http-nio-8080-exec-4] c.s.api.controller.AuthController        : Login successful for username: nikunjpatidar6611@gmail.com, role: ROLE_ADMIN
2026-03-16T14:29:53.252+05:30  INFO 18188 --- [http-nio-8080-exec-3] c.s.api.controller.StudentController     : Fetching all students for School ID:1 and Year ID:5
2026-03-16T14:30:15.404+05:30  INFO 18188 --- [http-nio-8080-exec-1] c.s.api.controller.StudentController     : Fetching all students for School ID:1 and Year ID:5
2026-03-16T14:30:15.458+05:30  INFO 18188 --- [http-nio-8080-exec-2] c.s.api.controller.StudentController     : Fetching all students for School ID:1 and Year ID:5
2026-03-16T14:30:43.222+05:30  INFO 18188 --- [http-nio-8080-exec-6] c.s.api.controller.ClassController       : Creating class for schoolId: 1
2026-03-16T14:30:43.319+05:30  INFO 18188 --- [http-nio-8080-exec-6] c.s.api.controller.ClassController       : Class 'Class 3rd' created with ID: 3
2026-03-16T14:30:43.417+05:30  INFO 18188 --- [http-nio-8080-exec-6] c.s.api.controller.StudentController     : Fetching all students for School ID:1 and Year ID:5
2026-03-16T14:30:54.281+05:30  INFO 18188 --- [http-nio-8080-exec-10] c.s.api.controller.ClassController       : Adding section for classId:3 schoolId:1
2026-03-16T14:30:54.296+05:30  INFO 18188 --- [http-nio-8080-exec-10] c.s.api.controller.ClassController       : Section 'section A' created with ID: 4
2026-03-16T14:30:54.439+05:30  INFO 18188 --- [http-nio-8080-exec-6] c.s.api.controller.StudentController     : Fetching all students for School ID:1 and Year ID:5
2026-03-16T14:31:01.341+05:30  INFO 18188 --- [http-nio-8080-exec-3] c.s.api.controller.StudentController     : Fetching all students for School ID:1 and Year ID:5
2026-03-16T14:31:01.367+05:30  INFO 18188 --- [http-nio-8080-exec-9] c.s.api.controller.StudentController     : Fetching all students for School ID:1 and Year ID:5
2026-03-16T14:31:10.039+05:30  INFO 18188 --- [http-nio-8080-exec-6] o.apache.coyote.http11.Http11Processor   : Error parsing HTTP request header
 Note: further occurrences of HTTP request parsing errors will be logged at DEBUG level.

java.lang.IllegalArgumentException: Invalid character found in the request target [/api/admin/students/update/roll/STU-2026-002/3/4?academicYearId=[object%20Object] ]. The valid characters are defined in RFC 7230 and RFC 3986
	at org.apache.coyote.http11.Http11InputBuffer.parseRequestLine(Http11InputBuffer.java:482) ~[tomcat-embed-core-10.1.19.jar:10.1.19]
	at org.apache.coyote.http11.Http11Processor.service(Http11Processor.java:264) ~[tomcat-embed-core-10.1.19.jar:10.1.19]
	at org.apache.coyote.AbstractProcessorLight.process(AbstractProcessorLight.java:63) ~[tomcat-embed-core-10.1.19.jar:10.1.19]
	at org.apache.coyote.AbstractProtocol$ConnectionHandler.process(AbstractProtocol.java:896) ~[tomcat-embed-core-10.1.19.jar:10.1.19]
	at org.apache.tomcat.util.net.NioEndpoint$SocketProcessor.doRun(NioEndpoint.java:1744) ~[tomcat-embed-core-10.1.19.jar:10.1.19]
	at org.apache.tomcat.util.net.SocketProcessorBase.run(SocketProcessorBase.java:52) ~[tomcat-embed-core-10.1.19.jar:10.1.19]
	at org.apache.tomcat.util.threads.ThreadPoolExecutor.runWorker(ThreadPoolExecutor.java:1191) ~[tomcat-embed-core-10.1.19.jar:10.1.19]
	at org.apache.tomcat.util.threads.ThreadPoolExecutor$Worker.run(ThreadPoolExecutor.java:659) ~[tomcat-embed-core-10.1.19.jar:10.1.19]
	at org.apache.tomcat.util.threads.TaskThread$WrappingRunnable.run(TaskThread.java:63) ~[tomcat-embed-core-10.1.19.jar:10.1.19]
	at java.base/java.lang.Thread.run(Thread.java:1583) ~[na:na]

2026-03-16T14:31:10.205+05:30  INFO 18188 --- [http-nio-8080-exec-8] c.s.api.controller.StudentController     : Fetching all students for School ID:1 and Year ID:5
2026-03-16T14:31:13.735+05:30  INFO 18188 --- [http-nio-8080-exec-10] c.s.api.controller.StudentController     : Fetching all students for School ID:1 and Year ID:5
2026-03-16T14:40:54.804+05:30  INFO 18188 --- [http-nio-8080-exec-4] c.s.api.controller.StudentController     : Fetching all students for School ID:1 and Year ID:5
2026-03-16T14:40:54.854+05:30  INFO 18188 --- [http-nio-8080-exec-1] c.s.api.controller.StudentController     : Fetching all students for School ID:1 and Year ID:5
2026-03-16T14:51:33.190+05:30  INFO 18188 --- [http-nio-8080-exec-8] c.s.api.controller.StudentController     : Fetching all students for School ID:1 and Year ID:5
2026-03-16T14:51:36.633+05:30  INFO 18188 --- [http-nio-8080-exec-10] c.s.api.controller.StudentController     : Fetching all students for School ID:1 and Year ID:5
2026-03-16T14:51:40.594+05:30  INFO 18188 --- [http-nio-8080-exec-8] c.s.api.controller.StudentController     : Fetching all students for School ID:1 and Year ID:5
2026-03-16T14:53:05.232+05:30  INFO 18188 --- [http-nio-8080-exec-7] c.s.api.controller.StudentController     : Fetching all students for School ID:1 and Year ID:5
2026-03-16T14:54:58.661+05:30  INFO 18188 --- [http-nio-8080-exec-4] c.s.api.controller.StudentController     : Fetching all students for School ID:1 and Year ID:5
2026-03-16T14:55:05.142+05:30  INFO 18188 --- [http-nio-8080-exec-6] c.s.api.controller.StudentController     : Fetching all students for School ID:1 and Year ID:5
2026-03-16T14:55:05.172+05:30  INFO 18188 --- [http-nio-8080-exec-5] c.s.api.controller.StudentController     : Fetching all students for School ID:1 and Year ID:5
2026-03-16T15:03:47.467+05:30  INFO 18188 --- [http-nio-8080-exec-5] c.s.api.controller.StudentController     : Fetching all students for School ID:1 and Year ID:5
2026-03-16T15:03:50.957+05:30  INFO 18188 --- [http-nio-8080-exec-2] c.s.api.controller.StudentController     : Fetching all students for School ID:1 and Year ID:5
2026-03-16T15:08:42.736+05:30  INFO 18188 --- [http-nio-8080-exec-2] c.s.api.controller.StudentController     : Fetching all students for School ID:1 and Year ID:5
2026-03-16T15:08:43.921+05:30  WARN 18188 --- [SmartSchoolHikariPool housekeeper] com.zaxxer.hikari.pool.HikariPool        : SmartSchoolHikariPool - Thread starvation or clock leap detected (housekeeper delta=3m29s887ms221µs600ns).
2026-03-16T15:08:43.250+05:30  INFO 18188 --- [http-nio-8080-exec-8] o.apache.coyote.http11.Http11Processor   : Error parsing HTTP request header
 Note: further occurrences of HTTP request parsing errors will be logged at DEBUG level.

java.lang.IllegalArgumentException: Invalid character found in the request target [/api/admin/students/update/roll/STU-2026-002/3/4?academicYearId=[object%20Object] ]. The valid characters are defined in RFC 7230 and RFC 3986
	at org.apache.coyote.http11.Http11InputBuffer.parseRequestLine(Http11InputBuffer.java:482) ~[tomcat-embed-core-10.1.19.jar:10.1.19]
	at org.apache.coyote.http11.Http11Processor.service(Http11Processor.java:264) ~[tomcat-embed-core-10.1.19.jar:10.1.19]
	at org.apache.coyote.AbstractProcessorLight.process(AbstractProcessorLight.java:63) ~[tomcat-embed-core-10.1.19.jar:10.1.19]
	at org.apache.coyote.AbstractProtocol$ConnectionHandler.process(AbstractProtocol.java:896) ~[tomcat-embed-core-10.1.19.jar:10.1.19]
	at org.apache.tomcat.util.net.NioEndpoint$SocketProcessor.doRun(NioEndpoint.java:1744) ~[tomcat-embed-core-10.1.19.jar:10.1.19]
	at org.apache.tomcat.util.net.SocketProcessorBase.run(SocketProcessorBase.java:52) ~[tomcat-embed-core-10.1.19.jar:10.1.19]
	at org.apache.tomcat.util.threads.ThreadPoolExecutor.runWorker(ThreadPoolExecutor.java:1191) ~[tomcat-embed-core-10.1.19.jar:10.1.19]
	at org.apache.tomcat.util.threads.ThreadPoolExecutor$Worker.run(ThreadPoolExecutor.java:659) ~[tomcat-embed-core-10.1.19.jar:10.1.19]
	at org.apache.tomcat.util.threads.TaskThread$WrappingRunnable.run(TaskThread.java:63) ~[tomcat-embed-core-10.1.19.jar:10.1.19]
	at java.base/java.lang.Thread.run(Thread.java:1583) ~[na:na]

2026-03-16T15:08:43.394+05:30 ERROR 18188 --- [http-nio-8080-exec-5] c.s.a.exception.GlobalExceptionHandler   : Unexpected error: java.io.IOException: An established connection was aborted by the software in your host machine

org.apache.catalina.connector.ClientAbortException: java.io.IOException: An established connection was aborted by the software in your host machine
	at org.apache.catalina.connector.OutputBuffer.realWriteBytes(OutputBuffer.java:344) ~[tomcat-embed-core-10.1.19.jar:10.1.19]
	at org.apache.catalina.connector.OutputBuffer.appendByteArray(OutputBuffer.java:743) ~[tomcat-embed-core-10.1.19.jar:10.1.19]
	at org.apache.catalina.connector.OutputBuffer.append(OutputBuffer.java:677) ~[tomcat-embed-core-10.1.19.jar:10.1.19]
	at org.apache.catalina.connector.OutputBuffer.writeBytes(OutputBuffer.java:379) ~[tomcat-embed-core-10.1.19.jar:10.1.19]
	at org.apache.catalina.connector.OutputBuffer.write(OutputBuffer.java:357) ~[tomcat-embed-core-10.1.19.jar:10.1.19]
	at org.apache.catalina.connector.CoyoteOutputStream.write(CoyoteOutputStream.java:97) ~[tomcat-embed-core-10.1.19.jar:10.1.19]
	at org.springframework.security.web.util.OnCommittedResponseWrapper$SaveContextServletOutputStream.write(OnCommittedResponseWrapper.java:639) ~[spring-security-web-6.2.2.jar:6.2.2]
	at java.base/java.io.InputStream.transferTo(InputStream.java:797) ~[na:na]
	at java.base/java.io.FileInputStream.transferTo(FileInputStream.java:390) ~[na:na]
	at java.base/java.io.BufferedInputStream.implTransferTo(BufferedInputStream.java:652) ~[na:na]
	at java.base/java.io.BufferedInputStream.transferTo(BufferedInputStream.java:631) ~[na:na]
	at org.springframework.http.converter.ResourceHttpMessageConverter.writeContent(ResourceHttpMessageConverter.java:149) ~[spring-web-6.1.4.jar:6.1.4]
	at org.springframework.http.converter.ResourceHttpMessageConverter.writeInternal(ResourceHttpMessageConverter.java:138) ~[spring-web-6.1.4.jar:6.1.4]
	at org.springframework.http.converter.ResourceHttpMessageConverter.writeInternal(ResourceHttpMessageConverter.java:46) ~[spring-web-6.1.4.jar:6.1.4]
	at org.springframework.http.converter.AbstractHttpMessageConverter.write(AbstractHttpMessageConverter.java:236) ~[spring-web-6.1.4.jar:6.1.4]
	at org.springframework.web.servlet.resource.ResourceHttpRequestHandler.handleRequest(ResourceHttpRequestHandler.java:621) ~[spring-webmvc-6.1.4.jar:6.1.4]
	at org.springframework.web.servlet.mvc.HttpRequestHandlerAdapter.handle(HttpRequestHandlerAdapter.java:52) ~[spring-webmvc-6.1.4.jar:6.1.4]
	at org.springframework.web.servlet.DispatcherServlet.doDispatch(DispatcherServlet.java:1089) ~[spring-webmvc-6.1.4.jar:6.1.4]
	at org.springframework.web.servlet.DispatcherServlet.doService(DispatcherServlet.java:979) ~[spring-webmvc-6.1.4.jar:6.1.4]
	at org.springframework.web.servlet.FrameworkServlet.processRequest(FrameworkServlet.java:1014) ~[spring-webmvc-6.1.4.jar:6.1.4]
	at org.springframework.web.servlet.FrameworkServlet.doGet(FrameworkServlet.java:903) ~[spring-webmvc-6.1.4.jar:6.1.4]
	at jakarta.servlet.http.HttpServlet.service(HttpServlet.java:564) ~[tomcat-embed-core-10.1.19.jar:6.0]
	at org.springframework.web.servlet.FrameworkServlet.service(FrameworkServlet.java:885) ~[spring-webmvc-6.1.4.jar:6.1.4]
	at jakarta.servlet.http.HttpServlet.service(HttpServlet.java:658) ~[tomcat-embed-core-10.1.19.jar:6.0]
	at org.apache.catalina.core.ApplicationFilterChain.internalDoFilter(ApplicationFilterChain.java:205) ~[tomcat-embed-core-10.1.19.jar:10.1.19]
	at org.apache.catalina.core.ApplicationFilterChain.doFilter(ApplicationFilterChain.java:149) ~[tomcat-embed-core-10.1.19.jar:10.1.19]
	at org.apache.tomcat.websocket.server.WsFilter.doFilter(WsFilter.java:51) ~[tomcat-embed-websocket-10.1.19.jar:10.1.19]
	at org.apache.catalina.core.ApplicationFilterChain.internalDoFilter(ApplicationFilterChain.java:174) ~[tomcat-embed-core-10.1.19.jar:10.1.19]
	at org.apache.catalina.core.ApplicationFilterChain.doFilter(ApplicationFilterChain.java:149) ~[tomcat-embed-core-10.1.19.jar:10.1.19]
	at org.springframework.web.filter.CompositeFilter$VirtualFilterChain.doFilter(CompositeFilter.java:108) ~[spring-web-6.1.4.jar:6.1.4]
	at org.springframework.security.web.FilterChainProxy.lambda$doFilterInternal$3(FilterChainProxy.java:231) ~[spring-security-web-6.2.2.jar:6.2.2]
	at org.springframework.security.web.FilterChainProxy$VirtualFilterChain.doFilter(FilterChainProxy.java:365) ~[spring-security-web-6.2.2.jar:6.2.2]
	at org.springframework.security.web.access.intercept.AuthorizationFilter.doFilter(AuthorizationFilter.java:100) ~[spring-security-web-6.2.2.jar:6.2.2]
	at org.springframework.security.web.FilterChainProxy$VirtualFilterChain.doFilter(FilterChainProxy.java:374) ~[spring-security-web-6.2.2.jar:6.2.2]
	at org.springframework.security.web.access.ExceptionTranslationFilter.doFilter(ExceptionTranslationFilter.java:126) ~[spring-security-web-6.2.2.jar:6.2.2]
	at org.springframework.security.web.access.ExceptionTranslationFilter.doFilter(ExceptionTranslationFilter.java:120) ~[spring-security-web-6.2.2.jar:6.2.2]
	at org.springframework.security.web.FilterChainProxy$VirtualFilterChain.doFilter(FilterChainProxy.java:374) ~[spring-security-web-6.2.2.jar:6.2.2]
	at org.springframework.security.web.session.SessionManagementFilter.doFilter(SessionManagementFilter.java:131) ~[spring-security-web-6.2.2.jar:6.2.2]
	at org.springframework.security.web.session.SessionManagementFilter.doFilter(SessionManagementFilter.java:85) ~[spring-security-web-6.2.2.jar:6.2.2]
	at org.springframework.security.web.FilterChainProxy$VirtualFilterChain.doFilter(FilterChainProxy.java:374) ~[spring-security-web-6.2.2.jar:6.2.2]
	at org.springframework.security.web.authentication.AnonymousAuthenticationFilter.doFilter(AnonymousAuthenticationFilter.java:100) ~[spring-security-web-6.2.2.jar:6.2.2]
	at org.springframework.security.web.FilterChainProxy$VirtualFilterChain.doFilter(FilterChainProxy.java:374) ~[spring-security-web-6.2.2.jar:6.2.2]
	at org.springframework.security.web.servletapi.SecurityContextHolderAwareRequestFilter.doFilter(SecurityContextHolderAwareRequestFilter.java:179) ~[spring-security-web-6.2.2.jar:6.2.2]
	at org.springframework.security.web.FilterChainProxy$VirtualFilterChain.doFilter(FilterChainProxy.java:374) ~[spring-security-web-6.2.2.jar:6.2.2]
	at org.springframework.security.web.savedrequest.RequestCacheAwareFilter.doFilter(RequestCacheAwareFilter.java:63) ~[spring-security-web-6.2.2.jar:6.2.2]
	at org.springframework.security.web.FilterChainProxy$VirtualFilterChain.doFilter(FilterChainProxy.java:374) ~[spring-security-web-6.2.2.jar:6.2.2]
	at org.springframework.security.web.authentication.logout.LogoutFilter.doFilter(LogoutFilter.java:107) ~[spring-security-web-6.2.2.jar:6.2.2]
	at org.springframework.security.web.authentication.logout.LogoutFilter.doFilter(LogoutFilter.java:93) ~[spring-security-web-6.2.2.jar:6.2.2]
	at org.springframework.security.web.FilterChainProxy$VirtualFilterChain.doFilter(FilterChainProxy.java:374) ~[spring-security-web-6.2.2.jar:6.2.2]
	at org.springframework.web.filter.CorsFilter.doFilterInternal(CorsFilter.java:91) ~[spring-web-6.1.4.jar:6.1.4]
	at org.springframework.web.filter.OncePerRequestFilter.doFilter(OncePerRequestFilter.java:116) ~[spring-web-6.1.4.jar:6.1.4]
	at org.springframework.security.web.FilterChainProxy$VirtualFilterChain.doFilter(FilterChainProxy.java:374) ~[spring-security-web-6.2.2.jar:6.2.2]
	at org.springframework.security.web.header.HeaderWriterFilter.doHeadersAfter(HeaderWriterFilter.java:90) ~[spring-security-web-6.2.2.jar:6.2.2]
	at org.springframework.security.web.header.HeaderWriterFilter.doFilterInternal(HeaderWriterFilter.java:75) ~[spring-security-web-6.2.2.jar:6.2.2]
	at org.springframework.web.filter.OncePerRequestFilter.doFilter(OncePerRequestFilter.java:116) ~[spring-web-6.1.4.jar:6.1.4]
	at org.springframework.security.web.FilterChainProxy$VirtualFilterChain.doFilter(FilterChainProxy.java:374) ~[spring-security-web-6.2.2.jar:6.2.2]
	at org.springframework.security.web.context.SecurityContextHolderFilter.doFilter(SecurityContextHolderFilter.java:82) ~[spring-security-web-6.2.2.jar:6.2.2]
	at org.springframework.security.web.context.SecurityContextHolderFilter.doFilter(SecurityContextHolderFilter.java:69) ~[spring-security-web-6.2.2.jar:6.2.2]
	at org.springframework.security.web.FilterChainProxy$VirtualFilterChain.doFilter(FilterChainProxy.java:374) ~[spring-security-web-6.2.2.jar:6.2.2]
	at org.springframework.security.web.context.request.async.WebAsyncManagerIntegrationFilter.doFilterInternal(WebAsyncManagerIntegrationFilter.java:62) ~[spring-security-web-6.2.2.jar:6.2.2]
	at org.springframework.web.filter.OncePerRequestFilter.doFilter(OncePerRequestFilter.java:116) ~[spring-web-6.1.4.jar:6.1.4]
	at org.springframework.security.web.FilterChainProxy$VirtualFilterChain.doFilter(FilterChainProxy.java:374) ~[spring-security-web-6.2.2.jar:6.2.2]
	at org.springframework.security.web.session.DisableEncodeUrlFilter.doFilterInternal(DisableEncodeUrlFilter.java:42) ~[spring-security-web-6.2.2.jar:6.2.2]
	at org.springframework.web.filter.OncePerRequestFilter.doFilter(OncePerRequestFilter.java:116) ~[spring-web-6.1.4.jar:6.1.4]
	at org.springframework.security.web.FilterChainProxy$VirtualFilterChain.doFilter(FilterChainProxy.java:374) ~[spring-security-web-6.2.2.jar:6.2.2]
	at org.springframework.security.web.FilterChainProxy.doFilterInternal(FilterChainProxy.java:233) ~[spring-security-web-6.2.2.jar:6.2.2]
	at org.springframework.security.web.FilterChainProxy.doFilter(FilterChainProxy.java:191) ~[spring-security-web-6.2.2.jar:6.2.2]
	at org.springframework.web.filter.CompositeFilter$VirtualFilterChain.doFilter(CompositeFilter.java:113) ~[spring-web-6.1.4.jar:6.1.4]
	at org.springframework.web.servlet.handler.HandlerMappingIntrospector.lambda$createCacheFilter$3(HandlerMappingIntrospector.java:195) ~[spring-webmvc-6.1.4.jar:6.1.4]
	at org.springframework.web.filter.CompositeFilter$VirtualFilterChain.doFilter(CompositeFilter.java:113) ~[spring-web-6.1.4.jar:6.1.4]
	at org.springframework.web.filter.CompositeFilter.doFilter(CompositeFilter.java:74) ~[spring-web-6.1.4.jar:6.1.4]
	at org.springframework.security.config.annotation.web.configuration.WebMvcSecurityConfiguration$CompositeFilterChainProxy.doFilter(WebMvcSecurityConfiguration.java:230) ~[spring-security-config-6.2.2.jar:6.2.2]
	at org.springframework.web.filter.DelegatingFilterProxy.invokeDelegate(DelegatingFilterProxy.java:352) ~[spring-web-6.1.4.jar:6.1.4]
	at org.springframework.web.filter.DelegatingFilterProxy.doFilter(DelegatingFilterProxy.java:268) ~[spring-web-6.1.4.jar:6.1.4]
	at org.apache.catalina.core.ApplicationFilterChain.internalDoFilter(ApplicationFilterChain.java:174) ~[tomcat-embed-core-10.1.19.jar:10.1.19]
	at org.apache.catalina.core.ApplicationFilterChain.doFilter(ApplicationFilterChain.java:149) ~[tomcat-embed-core-10.1.19.jar:10.1.19]
	at org.springframework.web.filter.RequestContextFilter.doFilterInternal(RequestContextFilter.java:100) ~[spring-web-6.1.4.jar:6.1.4]
	at org.springframework.web.filter.OncePerRequestFilter.doFilter(OncePerRequestFilter.java:116) ~[spring-web-6.1.4.jar:6.1.4]
	at org.apache.catalina.core.ApplicationFilterChain.internalDoFilter(ApplicationFilterChain.java:174) ~[tomcat-embed-core-10.1.19.jar:10.1.19]
	at org.apache.catalina.core.ApplicationFilterChain.doFilter(ApplicationFilterChain.java:149) ~[tomcat-embed-core-10.1.19.jar:10.1.19]
	at org.springframework.web.filter.FormContentFilter.doFilterInternal(FormContentFilter.java:93) ~[spring-web-6.1.4.jar:6.1.4]
	at org.springframework.web.filter.OncePerRequestFilter.doFilter(OncePerRequestFilter.java:116) ~[spring-web-6.1.4.jar:6.1.4]
	at org.apache.catalina.core.ApplicationFilterChain.internalDoFilter(ApplicationFilterChain.java:174) ~[tomcat-embed-core-10.1.19.jar:10.1.19]
	at org.apache.catalina.core.ApplicationFilterChain.doFilter(ApplicationFilterChain.java:149) ~[tomcat-embed-core-10.1.19.jar:10.1.19]
	at org.springframework.web.filter.CharacterEncodingFilter.doFilterInternal(CharacterEncodingFilter.java:201) ~[spring-web-6.1.4.jar:6.1.4]
	at org.springframework.web.filter.OncePerRequestFilter.doFilter(OncePerRequestFilter.java:116) ~[spring-web-6.1.4.jar:6.1.4]
	at org.apache.catalina.core.ApplicationFilterChain.internalDoFilter(ApplicationFilterChain.java:174) ~[tomcat-embed-core-10.1.19.jar:10.1.19]
	at org.apache.catalina.core.ApplicationFilterChain.doFilter(ApplicationFilterChain.java:149) ~[tomcat-embed-core-10.1.19.jar:10.1.19]
	at org.apache.catalina.core.StandardWrapperValve.invoke(StandardWrapperValve.java:167) ~[tomcat-embed-core-10.1.19.jar:10.1.19]
	at org.apache.catalina.core.StandardContextValve.invoke(StandardContextValve.java:90) ~[tomcat-embed-core-10.1.19.jar:10.1.19]
	at org.apache.catalina.authenticator.AuthenticatorBase.invoke(AuthenticatorBase.java:482) ~[tomcat-embed-core-10.1.19.jar:10.1.19]
	at org.apache.catalina.core.StandardHostValve.invoke(StandardHostValve.java:115) ~[tomcat-embed-core-10.1.19.jar:10.1.19]
	at org.apache.catalina.valves.ErrorReportValve.invoke(ErrorReportValve.java:93) ~[tomcat-embed-core-10.1.19.jar:10.1.19]
	at org.apache.catalina.core.StandardEngineValve.invoke(StandardEngineValve.java:74) ~[tomcat-embed-core-10.1.19.jar:10.1.19]
	at org.apache.catalina.connector.CoyoteAdapter.service(CoyoteAdapter.java:344) ~[tomcat-embed-core-10.1.19.jar:10.1.19]
	at org.apache.coyote.http11.Http11Processor.service(Http11Processor.java:391) ~[tomcat-embed-core-10.1.19.jar:10.1.19]
	at org.apache.coyote.AbstractProcessorLight.process(AbstractProcessorLight.java:63) ~[tomcat-embed-core-10.1.19.jar:10.1.19]
	at org.apache.coyote.AbstractProtocol$ConnectionHandler.process(AbstractProtocol.java:896) ~[tomcat-embed-core-10.1.19.jar:10.1.19]
	at org.apache.tomcat.util.net.NioEndpoint$SocketProcessor.doRun(NioEndpoint.java:1744) ~[tomcat-embed-core-10.1.19.jar:10.1.19]
	at org.apache.tomcat.util.net.SocketProcessorBase.run(SocketProcessorBase.java:52) ~[tomcat-embed-core-10.1.19.jar:10.1.19]
	at org.apache.tomcat.util.threads.ThreadPoolExecutor.runWorker(ThreadPoolExecutor.java:1191) ~[tomcat-embed-core-10.1.19.jar:10.1.19]
	at org.apache.tomcat.util.threads.ThreadPoolExecutor$Worker.run(ThreadPoolExecutor.java:659) ~[tomcat-embed-core-10.1.19.jar:10.1.19]
	at org.apache.tomcat.util.threads.TaskThread$WrappingRunnable.run(TaskThread.java:63) ~[tomcat-embed-core-10.1.19.jar:10.1.19]
	at java.base/java.lang.Thread.run(Thread.java:1583) ~[na:na]
Caused by: java.io.IOException: An established connection was aborted by the software in your host machine
	at java.base/sun.nio.ch.SocketDispatcher.write0(Native Method) ~[na:na]
	at java.base/sun.nio.ch.SocketDispatcher.write(SocketDispatcher.java:54) ~[na:na]
	at java.base/sun.nio.ch.IOUtil.writeFromNativeBuffer(IOUtil.java:137) ~[na:na]
	at java.base/sun.nio.ch.IOUtil.write(IOUtil.java:102) ~[na:na]
	at java.base/sun.nio.ch.IOUtil.write(IOUtil.java:58) ~[na:na]
	at java.base/sun.nio.ch.SocketChannelImpl.write(SocketChannelImpl.java:542) ~[na:na]
	at org.apache.tomcat.util.net.NioChannel.write(NioChannel.java:118) ~[tomcat-embed-core-10.1.19.jar:10.1.19]
	at org.apache.tomcat.util.net.NioEndpoint$NioSocketWrapper.doWrite(NioEndpoint.java:1381) ~[tomcat-embed-core-10.1.19.jar:10.1.19]
	at org.apache.tomcat.util.net.SocketWrapperBase.doWrite(SocketWrapperBase.java:764) ~[tomcat-embed-core-10.1.19.jar:10.1.19]
	at org.apache.tomcat.util.net.SocketWrapperBase.writeBlocking(SocketWrapperBase.java:589) ~[tomcat-embed-core-10.1.19.jar:10.1.19]
	at org.apache.tomcat.util.net.SocketWrapperBase.write(SocketWrapperBase.java:533) ~[tomcat-embed-core-10.1.19.jar:10.1.19]
	at org.apache.coyote.http11.Http11OutputBuffer$SocketOutputBuffer.doWrite(Http11OutputBuffer.java:540) ~[tomcat-embed-core-10.1.19.jar:10.1.19]
	at org.apache.coyote.http11.filters.IdentityOutputFilter.doWrite(IdentityOutputFilter.java:73) ~[tomcat-embed-core-10.1.19.jar:10.1.19]
	at org.apache.coyote.http11.Http11OutputBuffer.doWrite(Http11OutputBuffer.java:193) ~[tomcat-embed-core-10.1.19.jar:10.1.19]
	at org.apache.coyote.Response.doWrite(Response.java:616) ~[tomcat-embed-core-10.1.19.jar:10.1.19]
	at org.apache.catalina.connector.OutputBuffer.realWriteBytes(OutputBuffer.java:331) ~[tomcat-embed-core-10.1.19.jar:10.1.19]
	... 103 common frames omitted

2026-03-16T15:08:45.951+05:30  WARN 18188 --- [http-nio-8080-exec-5] .m.m.a.ExceptionHandlerExceptionResolver : Failure in @ExceptionHandler com.smartschool.api.exception.GlobalExceptionHandler#handleGlobalException(Exception, HttpServletRequest)

org.springframework.http.converter.HttpMessageNotWritableException: No converter for [class com.smartschool.api.exception.ApiError] with preset Content-Type 'image/png'
	at org.springframework.web.servlet.mvc.method.annotation.AbstractMessageConverterMethodProcessor.writeWithMessageConverters(AbstractMessageConverterMethodProcessor.java:319) ~[spring-webmvc-6.1.4.jar:6.1.4]
	at org.springframework.web.servlet.mvc.method.annotation.HttpEntityMethodProcessor.handleReturnValue(HttpEntityMethodProcessor.java:245) ~[spring-webmvc-6.1.4.jar:6.1.4]
	at org.springframework.web.method.support.HandlerMethodReturnValueHandlerComposite.handleReturnValue(HandlerMethodReturnValueHandlerComposite.java:78) ~[spring-web-6.1.4.jar:6.1.4]
	at org.springframework.web.servlet.mvc.method.annotation.ServletInvocableHandlerMethod.invokeAndHandle(ServletInvocableHandlerMethod.java:136) ~[spring-webmvc-6.1.4.jar:6.1.4]
	at org.springframework.web.servlet.mvc.method.annotation.ExceptionHandlerExceptionResolver.doResolveHandlerMethodException(ExceptionHandlerExceptionResolver.java:432) ~[spring-webmvc-6.1.4.jar:6.1.4]
	at org.springframework.web.servlet.handler.AbstractHandlerMethodExceptionResolver.doResolveException(AbstractHandlerMethodExceptionResolver.java:74) ~[spring-webmvc-6.1.4.jar:6.1.4]
	at org.springframework.web.servlet.handler.AbstractHandlerExceptionResolver.resolveException(AbstractHandlerExceptionResolver.java:175) ~[spring-webmvc-6.1.4.jar:6.1.4]
	at org.springframework.web.servlet.handler.HandlerExceptionResolverComposite.resolveException(HandlerExceptionResolverComposite.java:80) ~[spring-webmvc-6.1.4.jar:6.1.4]
	at org.springframework.web.servlet.DispatcherServlet.processHandlerException(DispatcherServlet.java:1357) ~[spring-webmvc-6.1.4.jar:6.1.4]
	at org.springframework.web.servlet.DispatcherServlet.processDispatchResult(DispatcherServlet.java:1160) ~[spring-webmvc-6.1.4.jar:6.1.4]
	at org.springframework.web.servlet.DispatcherServlet.doDispatch(DispatcherServlet.java:1106) ~[spring-webmvc-6.1.4.jar:6.1.4]
	at org.springframework.web.servlet.DispatcherServlet.doService(DispatcherServlet.java:979) ~[spring-webmvc-6.1.4.jar:6.1.4]
	at org.springframework.web.servlet.FrameworkServlet.processRequest(FrameworkServlet.java:1014) ~[spring-webmvc-6.1.4.jar:6.1.4]
	at org.springframework.web.servlet.FrameworkServlet.doGet(FrameworkServlet.java:903) ~[spring-webmvc-6.1.4.jar:6.1.4]
	at jakarta.servlet.http.HttpServlet.service(HttpServlet.java:564) ~[tomcat-embed-core-10.1.19.jar:6.0]
	at org.springframework.web.servlet.FrameworkServlet.service(FrameworkServlet.java:885) ~[spring-webmvc-6.1.4.jar:6.1.4]
	at jakarta.servlet.http.HttpServlet.service(HttpServlet.java:658) ~[tomcat-embed-core-10.1.19.jar:6.0]
	at org.apache.catalina.core.ApplicationFilterChain.internalDoFilter(ApplicationFilterChain.java:205) ~[tomcat-embed-core-10.1.19.jar:10.1.19]
	at org.apache.catalina.core.ApplicationFilterChain.doFilter(ApplicationFilterChain.java:149) ~[tomcat-embed-core-10.1.19.jar:10.1.19]
	at org.apache.tomcat.websocket.server.WsFilter.doFilter(WsFilter.java:51) ~[tomcat-embed-websocket-10.1.19.jar:10.1.19]
	at org.apache.catalina.core.ApplicationFilterChain.internalDoFilter(ApplicationFilterChain.java:174) ~[tomcat-embed-core-10.1.19.jar:10.1.19]
	at org.apache.catalina.core.ApplicationFilterChain.doFilter(ApplicationFilterChain.java:149) ~[tomcat-embed-core-10.1.19.jar:10.1.19]
	at org.springframework.web.filter.CompositeFilter$VirtualFilterChain.doFilter(CompositeFilter.java:108) ~[spring-web-6.1.4.jar:6.1.4]
	at org.springframework.security.web.FilterChainProxy.lambda$doFilterInternal$3(FilterChainProxy.java:231) ~[spring-security-web-6.2.2.jar:6.2.2]
	at org.springframework.security.web.FilterChainProxy$VirtualFilterChain.doFilter(FilterChainProxy.java:365) ~[spring-security-web-6.2.2.jar:6.2.2]
	at org.springframework.security.web.access.intercept.AuthorizationFilter.doFilter(AuthorizationFilter.java:100) ~[spring-security-web-6.2.2.jar:6.2.2]
	at org.springframework.security.web.FilterChainProxy$VirtualFilterChain.doFilter(FilterChainProxy.java:374) ~[spring-security-web-6.2.2.jar:6.2.2]
	at org.springframework.security.web.access.ExceptionTranslationFilter.doFilter(ExceptionTranslationFilter.java:126) ~[spring-security-web-6.2.2.jar:6.2.2]
	at org.springframework.security.web.access.ExceptionTranslationFilter.doFilter(ExceptionTranslationFilter.java:120) ~[spring-security-web-6.2.2.jar:6.2.2]
	at org.springframework.security.web.FilterChainProxy$VirtualFilterChain.doFilter(FilterChainProxy.java:374) ~[spring-security-web-6.2.2.jar:6.2.2]
	at org.springframework.security.web.session.SessionManagementFilter.doFilter(SessionManagementFilter.java:131) ~[spring-security-web-6.2.2.jar:6.2.2]
	at org.springframework.security.web.session.SessionManagementFilter.doFilter(SessionManagementFilter.java:85) ~[spring-security-web-6.2.2.jar:6.2.2]
	at org.springframework.security.web.FilterChainProxy$VirtualFilterChain.doFilter(FilterChainProxy.java:374) ~[spring-security-web-6.2.2.jar:6.2.2]
	at org.springframework.security.web.authentication.AnonymousAuthenticationFilter.doFilter(AnonymousAuthenticationFilter.java:100) ~[spring-security-web-6.2.2.jar:6.2.2]
	at org.springframework.security.web.FilterChainProxy$VirtualFilterChain.doFilter(FilterChainProxy.java:374) ~[spring-security-web-6.2.2.jar:6.2.2]
	at org.springframework.security.web.servletapi.SecurityContextHolderAwareRequestFilter.doFilter(SecurityContextHolderAwareRequestFilter.java:179) ~[spring-security-web-6.2.2.jar:6.2.2]
	at org.springframework.security.web.FilterChainProxy$VirtualFilterChain.doFilter(FilterChainProxy.java:374) ~[spring-security-web-6.2.2.jar:6.2.2]
	at org.springframework.security.web.savedrequest.RequestCacheAwareFilter.doFilter(RequestCacheAwareFilter.java:63) ~[spring-security-web-6.2.2.jar:6.2.2]
	at org.springframework.security.web.FilterChainProxy$VirtualFilterChain.doFilter(FilterChainProxy.java:374) ~[spring-security-web-6.2.2.jar:6.2.2]
	at org.springframework.security.web.authentication.logout.LogoutFilter.doFilter(LogoutFilter.java:107) ~[spring-security-web-6.2.2.jar:6.2.2]
	at org.springframework.security.web.authentication.logout.LogoutFilter.doFilter(LogoutFilter.java:93) ~[spring-security-web-6.2.2.jar:6.2.2]
	at org.springframework.security.web.FilterChainProxy$VirtualFilterChain.doFilter(FilterChainProxy.java:374) ~[spring-security-web-6.2.2.jar:6.2.2]
	at org.springframework.web.filter.CorsFilter.doFilterInternal(CorsFilter.java:91) ~[spring-web-6.1.4.jar:6.1.4]
	at org.springframework.web.filter.OncePerRequestFilter.doFilter(OncePerRequestFilter.java:116) ~[spring-web-6.1.4.jar:6.1.4]
	at org.springframework.security.web.FilterChainProxy$VirtualFilterChain.doFilter(FilterChainProxy.java:374) ~[spring-security-web-6.2.2.jar:6.2.2]
	at org.springframework.security.web.header.HeaderWriterFilter.doHeadersAfter(HeaderWriterFilter.java:90) ~[spring-security-web-6.2.2.jar:6.2.2]
	at org.springframework.security.web.header.HeaderWriterFilter.doFilterInternal(HeaderWriterFilter.java:75) ~[spring-security-web-6.2.2.jar:6.2.2]
	at org.springframework.web.filter.OncePerRequestFilter.doFilter(OncePerRequestFilter.java:116) ~[spring-web-6.1.4.jar:6.1.4]
	at org.springframework.security.web.FilterChainProxy$VirtualFilterChain.doFilter(FilterChainProxy.java:374) ~[spring-security-web-6.2.2.jar:6.2.2]
	at org.springframework.security.web.context.SecurityContextHolderFilter.doFilter(SecurityContextHolderFilter.java:82) ~[spring-security-web-6.2.2.jar:6.2.2]
	at org.springframework.security.web.context.SecurityContextHolderFilter.doFilter(SecurityContextHolderFilter.java:69) ~[spring-security-web-6.2.2.jar:6.2.2]
	at org.springframework.security.web.FilterChainProxy$VirtualFilterChain.doFilter(FilterChainProxy.java:374) ~[spring-security-web-6.2.2.jar:6.2.2]
	at org.springframework.security.web.context.request.async.WebAsyncManagerIntegrationFilter.doFilterInternal(WebAsyncManagerIntegrationFilter.java:62) ~[spring-security-web-6.2.2.jar:6.2.2]
	at org.springframework.web.filter.OncePerRequestFilter.doFilter(OncePerRequestFilter.java:116) ~[spring-web-6.1.4.jar:6.1.4]
	at org.springframework.security.web.FilterChainProxy$VirtualFilterChain.doFilter(FilterChainProxy.java:374) ~[spring-security-web-6.2.2.jar:6.2.2]
	at org.springframework.security.web.session.DisableEncodeUrlFilter.doFilterInternal(DisableEncodeUrlFilter.java:42) ~[spring-security-web-6.2.2.jar:6.2.2]
	at org.springframework.web.filter.OncePerRequestFilter.doFilter(OncePerRequestFilter.java:116) ~[spring-web-6.1.4.jar:6.1.4]
	at org.springframework.security.web.FilterChainProxy$VirtualFilterChain.doFilter(FilterChainProxy.java:374) ~[spring-security-web-6.2.2.jar:6.2.2]
	at org.springframework.security.web.FilterChainProxy.doFilterInternal(FilterChainProxy.java:233) ~[spring-security-web-6.2.2.jar:6.2.2]
	at org.springframework.security.web.FilterChainProxy.doFilter(FilterChainProxy.java:191) ~[spring-security-web-6.2.2.jar:6.2.2]
	at org.springframework.web.filter.CompositeFilter$VirtualFilterChain.doFilter(CompositeFilter.java:113) ~[spring-web-6.1.4.jar:6.1.4]
	at org.springframework.web.servlet.handler.HandlerMappingIntrospector.lambda$createCacheFilter$3(HandlerMappingIntrospector.java:195) ~[spring-webmvc-6.1.4.jar:6.1.4]
	at org.springframework.web.filter.CompositeFilter$VirtualFilterChain.doFilter(CompositeFilter.java:113) ~[spring-web-6.1.4.jar:6.1.4]
	at org.springframework.web.filter.CompositeFilter.doFilter(CompositeFilter.java:74) ~[spring-web-6.1.4.jar:6.1.4]
	at org.springframework.security.config.annotation.web.configuration.WebMvcSecurityConfiguration$CompositeFilterChainProxy.doFilter(WebMvcSecurityConfiguration.java:230) ~[spring-security-config-6.2.2.jar:6.2.2]
	at org.springframework.web.filter.DelegatingFilterProxy.invokeDelegate(DelegatingFilterProxy.java:352) ~[spring-web-6.1.4.jar:6.1.4]
	at org.springframework.web.filter.DelegatingFilterProxy.doFilter(DelegatingFilterProxy.java:268) ~[spring-web-6.1.4.jar:6.1.4]
	at org.apache.catalina.core.ApplicationFilterChain.internalDoFilter(ApplicationFilterChain.java:174) ~[tomcat-embed-core-10.1.19.jar:10.1.19]
	at org.apache.catalina.core.ApplicationFilterChain.doFilter(ApplicationFilterChain.java:149) ~[tomcat-embed-core-10.1.19.jar:10.1.19]
	at org.springframework.web.filter.RequestContextFilter.doFilterInternal(RequestContextFilter.java:100) ~[spring-web-6.1.4.jar:6.1.4]
	at org.springframework.web.filter.OncePerRequestFilter.doFilter(OncePerRequestFilter.java:116) ~[spring-web-6.1.4.jar:6.1.4]
	at org.apache.catalina.core.ApplicationFilterChain.internalDoFilter(ApplicationFilterChain.java:174) ~[tomcat-embed-core-10.1.19.jar:10.1.19]
	at org.apache.catalina.core.ApplicationFilterChain.doFilter(ApplicationFilterChain.java:149) ~[tomcat-embed-core-10.1.19.jar:10.1.19]
	at org.springframework.web.filter.FormContentFilter.doFilterInternal(FormContentFilter.java:93) ~[spring-web-6.1.4.jar:6.1.4]
	at org.springframework.web.filter.OncePerRequestFilter.doFilter(OncePerRequestFilter.java:116) ~[spring-web-6.1.4.jar:6.1.4]
	at org.apache.catalina.core.ApplicationFilterChain.internalDoFilter(ApplicationFilterChain.java:174) ~[tomcat-embed-core-10.1.19.jar:10.1.19]
	at org.apache.catalina.core.ApplicationFilterChain.doFilter(ApplicationFilterChain.java:149) ~[tomcat-embed-core-10.1.19.jar:10.1.19]
	at org.springframework.web.filter.CharacterEncodingFilter.doFilterInternal(CharacterEncodingFilter.java:201) ~[spring-web-6.1.4.jar:6.1.4]
	at org.springframework.web.filter.OncePerRequestFilter.doFilter(OncePerRequestFilter.java:116) ~[spring-web-6.1.4.jar:6.1.4]
	at org.apache.catalina.core.ApplicationFilterChain.internalDoFilter(ApplicationFilterChain.java:174) ~[tomcat-embed-core-10.1.19.jar:10.1.19]
	at org.apache.catalina.core.ApplicationFilterChain.doFilter(ApplicationFilterChain.java:149) ~[tomcat-embed-core-10.1.19.jar:10.1.19]
	at org.apache.catalina.core.StandardWrapperValve.invoke(StandardWrapperValve.java:167) ~[tomcat-embed-core-10.1.19.jar:10.1.19]
	at org.apache.catalina.core.StandardContextValve.invoke(StandardContextValve.java:90) ~[tomcat-embed-core-10.1.19.jar:10.1.19]
	at org.apache.catalina.authenticator.AuthenticatorBase.invoke(AuthenticatorBase.java:482) ~[tomcat-embed-core-10.1.19.jar:10.1.19]
	at org.apache.catalina.core.StandardHostValve.invoke(StandardHostValve.java:115) ~[tomcat-embed-core-10.1.19.jar:10.1.19]
	at org.apache.catalina.valves.ErrorReportValve.invoke(ErrorReportValve.java:93) ~[tomcat-embed-core-10.1.19.jar:10.1.19]
	at org.apache.catalina.core.StandardEngineValve.invoke(StandardEngineValve.java:74) ~[tomcat-embed-core-10.1.19.jar:10.1.19]
	at org.apache.catalina.connector.CoyoteAdapter.service(CoyoteAdapter.java:344) ~[tomcat-embed-core-10.1.19.jar:10.1.19]
	at org.apache.coyote.http11.Http11Processor.service(Http11Processor.java:391) ~[tomcat-embed-core-10.1.19.jar:10.1.19]
	at org.apache.coyote.AbstractProcessorLight.process(AbstractProcessorLight.java:63) ~[tomcat-embed-core-10.1.19.jar:10.1.19]
	at org.apache.coyote.AbstractProtocol$ConnectionHandler.process(AbstractProtocol.java:896) ~[tomcat-embed-core-10.1.19.jar:10.1.19]
	at org.apache.tomcat.util.net.NioEndpoint$SocketProcessor.doRun(NioEndpoint.java:1744) ~[tomcat-embed-core-10.1.19.jar:10.1.19]
	at org.apache.tomcat.util.net.SocketProcessorBase.run(SocketProcessorBase.java:52) ~[tomcat-embed-core-10.1.19.jar:10.1.19]
	at org.apache.tomcat.util.threads.ThreadPoolExecutor.runWorker(ThreadPoolExecutor.java:1191) ~[tomcat-embed-core-10.1.19.jar:10.1.19]
	at org.apache.tomcat.util.threads.ThreadPoolExecutor$Worker.run(ThreadPoolExecutor.java:659) ~[tomcat-embed-core-10.1.19.jar:10.1.19]
	at org.apache.tomcat.util.threads.TaskThread$WrappingRunnable.run(TaskThread.java:63) ~[tomcat-embed-core-10.1.19.jar:10.1.19]
	at java.base/java.lang.Thread.run(Thread.java:1583) ~[na:na]

2026-03-16T15:08:50.455+05:30  INFO 18188 --- [http-nio-8080-exec-3] c.s.api.controller.StudentController     : Fetching all students for School ID:1 and Year ID:5
2026-03-16T15:09:12.721+05:30  INFO 18188 --- [http-nio-8080-exec-5] c.s.api.controller.StudentController     : Fetching all students for School ID:1 and Year ID:5
2026-03-16T15:09:12.745+05:30  INFO 18188 --- [http-nio-8080-exec-2] c.s.api.controller.StudentController     : Fetching all students for School ID:1 and Year ID:5
2026-03-16T15:09:25.305+05:30  INFO 18188 --- [http-nio-8080-exec-7] c.s.api.controller.StudentController     : Promoting Student Roll: STU-2026-002 to Class: 3 Section: 4
2026-03-16T15:09:25.607+05:30  INFO 18188 --- [http-nio-8080-exec-1] c.s.api.controller.StudentController     : Fetching all students for School ID:1 and Year ID:5
2026-03-16T15:09:25.718+05:30  INFO 18188 --- [http-nio-8080-exec-10] c.s.api.controller.StudentController     : Fetching all students for School ID:1 and Year ID:5
2026-03-16T15:09:29.210+05:30  INFO 18188 --- [http-nio-8080-exec-4] c.s.api.controller.StudentController     : Fetching all students for School ID:1 and Year ID:5
2026-03-16T15:10:30.136+05:30  INFO 18188 --- [http-nio-8080-exec-5] c.s.api.controller.StudentController     : Fetching all students for School ID:1 and Year ID:5
2026-03-16T15:11:36.538+05:30  INFO 18188 --- [http-nio-8080-exec-8] c.s.api.controller.StudentController     : Fetching all students for School ID:1 and Year ID:5
2026-03-16T15:11:36.562+05:30  INFO 18188 --- [http-nio-8080-exec-3] c.s.api.controller.StudentController     : Fetching all students for School ID:1 and Year ID:5
2026-03-16T15:11:51.965+05:30  INFO 18188 --- [http-nio-8080-exec-10] c.s.api.controller.StudentController     : Fetching all students for School ID:1 and Year ID:5
2026-03-16T15:13:04.898+05:30  INFO 18188 --- [http-nio-8080-exec-10] c.s.api.controller.StudentController     : Fetching all students for School ID:1 and Year ID:5
2026-03-16T15:13:04.929+05:30  INFO 18188 --- [http-nio-8080-exec-7] c.s.api.controller.StudentController     : Fetching all students for School ID:1 and Year ID:5
2026-03-16T15:24:49.315+05:30  INFO 18188 --- [http-nio-8080-exec-7] c.s.api.controller.StudentController     : Fetching all students for School ID:1 and Year ID:4
2026-03-16T15:25:03.025+05:30  INFO 18188 --- [http-nio-8080-exec-7] c.s.api.controller.StudentController     : Fetching all students for School ID:1 and Year ID:4
2026-03-16T15:25:03.136+05:30  INFO 18188 --- [http-nio-8080-exec-4] c.s.api.controller.StudentController     : Fetching all students for School ID:1 and Year ID:4
2026-03-16T15:25:16.879+05:30  INFO 18188 --- [http-nio-8080-exec-1] c.s.api.controller.StudentController     : Fetching all students for School ID:1 and Year ID:4
2026-03-16T15:25:16.892+05:30  INFO 18188 --- [http-nio-8080-exec-10] c.s.api.controller.StudentController     : Fetching all students for School ID:1 and Year ID:4
2026-03-16T15:25:20.253+05:30  INFO 18188 --- [http-nio-8080-exec-6] c.s.api.controller.StudentController     : Fetching all students for School ID:1 and Year ID:4
2026-03-16T15:25:20.270+05:30  INFO 18188 --- [http-nio-8080-exec-3] c.s.api.controller.StudentController     : Fetching all students for School ID:1 and Year ID:4
2026-03-16T15:25:23.998+05:30  INFO 18188 --- [http-nio-8080-exec-9] c.s.api.controller.StudentController     : Fetching all students for School ID:1 and Year ID:4
2026-03-16T15:25:24.016+05:30  INFO 18188 --- [http-nio-8080-exec-2] c.s.api.controller.StudentController     : Fetching all students for School ID:1 and Year ID:4
2026-03-16T15:26:52.333+05:30  INFO 18188 --- [http-nio-8080-exec-3] c.s.api.controller.StudentController     : Fetching all students for School ID:1 and Year ID:4
2026-03-16T15:27:01.723+05:30  INFO 18188 --- [http-nio-8080-exec-4] c.s.api.controller.StudentController     : Fetching all students for School ID:1 and Year ID:4
2026-03-16T15:29:12.719+05:30  INFO 18188 --- [http-nio-8080-exec-9] c.s.api.controller.StudentController     : Fetching all students for School ID:1 and Year ID:2
2026-03-16T15:29:28.863+05:30  INFO 18188 --- [http-nio-8080-exec-3] c.s.api.controller.StudentController     : Fetching all students for School ID:1 and Year ID:4
2026-03-16T15:30:07.699+05:30  INFO 18188 --- [http-nio-8080-exec-1] c.s.api.controller.StudentController     : Fetching all students for School ID:1 and Year ID:5
2026-03-16T15:31:14.637+05:30  INFO 18188 --- [http-nio-8080-exec-5] c.s.api.controller.AuthController        : Login attempt for username: nikunjpatidar8888@gmail.com
2026-03-16T15:31:14.873+05:30  INFO 18188 --- [http-nio-8080-exec-5] c.s.api.serviceImpl.AuthServiceImpl      : Super Admin logged in.
2026-03-16T15:31:14.873+05:30  INFO 18188 --- [http-nio-8080-exec-5] c.s.api.controller.AuthController        : Login successful for username: nikunjpatidar8888@gmail.com, role: ROLE_SUPER_ADMIN
2026-03-16T15:35:25.032+05:30  WARN 18188 --- [http-nio-8080-exec-1] c.s.a.controller.AcademicYearController  : Year change API called. School ID: 1 | New Year: 1999-20
2026-03-16T15:35:25.049+05:30  WARN 18188 --- [http-nio-8080-exec-1] c.s.a.s.AcademicYearServiceImpl          : Year Change START — School ID: 1 | New Year: 1999-20
2026-03-16T15:35:27.098+05:30  INFO 18188 --- [http-nio-8080-exec-1] c.s.a.s.AcademicYearServiceImpl          : Backup saved for download at: C:\smart-school-pro\sms-backend\uploads\backups\mvm_Attendance_2028_29.xlsx
2026-03-16T15:35:27.098+05:30  INFO 18188 --- [http-nio-8080-exec-1] c.s.a.s.AcademicYearServiceImpl          : Backup saved for download at: C:\smart-school-pro\sms-backend\uploads\backups\mvm_Fees_2028_29.xlsx
2026-03-16T15:35:27.098+05:30  INFO 18188 --- [http-nio-8080-exec-1] c.s.a.s.AcademicYearServiceImpl          : Backup saved for download at: C:\smart-school-pro\sms-backend\uploads\backups\mvm_Expenses_2028_29.xlsx
2026-03-16T15:35:27.098+05:30  INFO 18188 --- [http-nio-8080-exec-1] c.s.a.s.AcademicYearServiceImpl          : Backup saved for download at: C:\smart-school-pro\sms-backend\uploads\backups\mvm_Students_2028_29.xlsx
2026-03-16T15:35:32.572+05:30  INFO 18188 --- [http-nio-8080-exec-1] c.s.api.serviceImpl.EmailServiceImpl     : Year-end email sent to: nikunjpatidar6611@gmail.com
2026-03-16T15:35:32.755+05:30  INFO 18188 --- [http-nio-8080-exec-1] c.s.a.s.AcademicYearServiceImpl          : Year Change COMPLETE — All students moved to 1999-20
2026-03-16T15:37:20.920+05:30  INFO 18188 --- [http-nio-8080-exec-1] c.s.a.controller.AcademicYearController  : Initializing first academic year for School ID: 1 | Year: 1541456
2026-03-16T15:37:20.942+05:30 ERROR 18188 --- [http-nio-8080-exec-1] c.s.a.controller.AcademicYearController  : Initialization FAILED: Is school ke liye Academic Year pehle se set hai!
2026-03-16T15:38:40.445+05:30  INFO 18188 --- [http-nio-8080-exec-5] c.s.api.controller.AuthController        : Login attempt for username: nikunjpatidar6611@gmail.com
2026-03-16T15:38:40.602+05:30  INFO 18188 --- [http-nio-8080-exec-5] c.s.api.serviceImpl.AuthServiceImpl      : Principal logged in for school: mvm with Year: 1999-20
2026-03-16T15:38:40.602+05:30  INFO 18188 --- [http-nio-8080-exec-5] c.s.api.controller.AuthController        : Login successful for username: nikunjpatidar6611@gmail.com, role: ROLE_ADMIN
2026-03-16T15:38:40.670+05:30  INFO 18188 --- [http-nio-8080-exec-2] c.s.api.controller.StudentController     : Fetching all students for School ID:1 and Year ID:6
2026-03-16T15:38:42.213+05:30  INFO 18188 --- [http-nio-8080-exec-3] c.s.api.controller.StudentController     : Fetching all students for School ID:1 and Year ID:6
2026-03-16T15:38:42.232+05:30  INFO 18188 --- [http-nio-8080-exec-4] c.s.api.controller.StudentController     : Fetching all students for School ID:1 and Year ID:6
2026-03-16T15:39:00.736+05:30  INFO 18188 --- [http-nio-8080-exec-7] c.s.api.controller.StudentController     : Fetching all students for School ID:1 and Year ID:6
2026-03-16T15:39:00.751+05:30  INFO 18188 --- [http-nio-8080-exec-7] c.s.api.controller.StudentController     : Fetching all students for School ID:1 and Year ID:6
2026-03-16T15:39:11.829+05:30  INFO 18188 --- [http-nio-8080-exec-9] c.s.api.controller.StudentController     : Fetching all students for School ID:1 and Year ID:6
2026-03-16T15:39:11.856+05:30  INFO 18188 --- [http-nio-8080-exec-4] c.s.api.controller.StudentController     : Fetching all students for School ID:1 and Year ID:6
2026-03-16T15:39:15.215+05:30  INFO 18188 --- [http-nio-8080-exec-6] c.s.api.controller.StudentController     : Fetching all students for School ID:1 and Year ID:6
2026-03-16T15:39:15.236+05:30  INFO 18188 --- [http-nio-8080-exec-7] c.s.api.controller.StudentController     : Fetching all students for School ID:1 and Year ID:6
2026-03-16T15:39:22.614+05:30  INFO 18188 --- [http-nio-8080-exec-9] c.s.api.controller.StudentController     : Fetching all students for School ID:1 and Year ID:6
2026-03-16T15:39:22.631+05:30  INFO 18188 --- [http-nio-8080-exec-4] c.s.api.controller.StudentController     : Fetching all students for School ID:1 and Year ID:6
2026-03-16T15:39:29.478+05:30  INFO 18188 --- [http-nio-8080-exec-7] c.s.api.controller.StudentController     : Promoting Student Roll: STU-2026-002 to Class: 2 Section: 3
2026-03-16T15:39:29.537+05:30  INFO 18188 --- [http-nio-8080-exec-10] c.s.api.controller.StudentController     : Fetching all students for School ID:1 and Year ID:6
2026-03-16T15:39:29.558+05:30  INFO 18188 --- [http-nio-8080-exec-8] c.s.api.controller.StudentController     : Fetching all students for School ID:1 and Year ID:6
2026-03-16T15:39:33.063+05:30  INFO 18188 --- [http-nio-8080-exec-1] c.s.api.controller.StudentController     : Fetching all students for School ID:1 and Year ID:6
2026-03-16T15:40:06.645+05:30  INFO 18188 --- [http-nio-8080-exec-10] c.s.api.controller.StudentController     : Fetching all students for School ID:1 and Year ID:6
2026-03-16T15:40:06.660+05:30  INFO 18188 --- [http-nio-8080-exec-8] c.s.api.controller.StudentController     : Fetching all students for School ID:1 and Year ID:6
2026-03-16T15:40:17.380+05:30 ERROR 18188 --- [http-nio-8080-exec-3] c.s.a.exception.GlobalExceptionHandler   : Unexpected error: Fee Structure not defined for this class

java.lang.RuntimeException: Fee Structure not defined for this class
	at com.smartschool.api.controller.FeeController.lambda$getStudentFeeDetails$2(FeeController.java:80) ~[classes/:na]
	at java.base/java.util.Optional.orElseThrow(Optional.java:403) ~[na:na]
	at com.smartschool.api.controller.FeeController.lambda$getStudentFeeDetails$3(FeeController.java:80) ~[classes/:na]
	at java.base/java.util.Optional.orElseGet(Optional.java:364) ~[na:na]
	at com.smartschool.api.controller.FeeController.getStudentFeeDetails(FeeController.java:77) ~[classes/:na]
	at java.base/jdk.internal.reflect.DirectMethodHandleAccessor.invoke(DirectMethodHandleAccessor.java:103) ~[na:na]
	at java.base/java.lang.reflect.Method.invoke(Method.java:580) ~[na:na]
	at org.springframework.aop.support.AopUtils.invokeJoinpointUsingReflection(AopUtils.java:351) ~[spring-aop-6.1.4.jar:6.1.4]
	at org.springframework.aop.framework.CglibAopProxy$DynamicAdvisedInterceptor.intercept(CglibAopProxy.java:713) ~[spring-aop-6.1.4.jar:6.1.4]
	at com.smartschool.api.controller.FeeController$$SpringCGLIB$$0.getStudentFeeDetails(<generated>) ~[classes/:na]
	at java.base/jdk.internal.reflect.DirectMethodHandleAccessor.invoke(DirectMethodHandleAccessor.java:103) ~[na:na]
	at java.base/java.lang.reflect.Method.invoke(Method.java:580) ~[na:na]
	at org.springframework.web.method.support.InvocableHandlerMethod.doInvoke(InvocableHandlerMethod.java:259) ~[spring-web-6.1.4.jar:6.1.4]
	at org.springframework.web.method.support.InvocableHandlerMethod.invokeForRequest(InvocableHandlerMethod.java:192) ~[spring-web-6.1.4.jar:6.1.4]
	at org.springframework.web.servlet.mvc.method.annotation.ServletInvocableHandlerMethod.invokeAndHandle(ServletInvocableHandlerMethod.java:118) ~[spring-webmvc-6.1.4.jar:6.1.4]
	at org.springframework.web.servlet.mvc.method.annotation.RequestMappingHandlerAdapter.invokeHandlerMethod(RequestMappingHandlerAdapter.java:920) ~[spring-webmvc-6.1.4.jar:6.1.4]
	at org.springframework.web.servlet.mvc.method.annotation.RequestMappingHandlerAdapter.handleInternal(RequestMappingHandlerAdapter.java:830) ~[spring-webmvc-6.1.4.jar:6.1.4]
	at org.springframework.web.servlet.mvc.method.AbstractHandlerMethodAdapter.handle(AbstractHandlerMethodAdapter.java:87) ~[spring-webmvc-6.1.4.jar:6.1.4]
	at org.springframework.web.servlet.DispatcherServlet.doDispatch(DispatcherServlet.java:1089) ~[spring-webmvc-6.1.4.jar:6.1.4]
	at org.springframework.web.servlet.DispatcherServlet.doService(DispatcherServlet.java:979) ~[spring-webmvc-6.1.4.jar:6.1.4]
	at org.springframework.web.servlet.FrameworkServlet.processRequest(FrameworkServlet.java:1014) ~[spring-webmvc-6.1.4.jar:6.1.4]
	at org.springframework.web.servlet.FrameworkServlet.doGet(FrameworkServlet.java:903) ~[spring-webmvc-6.1.4.jar:6.1.4]
	at jakarta.servlet.http.HttpServlet.service(HttpServlet.java:564) ~[tomcat-embed-core-10.1.19.jar:6.0]
	at org.springframework.web.servlet.FrameworkServlet.service(FrameworkServlet.java:885) ~[spring-webmvc-6.1.4.jar:6.1.4]
	at jakarta.servlet.http.HttpServlet.service(HttpServlet.java:658) ~[tomcat-embed-core-10.1.19.jar:6.0]
	at org.apache.catalina.core.ApplicationFilterChain.internalDoFilter(ApplicationFilterChain.java:205) ~[tomcat-embed-core-10.1.19.jar:10.1.19]
	at org.apache.catalina.core.ApplicationFilterChain.doFilter(ApplicationFilterChain.java:149) ~[tomcat-embed-core-10.1.19.jar:10.1.19]
	at org.apache.tomcat.websocket.server.WsFilter.doFilter(WsFilter.java:51) ~[tomcat-embed-websocket-10.1.19.jar:10.1.19]
	at org.apache.catalina.core.ApplicationFilterChain.internalDoFilter(ApplicationFilterChain.java:174) ~[tomcat-embed-core-10.1.19.jar:10.1.19]
	at org.apache.catalina.core.ApplicationFilterChain.doFilter(ApplicationFilterChain.java:149) ~[tomcat-embed-core-10.1.19.jar:10.1.19]
	at org.springframework.web.filter.CompositeFilter$VirtualFilterChain.doFilter(CompositeFilter.java:108) ~[spring-web-6.1.4.jar:6.1.4]
	at org.springframework.security.web.FilterChainProxy.lambda$doFilterInternal$3(FilterChainProxy.java:231) ~[spring-security-web-6.2.2.jar:6.2.2]
	at org.springframework.security.web.FilterChainProxy$VirtualFilterChain.doFilter(FilterChainProxy.java:365) ~[spring-security-web-6.2.2.jar:6.2.2]
	at org.springframework.security.web.access.intercept.AuthorizationFilter.doFilter(AuthorizationFilter.java:100) ~[spring-security-web-6.2.2.jar:6.2.2]
	at org.springframework.security.web.FilterChainProxy$VirtualFilterChain.doFilter(FilterChainProxy.java:374) ~[spring-security-web-6.2.2.jar:6.2.2]
	at org.springframework.security.web.access.ExceptionTranslationFilter.doFilter(ExceptionTranslationFilter.java:126) ~[spring-security-web-6.2.2.jar:6.2.2]
	at org.springframework.security.web.access.ExceptionTranslationFilter.doFilter(ExceptionTranslationFilter.java:120) ~[spring-security-web-6.2.2.jar:6.2.2]
	at org.springframework.security.web.FilterChainProxy$VirtualFilterChain.doFilter(FilterChainProxy.java:374) ~[spring-security-web-6.2.2.jar:6.2.2]
	at org.springframework.security.web.session.SessionManagementFilter.doFilter(SessionManagementFilter.java:131) ~[spring-security-web-6.2.2.jar:6.2.2]
	at org.springframework.security.web.session.SessionManagementFilter.doFilter(SessionManagementFilter.java:85) ~[spring-security-web-6.2.2.jar:6.2.2]
	at org.springframework.security.web.FilterChainProxy$VirtualFilterChain.doFilter(FilterChainProxy.java:374) ~[spring-security-web-6.2.2.jar:6.2.2]
	at org.springframework.security.web.authentication.AnonymousAuthenticationFilter.doFilter(AnonymousAuthenticationFilter.java:100) ~[spring-security-web-6.2.2.jar:6.2.2]
	at org.springframework.security.web.FilterChainProxy$VirtualFilterChain.doFilter(FilterChainProxy.java:374) ~[spring-security-web-6.2.2.jar:6.2.2]
	at org.springframework.security.web.servletapi.SecurityContextHolderAwareRequestFilter.doFilter(SecurityContextHolderAwareRequestFilter.java:179) ~[spring-security-web-6.2.2.jar:6.2.2]
	at org.springframework.security.web.FilterChainProxy$VirtualFilterChain.doFilter(FilterChainProxy.java:374) ~[spring-security-web-6.2.2.jar:6.2.2]
	at org.springframework.security.web.savedrequest.RequestCacheAwareFilter.doFilter(RequestCacheAwareFilter.java:63) ~[spring-security-web-6.2.2.jar:6.2.2]
	at org.springframework.security.web.FilterChainProxy$VirtualFilterChain.doFilter(FilterChainProxy.java:374) ~[spring-security-web-6.2.2.jar:6.2.2]
	at org.springframework.security.web.authentication.logout.LogoutFilter.doFilter(LogoutFilter.java:107) ~[spring-security-web-6.2.2.jar:6.2.2]
	at org.springframework.security.web.authentication.logout.LogoutFilter.doFilter(LogoutFilter.java:93) ~[spring-security-web-6.2.2.jar:6.2.2]
	at org.springframework.security.web.FilterChainProxy$VirtualFilterChain.doFilter(FilterChainProxy.java:374) ~[spring-security-web-6.2.2.jar:6.2.2]
	at org.springframework.web.filter.CorsFilter.doFilterInternal(CorsFilter.java:91) ~[spring-web-6.1.4.jar:6.1.4]
	at org.springframework.web.filter.OncePerRequestFilter.doFilter(OncePerRequestFilter.java:116) ~[spring-web-6.1.4.jar:6.1.4]
	at org.springframework.security.web.FilterChainProxy$VirtualFilterChain.doFilter(FilterChainProxy.java:374) ~[spring-security-web-6.2.2.jar:6.2.2]
	at org.springframework.security.web.header.HeaderWriterFilter.doHeadersAfter(HeaderWriterFilter.java:90) ~[spring-security-web-6.2.2.jar:6.2.2]
	at org.springframework.security.web.header.HeaderWriterFilter.doFilterInternal(HeaderWriterFilter.java:75) ~[spring-security-web-6.2.2.jar:6.2.2]
	at org.springframework.web.filter.OncePerRequestFilter.doFilter(OncePerRequestFilter.java:116) ~[spring-web-6.1.4.jar:6.1.4]
	at org.springframework.security.web.FilterChainProxy$VirtualFilterChain.doFilter(FilterChainProxy.java:374) ~[spring-security-web-6.2.2.jar:6.2.2]
	at org.springframework.security.web.context.SecurityContextHolderFilter.doFilter(SecurityContextHolderFilter.java:82) ~[spring-security-web-6.2.2.jar:6.2.2]
	at org.springframework.security.web.context.SecurityContextHolderFilter.doFilter(SecurityContextHolderFilter.java:69) ~[spring-security-web-6.2.2.jar:6.2.2]
	at org.springframework.security.web.FilterChainProxy$VirtualFilterChain.doFilter(FilterChainProxy.java:374) ~[spring-security-web-6.2.2.jar:6.2.2]
	at org.springframework.security.web.context.request.async.WebAsyncManagerIntegrationFilter.doFilterInternal(WebAsyncManagerIntegrationFilter.java:62) ~[spring-security-web-6.2.2.jar:6.2.2]
	at org.springframework.web.filter.OncePerRequestFilter.doFilter(OncePerRequestFilter.java:116) ~[spring-web-6.1.4.jar:6.1.4]
	at org.springframework.security.web.FilterChainProxy$VirtualFilterChain.doFilter(FilterChainProxy.java:374) ~[spring-security-web-6.2.2.jar:6.2.2]
	at org.springframework.security.web.session.DisableEncodeUrlFilter.doFilterInternal(DisableEncodeUrlFilter.java:42) ~[spring-security-web-6.2.2.jar:6.2.2]
	at org.springframework.web.filter.OncePerRequestFilter.doFilter(OncePerRequestFilter.java:116) ~[spring-web-6.1.4.jar:6.1.4]
	at org.springframework.security.web.FilterChainProxy$VirtualFilterChain.doFilter(FilterChainProxy.java:374) ~[spring-security-web-6.2.2.jar:6.2.2]
	at org.springframework.security.web.FilterChainProxy.doFilterInternal(FilterChainProxy.java:233) ~[spring-security-web-6.2.2.jar:6.2.2]
	at org.springframework.security.web.FilterChainProxy.doFilter(FilterChainProxy.java:191) ~[spring-security-web-6.2.2.jar:6.2.2]
	at org.springframework.web.filter.CompositeFilter$VirtualFilterChain.doFilter(CompositeFilter.java:113) ~[spring-web-6.1.4.jar:6.1.4]
	at org.springframework.web.servlet.handler.HandlerMappingIntrospector.lambda$createCacheFilter$3(HandlerMappingIntrospector.java:195) ~[spring-webmvc-6.1.4.jar:6.1.4]
	at org.springframework.web.filter.CompositeFilter$VirtualFilterChain.doFilter(CompositeFilter.java:113) ~[spring-web-6.1.4.jar:6.1.4]
	at org.springframework.web.filter.CompositeFilter.doFilter(CompositeFilter.java:74) ~[spring-web-6.1.4.jar:6.1.4]
	at org.springframework.security.config.annotation.web.configuration.WebMvcSecurityConfiguration$CompositeFilterChainProxy.doFilter(WebMvcSecurityConfiguration.java:230) ~[spring-security-config-6.2.2.jar:6.2.2]
	at org.springframework.web.filter.DelegatingFilterProxy.invokeDelegate(DelegatingFilterProxy.java:352) ~[spring-web-6.1.4.jar:6.1.4]
	at org.springframework.web.filter.DelegatingFilterProxy.doFilter(DelegatingFilterProxy.java:268) ~[spring-web-6.1.4.jar:6.1.4]
	at org.apache.catalina.core.ApplicationFilterChain.internalDoFilter(ApplicationFilterChain.java:174) ~[tomcat-embed-core-10.1.19.jar:10.1.19]
	at org.apache.catalina.core.ApplicationFilterChain.doFilter(ApplicationFilterChain.java:149) ~[tomcat-embed-core-10.1.19.jar:10.1.19]
	at org.springframework.web.filter.RequestContextFilter.doFilterInternal(RequestContextFilter.java:100) ~[spring-web-6.1.4.jar:6.1.4]
	at org.springframework.web.filter.OncePerRequestFilter.doFilter(OncePerRequestFilter.java:116) ~[spring-web-6.1.4.jar:6.1.4]
	at org.apache.catalina.core.ApplicationFilterChain.internalDoFilter(ApplicationFilterChain.java:174) ~[tomcat-embed-core-10.1.19.jar:10.1.19]
	at org.apache.catalina.core.ApplicationFilterChain.doFilter(ApplicationFilterChain.java:149) ~[tomcat-embed-core-10.1.19.jar:10.1.19]
	at org.springframework.web.filter.FormContentFilter.doFilterInternal(FormContentFilter.java:93) ~[spring-web-6.1.4.jar:6.1.4]
	at org.springframework.web.filter.OncePerRequestFilter.doFilter(OncePerRequestFilter.java:116) ~[spring-web-6.1.4.jar:6.1.4]
	at org.apache.catalina.core.ApplicationFilterChain.internalDoFilter(ApplicationFilterChain.java:174) ~[tomcat-embed-core-10.1.19.jar:10.1.19]
	at org.apache.catalina.core.ApplicationFilterChain.doFilter(ApplicationFilterChain.java:149) ~[tomcat-embed-core-10.1.19.jar:10.1.19]
	at org.springframework.web.filter.CharacterEncodingFilter.doFilterInternal(CharacterEncodingFilter.java:201) ~[spring-web-6.1.4.jar:6.1.4]
	at org.springframework.web.filter.OncePerRequestFilter.doFilter(OncePerRequestFilter.java:116) ~[spring-web-6.1.4.jar:6.1.4]
	at org.apache.catalina.core.ApplicationFilterChain.internalDoFilter(ApplicationFilterChain.java:174) ~[tomcat-embed-core-10.1.19.jar:10.1.19]
	at org.apache.catalina.core.ApplicationFilterChain.doFilter(ApplicationFilterChain.java:149) ~[tomcat-embed-core-10.1.19.jar:10.1.19]
	at org.apache.catalina.core.StandardWrapperValve.invoke(StandardWrapperValve.java:167) ~[tomcat-embed-core-10.1.19.jar:10.1.19]
	at org.apache.catalina.core.StandardContextValve.invoke(StandardContextValve.java:90) ~[tomcat-embed-core-10.1.19.jar:10.1.19]
	at org.apache.catalina.authenticator.AuthenticatorBase.invoke(AuthenticatorBase.java:482) ~[tomcat-embed-core-10.1.19.jar:10.1.19]
	at org.apache.catalina.core.StandardHostValve.invoke(StandardHostValve.java:115) ~[tomcat-embed-core-10.1.19.jar:10.1.19]
	at org.apache.catalina.valves.ErrorReportValve.invoke(ErrorReportValve.java:93) ~[tomcat-embed-core-10.1.19.jar:10.1.19]
	at org.apache.catalina.core.StandardEngineValve.invoke(StandardEngineValve.java:74) ~[tomcat-embed-core-10.1.19.jar:10.1.19]
	at org.apache.catalina.connector.CoyoteAdapter.service(CoyoteAdapter.java:344) ~[tomcat-embed-core-10.1.19.jar:10.1.19]
	at org.apache.coyote.http11.Http11Processor.service(Http11Processor.java:391) ~[tomcat-embed-core-10.1.19.jar:10.1.19]
	at org.apache.coyote.AbstractProcessorLight.process(AbstractProcessorLight.java:63) ~[tomcat-embed-core-10.1.19.jar:10.1.19]
	at org.apache.coyote.AbstractProtocol$ConnectionHandler.process(AbstractProtocol.java:896) ~[tomcat-embed-core-10.1.19.jar:10.1.19]
	at org.apache.tomcat.util.net.NioEndpoint$SocketProcessor.doRun(NioEndpoint.java:1744) ~[tomcat-embed-core-10.1.19.jar:10.1.19]
	at org.apache.tomcat.util.net.SocketProcessorBase.run(SocketProcessorBase.java:52) ~[tomcat-embed-core-10.1.19.jar:10.1.19]
	at org.apache.tomcat.util.threads.ThreadPoolExecutor.runWorker(ThreadPoolExecutor.java:1191) ~[tomcat-embed-core-10.1.19.jar:10.1.19]
	at org.apache.tomcat.util.threads.ThreadPoolExecutor$Worker.run(ThreadPoolExecutor.java:659) ~[tomcat-embed-core-10.1.19.jar:10.1.19]
	at org.apache.tomcat.util.threads.TaskThread$WrappingRunnable.run(TaskThread.java:63) ~[tomcat-embed-core-10.1.19.jar:10.1.19]
	at java.base/java.lang.Thread.run(Thread.java:1583) ~[na:na]

2026-03-16T15:41:15.907+05:30  INFO 18188 --- [http-nio-8080-exec-10] c.s.api.controller.AuthController        : Login attempt for username: nikunjpatidar8888@gmail.com
2026-03-16T15:41:16.039+05:30  INFO 18188 --- [http-nio-8080-exec-10] c.s.api.serviceImpl.AuthServiceImpl      : Super Admin logged in.
2026-03-16T15:41:16.039+05:30  INFO 18188 --- [http-nio-8080-exec-10] c.s.api.controller.AuthController        : Login successful for username: nikunjpatidar8888@gmail.com, role: ROLE_SUPER_ADMIN
2026-03-16T15:41:37.041+05:30  WARN 18188 --- [http-nio-8080-exec-4] c.s.a.controller.AcademicYearController  : Year change API called. School ID: 1 | New Year: 2030-31
2026-03-16T15:41:37.047+05:30  WARN 18188 --- [http-nio-8080-exec-4] c.s.a.s.AcademicYearServiceImpl          : Year Change START — School ID: 1 | New Year: 2030-31
2026-03-16T15:41:37.329+05:30  INFO 18188 --- [http-nio-8080-exec-4] c.s.a.s.AcademicYearServiceImpl          : Backup saved for download at: C:\smart-school-pro\sms-backend\uploads\backups\mvm_Attendance_1999_20.xlsx
2026-03-16T15:41:37.330+05:30  INFO 18188 --- [http-nio-8080-exec-4] c.s.a.s.AcademicYearServiceImpl          : Backup saved for download at: C:\smart-school-pro\sms-backend\uploads\backups\mvm_Fees_1999_20.xlsx
2026-03-16T15:41:37.334+05:30  INFO 18188 --- [http-nio-8080-exec-4] c.s.a.s.AcademicYearServiceImpl          : Backup saved for download at: C:\smart-school-pro\sms-backend\uploads\backups\mvm_Expenses_1999_20.xlsx
2026-03-16T15:41:37.334+05:30  INFO 18188 --- [http-nio-8080-exec-4] c.s.a.s.AcademicYearServiceImpl          : Backup saved for download at: C:\smart-school-pro\sms-backend\uploads\backups\mvm_Students_1999_20.xlsx
2026-03-16T15:41:43.066+05:30  INFO 18188 --- [http-nio-8080-exec-4] c.s.api.serviceImpl.EmailServiceImpl     : Year-end email sent to: nikunjpatidar6611@gmail.com
2026-03-16T15:41:43.114+05:30  INFO 18188 --- [http-nio-8080-exec-4] c.s.a.s.AcademicYearServiceImpl          : Due of 10000.0 saved for student Nikunj Patidar
2026-03-16T15:41:43.128+05:30  INFO 18188 --- [http-nio-8080-exec-4] c.s.a.s.AcademicYearServiceImpl          : Year Change COMPLETE — All students moved to 2030-31
2026-03-16T15:42:10.997+05:30  INFO 18188 --- [http-nio-8080-exec-7] c.s.api.controller.AuthController        : Login attempt for username: nikunjpatidar888@gmail.com
2026-03-16T15:42:11.005+05:30 ERROR 18188 --- [http-nio-8080-exec-7] c.s.api.serviceImpl.AuthServiceImpl      : User NOT FOUND in DB: nikunjpatidar888@gmail.com
2026-03-16T15:42:11.005+05:30  WARN 18188 --- [http-nio-8080-exec-7] c.s.api.controller.AuthController        : Login FAILED for username: nikunjpatidar888@gmail.com | Reason: User not found!
2026-03-16T15:42:26.864+05:30  INFO 18188 --- [http-nio-8080-exec-1] c.s.api.controller.AuthController        : Login attempt for username: nikunjpatidar6611@gmail.com
2026-03-16T15:42:27.030+05:30  INFO 18188 --- [http-nio-8080-exec-1] c.s.api.serviceImpl.AuthServiceImpl      : Principal logged in for school: mvm with Year: 2030-31
2026-03-16T15:42:27.030+05:30  INFO 18188 --- [http-nio-8080-exec-1] c.s.api.controller.AuthController        : Login successful for username: nikunjpatidar6611@gmail.com, role: ROLE_ADMIN
2026-03-16T15:42:27.081+05:30  INFO 18188 --- [http-nio-8080-exec-3] c.s.api.controller.StudentController     : Fetching all students for School ID:1 and Year ID:7
2026-03-16T15:42:28.716+05:30  INFO 18188 --- [http-nio-8080-exec-2] c.s.api.controller.StudentController     : Fetching all students for School ID:1 and Year ID:7
2026-03-16T15:42:28.726+05:30  INFO 18188 --- [http-nio-8080-exec-1] c.s.api.controller.StudentController     : Fetching all students for School ID:1 and Year ID:7
2026-03-16T15:42:33.687+05:30  INFO 18188 --- [http-nio-8080-exec-7] c.s.api.controller.StudentController     : Fetching all students for School ID:1 and Year ID:7
2026-03-16T15:42:33.691+05:30  INFO 18188 --- [http-nio-8080-exec-10] c.s.api.controller.StudentController     : Fetching all students for School ID:1 and Year ID:7
2026-03-16T15:42:45.466+05:30  INFO 18188 --- [http-nio-8080-exec-5] c.s.api.controller.StudentController     : Fetching all students for School ID:1 and Year ID:7
2026-03-16T15:42:45.475+05:30  INFO 18188 --- [http-nio-8080-exec-8] c.s.api.controller.StudentController     : Fetching all students for School ID:1 and Year ID:7
2026-03-16T15:42:56.716+05:30  INFO 18188 --- [http-nio-8080-exec-10] c.s.api.controller.StudentController     : Promoting Student Roll: STU-2026-002 to Class: 3 Section: 4
2026-03-16T15:42:56.761+05:30  INFO 18188 --- [http-nio-8080-exec-3] c.s.api.controller.StudentController     : Fetching all students for School ID:1 and Year ID:7
2026-03-16T15:42:56.782+05:30  INFO 18188 --- [http-nio-8080-exec-9] c.s.api.controller.StudentController     : Fetching all students for School ID:1 and Year ID:7
2026-03-16T15:43:00.295+05:30  INFO 18188 --- [http-nio-8080-exec-2] c.s.api.controller.StudentController     : Fetching all students for School ID:1 and Year ID:7
2026-03-16T15:44:48.405+05:30  INFO 18188 --- [http-nio-8080-exec-10] c.s.api.controller.StudentController     : Fetching all students for School ID:1 and Year ID:7
2026-03-16T15:44:48.426+05:30  INFO 18188 --- [http-nio-8080-exec-4] c.s.api.controller.StudentController     : Fetching all students for School ID:1 and Year ID:7
2026-03-16T15:47:08.194+05:30  INFO 18188 --- [http-nio-8080-exec-5] c.s.api.controller.StudentController     : Fetching all students for School ID:1 and Year ID:7
2026-03-16T15:47:08.211+05:30  INFO 18188 --- [http-nio-8080-exec-7] c.s.api.controller.StudentController     : Fetching all students for School ID:1 and Year ID:7
2026-03-16T15:49:28.265+05:30  INFO 18188 --- [http-nio-8080-exec-4] c.s.api.controller.AuthController        : Login attempt for username: nikunjpatidar8888@gmail.com
2026-03-16T15:49:28.519+05:30  INFO 18188 --- [http-nio-8080-exec-4] c.s.api.serviceImpl.AuthServiceImpl      : Super Admin logged in.
2026-03-16T15:49:28.519+05:30  INFO 18188 --- [http-nio-8080-exec-4] c.s.api.controller.AuthController        : Login successful for username: nikunjpatidar8888@gmail.com, role: ROLE_SUPER_ADMIN
2026-03-16T15:49:48.746+05:30  WARN 18188 --- [http-nio-8080-exec-5] c.s.a.controller.AcademicYearController  : Year change API called. School ID: 1 | New Year: 2031-32
2026-03-16T15:49:48.762+05:30  WARN 18188 --- [http-nio-8080-exec-5] c.s.a.s.AcademicYearServiceImpl          : Year Change START — School ID: 1 | New Year: 2031-32
2026-03-16T15:49:49.137+05:30  INFO 18188 --- [http-nio-8080-exec-5] c.s.a.s.AcademicYearServiceImpl          : Backup saved for download at: C:\smart-school-pro\sms-backend\uploads\backups\mvm_Attendance_2030_31.xlsx
2026-03-16T15:49:49.137+05:30  INFO 18188 --- [http-nio-8080-exec-5] c.s.a.s.AcademicYearServiceImpl          : Backup saved for download at: C:\smart-school-pro\sms-backend\uploads\backups\mvm_Fees_2030_31.xlsx
2026-03-16T15:49:49.137+05:30  INFO 18188 --- [http-nio-8080-exec-5] c.s.a.s.AcademicYearServiceImpl          : Backup saved for download at: C:\smart-school-pro\sms-backend\uploads\backups\mvm_Expenses_2030_31.xlsx
2026-03-16T15:49:49.141+05:30  INFO 18188 --- [http-nio-8080-exec-5] c.s.a.s.AcademicYearServiceImpl          : Backup saved for download at: C:\smart-school-pro\sms-backend\uploads\backups\mvm_Students_2030_31.xlsx
2026-03-16T15:49:54.380+05:30  INFO 18188 --- [http-nio-8080-exec-5] c.s.api.serviceImpl.EmailServiceImpl     : Year-end email sent to: nikunjpatidar6611@gmail.com
2026-03-16T15:49:54.401+05:30  INFO 18188 --- [http-nio-8080-exec-5] c.s.a.s.AcademicYearServiceImpl          : Due of 4000.0 saved for student Nikunj Patidar
2026-03-16T15:49:54.450+05:30  INFO 18188 --- [http-nio-8080-exec-5] c.s.a.s.AcademicYearServiceImpl          : Year Change COMPLETE — All students moved to 2031-32
2026-03-16T15:50:18.377+05:30  INFO 18188 --- [http-nio-8080-exec-3] c.s.api.controller.AuthController        : Login attempt for username: nikunjpatidar6611@gmail.com
2026-03-16T15:50:18.524+05:30  INFO 18188 --- [http-nio-8080-exec-3] c.s.api.serviceImpl.AuthServiceImpl      : Principal logged in for school: mvm with Year: 2031-32
2026-03-16T15:50:18.526+05:30  INFO 18188 --- [http-nio-8080-exec-3] c.s.api.controller.AuthController        : Login successful for username: nikunjpatidar6611@gmail.com, role: ROLE_ADMIN
2026-03-16T15:50:18.596+05:30  INFO 18188 --- [http-nio-8080-exec-10] c.s.api.controller.StudentController     : Fetching all students for School ID:1 and Year ID:8
2026-03-16T15:50:20.096+05:30  INFO 18188 --- [http-nio-8080-exec-5] c.s.api.controller.StudentController     : Fetching all students for School ID:1 and Year ID:8
2026-03-16T15:50:20.112+05:30  INFO 18188 --- [http-nio-8080-exec-5] c.s.api.controller.StudentController     : Fetching all students for School ID:1 and Year ID:8
2026-03-16T15:50:30.844+05:30  INFO 18188 --- [http-nio-8080-exec-8] c.s.api.controller.StudentController     : Fetching all students for School ID:1 and Year ID:8
2026-03-16T15:50:30.862+05:30  INFO 18188 --- [http-nio-8080-exec-8] c.s.api.controller.StudentController     : Fetching all students for School ID:1 and Year ID:8
2026-03-16T15:50:38.798+05:30  INFO 18188 --- [http-nio-8080-exec-2] c.s.api.controller.StudentController     : Fetching all students for School ID:1 and Year ID:8
2026-03-16T15:50:38.811+05:30  INFO 18188 --- [http-nio-8080-exec-3] c.s.api.controller.StudentController     : Fetching all students for School ID:1 and Year ID:8
2026-03-16T15:50:40.648+05:30  INFO 18188 --- [http-nio-8080-exec-7] c.s.api.controller.StudentController     : Fetching all students for School ID:1 and Year ID:8
2026-03-16T15:50:40.663+05:30  INFO 18188 --- [http-nio-8080-exec-4] c.s.api.controller.StudentController     : Fetching all students for School ID:1 and Year ID:8
2026-03-16T15:50:55.794+05:30  INFO 18188 --- [http-nio-8080-exec-2] c.s.api.controller.StudentController     : Fetching all students for School ID:1 and Year ID:8
2026-03-16T15:50:55.803+05:30  INFO 18188 --- [http-nio-8080-exec-2] c.s.api.controller.StudentController     : Fetching all students for School ID:1 and Year ID:8
2026-03-16T16:55:47.901+05:30  WARN 18188 --- [SmartSchoolHikariPool housekeeper] com.zaxxer.hikari.pool.HikariPool        : SmartSchoolHikariPool - Thread starvation or clock leap detected (housekeeper delta=51m31s543ms413µs900ns).
2026-03-16T17:13:09.138+05:30  WARN 18188 --- [SmartSchoolHikariPool housekeeper] com.zaxxer.hikari.pool.HikariPool        : SmartSchoolHikariPool - Thread starvation or clock leap detected (housekeeper delta=3m50s871ms935µs900ns).
2026-03-16T17:15:00.160+05:30  INFO 18188 --- [SpringApplicationShutdownHook] j.LocalContainerEntityManagerFactoryBean : Closing JPA EntityManagerFactory for persistence unit 'default'
2026-03-16T17:15:00.260+05:30  INFO 18188 --- [SpringApplicationShutdownHook] com.zaxxer.hikari.HikariDataSource       : SmartSchoolHikariPool - Shutdown initiated...
2026-03-16T17:15:00.304+05:30  INFO 18188 --- [SpringApplicationShutdownHook] com.zaxxer.hikari.HikariDataSource       : SmartSchoolHikariPool - Shutdown completed.
2026-03-16T17:15:08.256+05:30  INFO 17244 --- [main] c.smartschool.api.SmsBackendApplication  : Starting SmsBackendApplication using Java 21.0.9 with PID 17244 (C:\smart-school-pro\sms-backend\sms-backend\target\classes started by nikun in C:\smart-school-pro\sms-backend)
2026-03-16T17:15:08.258+05:30  INFO 17244 --- [main] c.smartschool.api.SmsBackendApplication  : No active profile set, falling back to 1 default profile: "default"
2026-03-16T17:15:09.368+05:30  INFO 17244 --- [main] .s.d.r.c.RepositoryConfigurationDelegate : Bootstrapping Spring Data JPA repositories in DEFAULT mode.
2026-03-16T17:15:09.515+05:30  INFO 17244 --- [main] .s.d.r.c.RepositoryConfigurationDelegate : Finished Spring Data repository scanning in 141 ms. Found 18 JPA repository interfaces.
2026-03-16T17:15:10.431+05:30  INFO 17244 --- [main] o.s.b.w.embedded.tomcat.TomcatWebServer  : Tomcat initialized with port 8080 (http)
2026-03-16T17:15:10.440+05:30  INFO 17244 --- [main] o.apache.catalina.core.StandardService   : Starting service [Tomcat]
2026-03-16T17:15:10.440+05:30  INFO 17244 --- [main] o.apache.catalina.core.StandardEngine    : Starting Servlet engine: [Apache Tomcat/10.1.19]
2026-03-16T17:15:10.538+05:30  INFO 17244 --- [main] o.a.c.c.C.[Tomcat].[localhost].[/]       : Initializing Spring embedded WebApplicationContext
2026-03-16T17:15:10.538+05:30  INFO 17244 --- [main] w.s.c.ServletWebServerApplicationContext : Root WebApplicationContext: initialization completed in 2221 ms
2026-03-16T17:15:10.761+05:30  INFO 17244 --- [main] o.hibernate.jpa.internal.util.LogHelper  : HHH000204: Processing PersistenceUnitInfo [name: default]
2026-03-16T17:15:10.824+05:30  INFO 17244 --- [main] org.hibernate.Version                    : HHH000412: Hibernate ORM core version 6.4.4.Final
2026-03-16T17:15:10.869+05:30  INFO 17244 --- [main] o.h.c.internal.RegionFactoryInitiator    : HHH000026: Second-level cache disabled
2026-03-16T17:15:11.177+05:30  INFO 17244 --- [main] o.s.o.j.p.SpringPersistenceUnitInfo      : No LoadTimeWeaver setup: ignoring JPA class transformer
2026-03-16T17:15:11.204+05:30  INFO 17244 --- [main] com.zaxxer.hikari.HikariDataSource       : SmartSchoolHikariPool - Starting...
2026-03-16T17:15:11.426+05:30  INFO 17244 --- [main] com.zaxxer.hikari.pool.HikariPool        : SmartSchoolHikariPool - Added connection com.mysql.cj.jdbc.ConnectionImpl@1d77746b
2026-03-16T17:15:11.426+05:30  INFO 17244 --- [main] com.zaxxer.hikari.HikariDataSource       : SmartSchoolHikariPool - Start completed.
2026-03-16T17:15:11.538+05:30  WARN 17244 --- [main] org.hibernate.orm.deprecation            : HHH90000025: MySQL8Dialect does not need to be specified explicitly using 'hibernate.dialect' (remove the property setting and it will be selected by default)
2026-03-16T17:15:11.538+05:30  WARN 17244 --- [main] org.hibernate.orm.deprecation            : HHH90000026: MySQL8Dialect has been deprecated; use org.hibernate.dialect.MySQLDialect instead
2026-03-16T17:15:13.144+05:30  INFO 17244 --- [main] o.h.e.t.j.p.i.JtaPlatformInitiator       : HHH000489: No JTA platform available (set 'hibernate.transaction.jta.platform' to enable JTA platform integration)
2026-03-16T17:15:13.724+05:30  INFO 17244 --- [main] j.LocalContainerEntityManagerFactoryBean : Initialized JPA EntityManagerFactory for persistence unit 'default'
2026-03-16T17:15:14.190+05:30  INFO 17244 --- [main] o.s.d.j.r.query.QueryEnhancerFactory     : Hibernate is in classpath; If applicable, HQL parser will be used.
2026-03-16T17:15:17.547+05:30  WARN 17244 --- [main] JpaBaseConfiguration$JpaWebConfiguration : spring.jpa.open-in-view is enabled by default. Therefore, database queries may be performed during view rendering. Explicitly configure spring.jpa.open-in-view to disable this warning
2026-03-16T17:15:17.608+05:30  WARN 17244 --- [main] .s.s.UserDetailsServiceAutoConfiguration : 

Using generated security password: 969f8f81-8f65-4748-a939-5d9e7415b3f7

This generated password is for development use only. Your security configuration must be updated before running your application in production.

2026-03-16T17:15:18.544+05:30  INFO 17244 --- [main] o.s.s.web.DefaultSecurityFilterChain     : Will secure any request with [org.springframework.security.web.session.DisableEncodeUrlFilter@5402b18c, org.springframework.security.web.context.request.async.WebAsyncManagerIntegrationFilter@670738b2, org.springframework.security.web.context.SecurityContextHolderFilter@4e74adb, org.springframework.security.web.header.HeaderWriterFilter@32200389, org.springframework.web.filter.CorsFilter@56ff0feb, org.springframework.security.web.authentication.logout.LogoutFilter@61f18402, org.springframework.security.web.savedrequest.RequestCacheAwareFilter@30336205, org.springframework.security.web.servletapi.SecurityContextHolderAwareRequestFilter@787345aa, org.springframework.security.web.authentication.AnonymousAuthenticationFilter@7ca0b2cf, org.springframework.security.web.session.SessionManagementFilter@5d8c9945, org.springframework.security.web.access.ExceptionTranslationFilter@3c10ba31, org.springframework.security.web.access.intercept.AuthorizationFilter@445eed0b]
2026-03-16T17:15:19.167+05:30  INFO 17244 --- [main] o.s.b.w.embedded.tomcat.TomcatWebServer  : Tomcat started on port 8080 (http) with context path ''
2026-03-16T17:15:19.190+05:30  INFO 17244 --- [main] c.smartschool.api.SmsBackendApplication  : Started SmsBackendApplication in 11.443 seconds (process running for 12.153)
2026-03-16T17:19:22.011+05:30  INFO 17244 --- [SpringApplicationShutdownHook] j.LocalContainerEntityManagerFactoryBean : Closing JPA EntityManagerFactory for persistence unit 'default'
2026-03-16T17:19:22.020+05:30  INFO 17244 --- [SpringApplicationShutdownHook] com.zaxxer.hikari.HikariDataSource       : SmartSchoolHikariPool - Shutdown initiated...
2026-03-16T17:19:22.085+05:30  INFO 17244 --- [SpringApplicationShutdownHook] com.zaxxer.hikari.HikariDataSource       : SmartSchoolHikariPool - Shutdown completed.
2026-03-16T18:03:16.574+05:30  INFO 19016 --- [main] c.smartschool.api.SmsBackendApplication  : Starting SmsBackendApplication using Java 21.0.9 with PID 19016 (C:\smart-school-pro\sms-backend\sms-backend\target\classes started by nikun in C:\smart-school-pro\sms-backend)
2026-03-16T18:03:16.593+05:30  INFO 19016 --- [main] c.smartschool.api.SmsBackendApplication  : No active profile set, falling back to 1 default profile: "default"
2026-03-16T18:03:36.154+05:30  INFO 19016 --- [main] .s.d.r.c.RepositoryConfigurationDelegate : Bootstrapping Spring Data JPA repositories in DEFAULT mode.
2026-03-16T18:03:36.411+05:30  INFO 19016 --- [main] .s.d.r.c.RepositoryConfigurationDelegate : Finished Spring Data repository scanning in 245 ms. Found 18 JPA repository interfaces.
2026-03-16T18:03:45.041+05:30  INFO 19016 --- [main] o.s.b.w.embedded.tomcat.TomcatWebServer  : Tomcat initialized with port 8080 (http)
2026-03-16T18:03:45.117+05:30  INFO 19016 --- [main] o.apache.catalina.core.StandardService   : Starting service [Tomcat]
2026-03-16T18:03:45.120+05:30  INFO 19016 --- [main] o.apache.catalina.core.StandardEngine    : Starting Servlet engine: [Apache Tomcat/10.1.19]
2026-03-16T18:03:45.998+05:30  INFO 19016 --- [main] o.a.c.c.C.[Tomcat].[localhost].[/]       : Initializing Spring embedded WebApplicationContext
2026-03-16T18:03:45.998+05:30  INFO 19016 --- [main] w.s.c.ServletWebServerApplicationContext : Root WebApplicationContext: initialization completed in 27603 ms
2026-03-16T18:03:54.974+05:30  INFO 19016 --- [main] o.hibernate.jpa.internal.util.LogHelper  : HHH000204: Processing PersistenceUnitInfo [name: default]
2026-03-16T18:03:55.083+05:30  INFO 19016 --- [main] org.hibernate.Version                    : HHH000412: Hibernate ORM core version 6.4.4.Final
2026-03-16T18:03:55.133+05:30  INFO 19016 --- [main] o.h.c.internal.RegionFactoryInitiator    : HHH000026: Second-level cache disabled
2026-03-16T18:03:55.528+05:30  INFO 19016 --- [main] o.s.o.j.p.SpringPersistenceUnitInfo      : No LoadTimeWeaver setup: ignoring JPA class transformer
2026-03-16T18:03:55.573+05:30  INFO 19016 --- [main] com.zaxxer.hikari.HikariDataSource       : SmartSchoolHikariPool - Starting...
2026-03-16T18:03:55.881+05:30  INFO 19016 --- [main] com.zaxxer.hikari.pool.HikariPool        : SmartSchoolHikariPool - Added connection com.mysql.cj.jdbc.ConnectionImpl@7893c715
2026-03-16T18:03:55.883+05:30  INFO 19016 --- [main] com.zaxxer.hikari.HikariDataSource       : SmartSchoolHikariPool - Start completed.
2026-03-16T18:03:55.994+05:30  WARN 19016 --- [main] org.hibernate.orm.deprecation            : HHH90000025: MySQL8Dialect does not need to be specified explicitly using 'hibernate.dialect' (remove the property setting and it will be selected by default)
2026-03-16T18:03:55.995+05:30  WARN 19016 --- [main] org.hibernate.orm.deprecation            : HHH90000026: MySQL8Dialect has been deprecated; use org.hibernate.dialect.MySQLDialect instead
2026-03-16T18:03:57.859+05:30  INFO 19016 --- [main] o.h.e.t.j.p.i.JtaPlatformInitiator       : HHH000489: No JTA platform available (set 'hibernate.transaction.jta.platform' to enable JTA platform integration)
2026-03-16T18:03:58.375+05:30  INFO 19016 --- [main] j.LocalContainerEntityManagerFactoryBean : Initialized JPA EntityManagerFactory for persistence unit 'default'
2026-03-16T18:03:59.010+05:30  INFO 19016 --- [main] o.s.d.j.r.query.QueryEnhancerFactory     : Hibernate is in classpath; If applicable, HQL parser will be used.
2026-03-16T18:04:09.857+05:30  WARN 19016 --- [main] JpaBaseConfiguration$JpaWebConfiguration : spring.jpa.open-in-view is enabled by default. Therefore, database queries may be performed during view rendering. Explicitly configure spring.jpa.open-in-view to disable this warning
2026-03-16T18:04:09.885+05:30  WARN 19016 --- [main] .s.s.UserDetailsServiceAutoConfiguration : 

Using generated security password: aa50ab4c-9991-4e68-b681-a633780d234b

This generated password is for development use only. Your security configuration must be updated before running your application in production.

2026-03-16T18:04:11.823+05:30  INFO 19016 --- [main] o.s.s.web.DefaultSecurityFilterChain     : Will secure any request with [org.springframework.security.web.session.DisableEncodeUrlFilter@13d63185, org.springframework.security.web.context.request.async.WebAsyncManagerIntegrationFilter@a10723a, org.springframework.security.web.context.SecurityContextHolderFilter@1cca09bc, org.springframework.security.web.header.HeaderWriterFilter@54ba4f78, org.springframework.web.filter.CorsFilter@6f66fa18, org.springframework.security.web.authentication.logout.LogoutFilter@12278d1c, org.springframework.security.web.savedrequest.RequestCacheAwareFilter@77ffb5e9, org.springframework.security.web.servletapi.SecurityContextHolderAwareRequestFilter@290ee844, org.springframework.security.web.authentication.AnonymousAuthenticationFilter@7b7d69d1, org.springframework.security.web.session.SessionManagementFilter@163427b6, org.springframework.security.web.access.ExceptionTranslationFilter@c940eab, org.springframework.security.web.access.intercept.AuthorizationFilter@776dd64b]
2026-03-16T18:04:12.102+05:30  INFO 19016 --- [main] o.s.b.w.embedded.tomcat.TomcatWebServer  : Tomcat started on port 8080 (http) with context path ''
2026-03-16T18:04:12.112+05:30  INFO 19016 --- [main] c.smartschool.api.SmsBackendApplication  : Started SmsBackendApplication in 56.413 seconds (process running for 57.212)
2026-03-16T18:21:47.514+05:30  WARN 19016 --- [SmartSchoolHikariPool housekeeper] com.zaxxer.hikari.pool.HikariPool        : SmartSchoolHikariPool - Thread starvation or clock leap detected (housekeeper delta=3m21s267ms328µs100ns).
2026-03-16T18:33:17.983+05:30  WARN 19016 --- [SmartSchoolHikariPool housekeeper] com.zaxxer.hikari.pool.HikariPool        : SmartSchoolHikariPool - Thread starvation or clock leap detected (housekeeper delta=58s340ms154µs900ns).
2026-03-16T18:34:53.166+05:30  INFO 19016 --- [SpringApplicationShutdownHook] j.LocalContainerEntityManagerFactoryBean : Closing JPA EntityManagerFactory for persistence unit 'default'
2026-03-16T18:34:53.214+05:30  INFO 19016 --- [SpringApplicationShutdownHook] com.zaxxer.hikari.HikariDataSource       : SmartSchoolHikariPool - Shutdown initiated...
2026-03-16T18:34:53.229+05:30  INFO 19016 --- [SpringApplicationShutdownHook] com.zaxxer.hikari.HikariDataSource       : SmartSchoolHikariPool - Shutdown completed.
